/* 16x16 subtitle glyphs: Hangul, kana and JIS X 0208 kanji.
 * Rasterised from Nanum Gothic (Korean) and Noto Sans JP (Japanese), both under
 * the SIL Open Font License. Rows are 16 bits, most significant bit leftmost.
 * Generated by tools/gen_font16.py -- do not edit by hand. */
#ifndef MOFLEX_FONT16_H
#define MOFLEX_FONT16_H

static const unsigned short font16_hangul_cp[] = {0xAC00,0xAC01,0xAC04,0xAC07,0xAC08,0xAC09,0xAC0A,0xAC10,0xAC11,0xAC12,0xAC13,0xAC14,0xAC15,0xAC16,0xAC17,0xAC19,0xAC1A,0xAC1B,0xAC1C,0xAC1D,0xAC20,0xAC24,0xAC2C,0xAC2D,0xAC2F,0xAC30,0xAC31,0xAC38,0xAC39,0xAC3C,0xAC40,0xAC4B,0xAC4D,0xAC54,0xAC58,0xAC5C,0xAC70,0xAC71,0xAC74,0xAC77,0xAC78,0xAC7A,0xAC80,0xAC81,0xAC83,0xAC84,0xAC85,0xAC86,0xAC89,0xAC8A,0xAC8B,0xAC8C,0xAC90,0xAC94,0xAC9C,0xAC9D,0xAC9F,0xACA0,0xACA1,0xACA8,0xACA9,0xACAA,0xACAC,0xACAF,0xACB0,0xACB8,0xACB9,0xACBB,0xACBC,0xACBD,0xACC1,0xACC4,0xACC8,0xACCC,0xACD5,0xACD7,0xACE0,0xACE1,0xACE4,0xACE7,0xACE8,0xACEA,0xACEC,0xACEF,0xACF0,0xACF1,0xACF3,0xACF5,0xACF6,0xACFC,0xACFD,0xAD00,0xAD04,0xAD06,0xAD0C,0xAD0D,0xAD0F,0xAD11,0xAD18,0xAD1C,0xAD20,0xAD29,0xAD2C,0xAD2D,0xAD34,0xAD35,0xAD38,0xAD3C,0xAD44,0xAD45,0xAD47,0xAD49,0xAD50,0xAD54,0xAD58,0xAD61,0xAD63,0xAD6C,0xAD6D,0xAD70,0xAD73,0xAD74,0xAD75,0xAD76,0xAD7B,0xAD7C,0xAD7D,0xAD7F,0xAD81,0xAD82,0xAD88,0xAD89,0xAD8C,0xAD90,0xAD9C,0xAD9D,0xADA4,0xADB7,0xADC0,0xADC1,0xADC4,0xADC8,0xADD0,0xADD1,0xADD3,0xADDC,0xADE0,0xADE4,0xADF8,0xADF9,0xADFC,0xADFF,0xAE00,0xAE01,0xAE08,0xAE09,0xAE0B,0xAE0D,0xAE14,0xAE30,0xAE31,0xAE34,0xAE37,0xAE38,0xAE3A,0xAE40,0xAE41,0xAE43,0xAE45,0xAE46,0xAE4A,0xAE4C,0xAE4D,0xAE4E,0xAE50,0xAE54,0xAE56,0xAE5C,0xAE5D,0xAE5F,0xAE60,0xAE61,0xAE65,0xAE68,0xAE69,0xAE6C,0xAE70,0xAE78,0xAE79,0xAE7B,0xAE7C,0xAE7D,0xAE84,0xAE85,0xAE8C,0xAEBC,0xAEBD,0xAEBE,0xAEC0,0xAEC4,0xAECC,0xAECD,0xAECF,0xAED0,0xAED1,0xAED8,0xAED9,0xAEDC,0xAEE8,0xAEEB,0xAEED,0xAEF4,0xAEF8,0xAEFC,0xAF07,0xAF08,0xAF0D,0xAF10,0xAF2C,0xAF2D,0xAF30,0xAF32,0xAF34,0xAF3C,0xAF3D,0xAF3F,0xAF41,0xAF42,0xAF43,0xAF48,0xAF49,0xAF50,0xAF5C,0xAF5D,0xAF64,0xAF65,0xAF79,0xAF80,0xAF84,0xAF88,0xAF90,0xAF91,0xAF95,0xAF9C,0xAFB8,0xAFB9,0xAFBC,0xAFC0,0xAFC7,0xAFC8,0xAFC9,0xAFCB,0xAFCD,0xAFCE,0xAFD4,0xAFDC,0xAFE8,0xAFE9,0xAFF0,0xAFF1,0xAFF4,0xAFF8,0xB000,0xB001,0xB004,0xB00C,0xB010,0xB014,0xB01C,0xB01D,0xB028,0xB044,0xB045,0xB048,0xB04A,0xB04C,0xB04E,0xB053,0xB054,0xB055,0xB057,0xB059,0xB05D,0xB07C,0xB07D,0xB080,0xB084,0xB08C,0xB08D,0xB08F,0xB091,0xB098,0xB099,0xB09A,0xB09C,0xB09F,0xB0A0,0xB0A1,0xB0A2,0xB0A8,0xB0A9,0xB0AB,0xB0AC,0xB0AD,0xB0AE,0xB0AF,0xB0B1,0xB0B3,0xB0B4,0xB0B5,0xB0B8,0xB0BC,0xB0C4,0xB0C5,0xB0C7,0xB0C8,0xB0C9,0xB0D0,0xB0D1,0xB0D4,0xB0D8,0xB0E0,0xB0E5,0xB108,0xB109,0xB10B,0xB10C,0xB110,0xB112,0xB113,0xB118,0xB119,0xB11B,0xB11C,0xB11D,0xB123,0xB124,0xB125,0xB128,0xB12C,0xB134,0xB135,0xB137,0xB138,0xB139,0xB140,0xB141,0xB144,0xB148,0xB150,0xB151,0xB154,0xB155,0xB158,0xB15C,0xB160,0xB178,0xB179,0xB17C,0xB180,0xB182,0xB188,0xB189,0xB18B,0xB18D,0xB192,0xB193,0xB194,0xB198,0xB19C,0xB1A8,0xB1CC,0xB1D0,0xB1D4,0xB1DC,0xB1DD,0xB1DF,0xB1E8,0xB1E9,0xB1EC,0xB1F0,0xB1F9,0xB1FB,0xB1FD,0xB204,0xB205,0xB208,0xB20B,0xB20C,0xB214,0xB215,0xB217,0xB219,0xB220,0xB234,0xB23C,0xB258,0xB25C,0xB260,0xB268,0xB269,0xB274,0xB275,0xB27C,0xB284,0xB285,0xB289,0xB290,0xB291,0xB294,0xB298,0xB299,0xB29A,0xB2A0,0xB2A1,0xB2A3,0xB2A5,0xB2A6,0xB2AA,0xB2AC,0xB2B0,0xB2B4,0xB2C8,0xB2C9,0xB2CC,0xB2D0,0xB2D2,0xB2D8,0xB2D9,0xB2DB,0xB2DD,0xB2E2,0xB2E4,0xB2E5,0xB2E6,0xB2E8,0xB2EB,0xB2EC,0xB2ED,0xB2EE,0xB2EF,0xB2F3,0xB2F4,0xB2F5,0xB2F7,0xB2F8,0xB2F9,0xB2FA,0xB2FB,0xB2FF,0xB300,0xB301,0xB304,0xB308,0xB310,0xB311,0xB313,0xB314,0xB315,0xB31C,0xB354,0xB355,0xB356,0xB358,0xB35B,0xB35C,0xB35E,0xB35F,0xB364,0xB365,0xB367,0xB369,0xB36B,0xB36E,0xB370,0xB371,0xB374,0xB378,0xB380,0xB381,0xB383,0xB384,0xB385,0xB38C,0xB390,0xB394,0xB3A0,0xB3A1,0xB3A8,0xB3AC,0xB3C4,0xB3C5,0xB3C8,0xB3CB,0xB3CC,0xB3CE,0xB3D0,0xB3D4,0xB3D5,0xB3D7,0xB3D9,0xB3DB,0xB3DD,0xB3E0,0xB3E4,0xB3E8,0xB3FC,0xB410,0xB418,0xB41C,0xB420,0xB428,0xB429,0xB42B,0xB434,0xB450,0xB451,0xB454,0xB458,0xB460,0xB461,0xB463,0xB465,0xB46C,0xB480,0xB488,0xB49D,0xB4A4,0xB4A8,0xB4AC,0xB4B5,0xB4B7,0xB4B9,0xB4C0,0xB4C4,0xB4C8,0xB4D0,0xB4D5,0xB4DC,0xB4DD,0xB4E0,0xB4E3,0xB4E4,0xB4E6,0xB4EC,0xB4ED,0xB4EF,0xB4F1,0xB4F8,0xB514,0xB515,0xB518,0xB51B,0xB51C,0xB524,0xB525,0xB527,0xB528,0xB529,0xB52A,0xB530,0xB531,0xB534,0xB538,0xB540,0xB541,0xB543,0xB544,0xB545,0xB54B,0xB54C,0xB54D,0xB550,0xB554,0xB55C,0xB55D,0xB55F,0xB560,0xB561,0xB5A0,0xB5A1,0xB5A4,0xB5A8,0xB5AA,0xB5AB,0xB5B0,0xB5B1,0xB5B3,0xB5B4,0xB5B5,0xB5BB,0xB5BC,0xB5BD,0xB5C0,0xB5C4,0xB5CC,0xB5CD,0xB5CF,0xB5D0,0xB5D1,0xB5D8,0xB5EC,0xB610,0xB611,0xB614,0xB618,0xB625,0xB62C,0xB634,0xB648,0xB664,0xB668,0xB69C,0xB69D,0xB6A0,0xB6A4,0xB6AB,0xB6AC,0xB6B1,0xB6D4,0xB6F0,0xB6F4,0xB6F8,0xB700,0xB701,0xB705,0xB728,0xB729,0xB72C,0xB72F,0xB730,0xB738,0xB739,0xB73B,0xB744,0xB748,0xB74C,0xB754,0xB755,0xB760,0xB764,0xB768,0xB770,0xB771,0xB773,0xB775,0xB77C,0xB77D,0xB780,0xB784,0xB78C,0xB78D,0xB78F,0xB790,0xB791,0xB792,0xB796,0xB797,0xB798,0xB799,0xB79C,0xB7A0,0xB7A8,0xB7A9,0xB7AB,0xB7AC,0xB7AD,0xB7B4,0xB7B5,0xB7B8,0xB7C7,0xB7C9,0xB7EC,0xB7ED,0xB7F0,0xB7F4,0xB7FC,0xB7FD,0xB7FF,0xB800,0xB801,0xB807,0xB808,0xB809,0xB80C,0xB810,0xB818,0xB819,0xB81B,0xB81D,0xB824,0xB825,0xB828,0xB82C,0xB834,0xB835,0xB837,0xB838,0xB839,0xB840,0xB844,0xB851,0xB853,0xB85C,0xB85D,0xB860,0xB864,0xB86C,0xB86D,0xB86F,0xB871,0xB878,0xB87C,0xB88D,0xB8A8,0xB8B0,0xB8B4,0xB8B8,0xB8C0,0xB8C1,0xB8C3,0xB8C5,0xB8CC,0xB8D0,0xB8D4,0xB8DD,0xB8DF,0xB8E1,0xB8E8,0xB8E9,0xB8EC,0xB8F0,0xB8F8,0xB8F9,0xB8FB,0xB8FD,0xB904,0xB918,0xB920,0xB93C,0xB93D,0xB940,0xB944,0xB94C,0xB94F,0xB951,0xB958,0xB959,0xB95C,0xB960,0xB968,0xB969,0xB96B,0xB96D,0xB974,0xB975,0xB978,0xB97C,0xB984,0xB985,0xB987,0xB989,0xB98A,0xB98D,0xB98E,0xB9AC,0xB9AD,0xB9B0,0xB9B4,0xB9BC,0xB9BD,0xB9BF,0xB9C1,0xB9C8,0xB9C9,0xB9CC,0xB9CE,0xB9CF,0xB9D0,0xB9D1,0xB9D2,0xB9D8,0xB9D9,0xB9DB,0xB9DD,0xB9DE,0xB9E1,0xB9E3,0xB9E4,0xB9E5,0xB9E8,0xB9EC,0xB9F4,0xB9F5,0xB9F7,0xB9F8,0xB9F9,0xB9FA,0xBA00,0xBA01,0xBA08,0xBA15,0xBA38,0xBA39,0xBA3C,0xBA40,0xBA42,0xBA48,0xBA49,0xBA4B,0xBA4D,0xBA4E,0xBA53,0xBA54,0xBA55,0xBA58,0xBA5C,0xBA64,0xBA65,0xBA67,0xBA68,0xBA69,0xBA70,0xBA71,0xBA74,0xBA78,0xBA83,0xBA84,0xBA85,0xBA87,0xBA8C,0xBAA8,0xBAA9,0xBAAB,0xBAAC,0xBAB0,0xBAB2,0xBAB8,0xBAB9,0xBABB,0xBABD,0xBAC4,0xBAC8,0xBAD8,0xBAD9,0xBAFC,0xBB00,0xBB04,0xBB0D,0xBB0F,0xBB11,0xBB18,0xBB1C,0xBB20,0xBB29,0xBB2B,0xBB34,0xBB35,0xBB36,0xBB38,0xBB3B,0xBB3C,0xBB3D,0xBB3E,0xBB44,0xBB45,0xBB47,0xBB49,0xBB4D,0xBB4F,0xBB50,0xBB54,0xBB58,0xBB61,0xBB63,0xBB6C,0xBB88,0xBB8C,0xBB90,0xBBA4,0xBBA8,0xBBAC,0xBBB4,0xBBB7,0xBBC0,0xBBC4,0xBBC8,0xBBD0,0xBBD3,0xBBF8,0xBBF9,0xBBFC,0xBBFF,0xBC00,0xBC02,0xBC08,0xBC09,0xBC0B,0xBC0C,0xBC0D,0xBC0F,0xBC11,0xBC14,0xBC15,0xBC16,0xBC17,0xBC18,0xBC1B,0xBC1C,0xBC1D,0xBC1E,0xBC1F,0xBC24,0xBC25,0xBC27,0xBC29,0xBC2D,0xBC30,0xBC31,0xBC34,0xBC38,0xBC40,0xBC41,0xBC43,0xBC44,0xBC45,0xBC49,0xBC4C,0xBC4D,0xBC50,0xBC5D,0xBC84,0xBC85,0xBC88,0xBC8B,0xBC8C,0xBC8E,0xBC94,0xBC95,0xBC97,0xBC99,0xBC9A,0xBCA0,0xBCA1,0xBCA4,0xBCA7,0xBCA8,0xBCB0,0xBCB1,0xBCB3,0xBCB4,0xBCB5,0xBCBC,0xBCBD,0xBCC0,0xBCC4,0xBCCD,0xBCCF,0xBCD0,0xBCD1,0xBCD5,0xBCD8,0xBCDC,0xBCF4,0xBCF5,0xBCF6,0xBCF8,0xBCFC,0xBD04,0xBD05,0xBD07,0xBD09,0xBD10,0xBD14,0xBD24,0xBD2C,0xBD40,0xBD48,0xBD49,0xBD4C,0xBD50,0xBD58,0xBD59,0xBD64,0xBD68,0xBD80,0xBD81,0xBD84,0xBD87,0xBD88,0xBD89,0xBD8A,0xBD90,0xBD91,0xBD93,0xBD95,0xBD99,0xBD9A,0xBD9C,0xBDA4,0xBDB0,0xBDB8,0xBDD4,0xBDD5,0xBDD8,0xBDDC,0xBDE9,0xBDF0,0xBDF4,0xBDF8,0xBE00,0xBE03,0xBE05,0xBE0C,0xBE0D,0xBE10,0xBE14,0xBE1C,0xBE1D,0xBE1F,0xBE44,0xBE45,0xBE48,0xBE4C,0xBE4E,0xBE54,0xBE55,0xBE57,0xBE59,0xBE5A,0xBE5B,0xBE60,0xBE61,0xBE64,0xBE68,0xBE6A,0xBE70,0xBE71,0xBE73,0xBE74,0xBE75,0xBE7B,0xBE7C,0xBE7D,0xBE80,0xBE84,0xBE8C,0xBE8D,0xBE8F,0xBE90,0xBE91,0xBE98,0xBE99,0xBEA8,0xBED0,0xBED1,0xBED4,0xBED7,0xBED8,0xBEE0,0xBEE3,0xBEE4,0xBEE5,0xBEEC,0xBF01,0xBF08,0xBF09,0xBF18,0xBF19,0xBF1B,0xBF1C,0xBF1D,0xBF40,0xBF41,0xBF44,0xBF48,0xBF50,0xBF51,0xBF55,0xBF94,0xBFB0,0xBFC5,0xBFCC,0xBFCD,0xBFD0,0xBFD4,0xBFDC,0xBFDF,0xBFE1,0xC03C,0xC051,0xC058,0xC05C,0xC060,0xC068,0xC069,0xC090,0xC091,0xC094,0xC098,0xC0A0,0xC0A1,0xC0A3,0xC0A5,0xC0AC,0xC0AD,0xC0AF,0xC0B0,0xC0B3,0xC0B4,0xC0B5,0xC0B6,0xC0BC,0xC0BD,0xC0BF,0xC0C0,0xC0C1,0xC0C5,0xC0C8,0xC0C9,0xC0CC,0xC0D0,0xC0D8,0xC0D9,0xC0DB,0xC0DC,0xC0DD,0xC0E4,0xC0E5,0xC0E8,0xC0EC,0xC0F4,0xC0F5,0xC0F7,0xC0F9,0xC100,0xC104,0xC108,0xC110,0xC115,0xC11C,0xC11D,0xC11E,0xC11F,0xC120,0xC123,0xC124,0xC126,0xC127,0xC12C,0xC12D,0xC12F,0xC130,0xC131,0xC136,0xC138,0xC139,0xC13C,0xC140,0xC148,0xC149,0xC14B,0xC14C,0xC14D,0xC154,0xC155,0xC158,0xC15C,0xC164,0xC165,0xC167,0xC168,0xC169,0xC170,0xC174,0xC178,0xC185,0xC18C,0xC18D,0xC18E,0xC190,0xC194,0xC196,0xC19C,0xC19D,0xC19F,0xC1A1,0xC1A5,0xC1A8,0xC1A9,0xC1AC,0xC1B0,0xC1BD,0xC1C4,0xC1C8,0xC1CC,0xC1D4,0xC1D7,0xC1D8,0xC1E0,0xC1E4,0xC1E8,0xC1F0,0xC1F1,0xC1F3,0xC1FC,0xC1FD,0xC200,0xC204,0xC20C,0xC20D,0xC20F,0xC211,0xC218,0xC219,0xC21C,0xC21F,0xC220,0xC228,0xC229,0xC22B,0xC22D,0xC22F,0xC231,0xC232,0xC234,0xC248,0xC250,0xC251,0xC254,0xC258,0xC260,0xC265,0xC26C,0xC26D,0xC270,0xC274,0xC27C,0xC27D,0xC27F,0xC281,0xC288,0xC289,0xC290,0xC298,0xC29B,0xC29D,0xC2A4,0xC2A5,0xC2A8,0xC2AC,0xC2AD,0xC2B4,0xC2B5,0xC2B7,0xC2B9,0xC2DC,0xC2DD,0xC2E0,0xC2E3,0xC2E4,0xC2EB,0xC2EC,0xC2ED,0xC2EF,0xC2F1,0xC2F6,0xC2F8,0xC2F9,0xC2FB,0xC2FC,0xC300,0xC308,0xC309,0xC30C,0xC30D,0xC313,0xC314,0xC315,0xC318,0xC31C,0xC324,0xC325,0xC328,0xC329,0xC345,0xC368,0xC369,0xC36C,0xC370,0xC372,0xC378,0xC379,0xC37C,0xC37D,0xC384,0xC388,0xC38C,0xC3C0,0xC3D8,0xC3D9,0xC3DC,0xC3DF,0xC3E0,0xC3E2,0xC3E8,0xC3E9,0xC3ED,0xC3F4,0xC3F5,0xC3F8,0xC408,0xC410,0xC424,0xC42C,0xC430,0xC434,0xC43C,0xC43D,0xC448,0xC464,0xC465,0xC468,0xC46C,0xC474,0xC475,0xC479,0xC480,0xC494,0xC49C,0xC4B8,0xC4BC,0xC4E9,0xC4F0,0xC4F1,0xC4F4,0xC4F8,0xC4FA,0xC4FF,0xC500,0xC501,0xC50C,0xC510,0xC514,0xC51C,0xC528,0xC529,0xC52C,0xC530,0xC538,0xC539,0xC53B,0xC53D,0xC544,0xC545,0xC548,0xC549,0xC54A,0xC54C,0xC54D,0xC54E,0xC553,0xC554,0xC555,0xC557,0xC558,0xC559,0xC55D,0xC55E,0xC560,0xC561,0xC564,0xC568,0xC570,0xC571,0xC573,0xC574,0xC575,0xC57C,0xC57D,0xC580,0xC584,0xC587,0xC58C,0xC58D,0xC58F,0xC591,0xC595,0xC597,0xC598,0xC59C,0xC5A0,0xC5A9,0xC5B4,0xC5B5,0xC5B8,0xC5B9,0xC5BB,0xC5BC,0xC5BD,0xC5BE,0xC5C4,0xC5C5,0xC5C6,0xC5C7,0xC5C8,0xC5C9,0xC5CA,0xC5CC,0xC5CE,0xC5D0,0xC5D1,0xC5D4,0xC5D8,0xC5E0,0xC5E1,0xC5E3,0xC5E5,0xC5EC,0xC5ED,0xC5EE,0xC5F0,0xC5F4,0xC5F6,0xC5F7,0xC5FC,0xC5FD,0xC5FE,0xC5FF,0xC600,0xC601,0xC605,0xC606,0xC607,0xC608,0xC60C,0xC610,0xC618,0xC619,0xC61B,0xC61C,0xC624,0xC625,0xC628,0xC62C,0xC62D,0xC62E,0xC630,0xC633,0xC634,0xC635,0xC637,0xC639,0xC63B,0xC640,0xC641,0xC644,0xC648,0xC650,0xC651,0xC653,0xC654,0xC655,0xC65C,0xC65D,0xC660,0xC66C,0xC66F,0xC671,0xC678,0xC679,0xC67C,0xC680,0xC688,0xC689,0xC68B,0xC68D,0xC694,0xC695,0xC698,0xC69C,0xC6A4,0xC6A5,0xC6A7,0xC6A9,0xC6B0,0xC6B1,0xC6B4,0xC6B8,0xC6B9,0xC6BA,0xC6C0,0xC6C1,0xC6C3,0xC6C5,0xC6CC,0xC6CD,0xC6D0,0xC6D4,0xC6DC,0xC6DD,0xC6E0,0xC6E1,0xC6E8,0xC6E9,0xC6EC,0xC6F0,0xC6F8,0xC6F9,0xC6FD,0xC704,0xC705,0xC708,0xC70C,0xC714,0xC715,0xC717,0xC719,0xC720,0xC721,0xC724,0xC728,0xC730,0xC731,0xC733,0xC735,0xC737,0xC73C,0xC73D,0xC740,0xC744,0xC74A,0xC74C,0xC74D,0xC74F,0xC751,0xC752,0xC753,0xC754,0xC755,0xC756,0xC757,0xC758,0xC75C,0xC760,0xC768,0xC76B,0xC774,0xC775,0xC778,0xC77C,0xC77D,0xC77E,0xC783,0xC784,0xC785,0xC787,0xC788,0xC789,0xC78A,0xC78E,0xC790,0xC791,0xC794,0xC796,0xC797,0xC798,0xC79A,0xC7A0,0xC7A1,0xC7A3,0xC7A4,0xC7A5,0xC7A6,0xC7AC,0xC7AD,0xC7B0,0xC7B4,0xC7BC,0xC7BD,0xC7BF,0xC7C0,0xC7C1,0xC7C8,0xC7C9,0xC7CC,0xC7CE,0xC7D0,0xC7D8,0xC7DD,0xC7E4,0xC7E8,0xC7EC,0xC800,0xC801,0xC804,0xC808,0xC80A,0xC810,0xC811,0xC813,0xC815,0xC816,0xC81C,0xC81D,0xC820,0xC824,0xC82C,0xC82D,0xC82F,0xC831,0xC838,0xC83C,0xC840,0xC848,0xC849,0xC84C,0xC84D,0xC854,0xC870,0xC871,0xC874,0xC878,0xC87A,0xC880,0xC881,0xC883,0xC885,0xC886,0xC887,0xC88B,0xC88C,0xC88D,0xC894,0xC89D,0xC89F,0xC8A1,0xC8A8,0xC8BC,0xC8BD,0xC8C4,0xC8C8,0xC8CC,0xC8D4,0xC8D5,0xC8D7,0xC8D9,0xC8E0,0xC8E1,0xC8E4,0xC8F5,0xC8FC,0xC8FD,0xC900,0xC904,0xC905,0xC906,0xC90C,0xC90D,0xC90F,0xC911,0xC918,0xC92C,0xC934,0xC950,0xC951,0xC954,0xC958,0xC960,0xC961,0xC963,0xC96C,0xC970,0xC974,0xC97C,0xC988,0xC989,0xC98C,0xC990,0xC998,0xC999,0xC99B,0xC99D,0xC9C0,0xC9C1,0xC9C4,0xC9C7,0xC9C8,0xC9CA,0xC9D0,0xC9D1,0xC9D3,0xC9D5,0xC9D6,0xC9D9,0xC9DA,0xC9DC,0xC9DD,0xC9E0,0xC9E2,0xC9E4,0xC9E7,0xC9EC,0xC9ED,0xC9EF,0xC9F0,0xC9F1,0xC9F8,0xC9F9,0xC9FC,0xCA00,0xCA08,0xCA09,0xCA0B,0xCA0C,0xCA0D,0xCA14,0xCA18,0xCA29,0xCA4C,0xCA4D,0xCA50,0xCA54,0xCA5C,0xCA5D,0xCA5F,0xCA60,0xCA61,0xCA68,0xCA7D,0xCA84,0xCA98,0xCABC,0xCABD,0xCAC0,0xCAC4,0xCACC,0xCACD,0xCACF,0xCAD1,0xCAD3,0xCAD8,0xCAD9,0xCAE0,0xCAEC,0xCAF4,0xCB08,0xCB10,0xCB14,0xCB18,0xCB20,0xCB21,0xCB41,0xCB48,0xCB49,0xCB4C,0xCB50,0xCB58,0xCB59,0xCB5D,0xCB64,0xCB78,0xCB79,0xCB9C,0xCBB8,0xCBD4,0xCBE4,0xCBE7,0xCBE9,0xCC0C,0xCC0D,0xCC10,0xCC14,0xCC1C,0xCC1D,0xCC21,0xCC22,0xCC27,0xCC28,0xCC29,0xCC2C,0xCC2E,0xCC30,0xCC38,0xCC39,0xCC3B,0xCC3C,0xCC3D,0xCC3E,0xCC44,0xCC45,0xCC48,0xCC4C,0xCC54,0xCC55,0xCC57,0xCC58,0xCC59,0xCC60,0xCC64,0xCC66,0xCC68,0xCC70,0xCC75,0xCC98,0xCC99,0xCC9C,0xCCA0,0xCCA8,0xCCA9,0xCCAB,0xCCAC,0xCCAD,0xCCB4,0xCCB5,0xCCB8,0xCCBC,0xCCC4,0xCCC5,0xCCC7,0xCCC9,0xCCD0,0xCCD4,0xCCE4,0xCCEC,0xCCF0,0xCD01,0xCD08,0xCD09,0xCD0C,0xCD10,0xCD18,0xCD19,0xCD1B,0xCD1D,0xCD24,0xCD28,0xCD2C,0xCD39,0xCD5C,0xCD60,0xCD64,0xCD6C,0xCD6D,0xCD6F,0xCD71,0xCD78,0xCD88,0xCD94,0xCD95,0xCD98,0xCD9C,0xCDA4,0xCDA5,0xCDA7,0xCDA9,0xCDB0,0xCDC4,0xCDCC,0xCDD0,0xCDE8,0xCDEC,0xCDF0,0xCDF8,0xCDF9,0xCDFB,0xCDFD,0xCE04,0xCE08,0xCE0C,0xCE14,0xCE19,0xCE20,0xCE21,0xCE24,0xCE28,0xCE30,0xCE31,0xCE33,0xCE35,0xCE58,0xCE59,0xCE5C,0xCE5F,0xCE60,0xCE61,0xCE68,0xCE69,0xCE6B,0xCE6D,0xCE74,0xCE75,0xCE78,0xCE7C,0xCE84,0xCE85,0xCE87,0xCE89,0xCE90,0xCE91,0xCE94,0xCE98,0xCEA0,0xCEA1,0xCEA3,0xCEA4,0xCEA5,0xCEAC,0xCEAD,0xCEC1,0xCEE4,0xCEE5,0xCEE8,0xCEEB,0xCEEC,0xCEF4,0xCEF5,0xCEF7,0xCEF8,0xCEF9,0xCF00,0xCF01,0xCF04,0xCF08,0xCF10,0xCF11,0xCF13,0xCF15,0xCF1C,0xCF20,0xCF24,0xCF2C,0xCF2D,0xCF2F,0xCF30,0xCF31,0xCF38,0xCF54,0xCF55,0xCF58,0xCF5C,0xCF64,0xCF65,0xCF67,0xCF69,0xCF70,0xCF71,0xCF74,0xCF78,0xCF80,0xCF85,0xCF8C,0xCFA1,0xCFA8,0xCFB0,0xCFC4,0xCFE0,0xCFE1,0xCFE4,0xCFE8,0xCFF0,0xCFF1,0xCFF3,0xCFF5,0xCFFC,0xD000,0xD004,0xD011,0xD018,0xD02D,0xD034,0xD035,0xD038,0xD03C,0xD044,0xD045,0xD047,0xD049,0xD050,0xD054,0xD058,0xD060,0xD06C,0xD06D,0xD070,0xD074,0xD07C,0xD07D,0xD081,0xD0A4,0xD0A5,0xD0A8,0xD0AC,0xD0B4,0xD0B5,0xD0B7,0xD0B9,0xD0C0,0xD0C1,0xD0C4,0xD0C8,0xD0C9,0xD0D0,0xD0D1,0xD0D3,0xD0D4,0xD0D5,0xD0DC,0xD0DD,0xD0E0,0xD0E4,0xD0EC,0xD0ED,0xD0EF,0xD0F0,0xD0F1,0xD0F8,0xD10D,0xD130,0xD131,0xD134,0xD138,0xD13A,0xD140,0xD141,0xD143,0xD144,0xD145,0xD14C,0xD14D,0xD150,0xD154,0xD15C,0xD15D,0xD15F,0xD161,0xD168,0xD16C,0xD17C,0xD184,0xD188,0xD1A0,0xD1A1,0xD1A4,0xD1A8,0xD1B0,0xD1B1,0xD1B3,0xD1B5,0xD1BA,0xD1BC,0xD1C0,0xD1D8,0xD1F4,0xD1F8,0xD207,0xD209,0xD210,0xD22C,0xD22D,0xD230,0xD234,0xD23C,0xD23D,0xD23F,0xD241,0xD248,0xD25C,0xD264,0xD280,0xD281,0xD284,0xD288,0xD290,0xD291,0xD295,0xD29C,0xD2A0,0xD2A4,0xD2AC,0xD2B1,0xD2B8,0xD2B9,0xD2BC,0xD2BF,0xD2C0,0xD2C2,0xD2C8,0xD2C9,0xD2CB,0xD2D4,0xD2D8,0xD2DC,0xD2E4,0xD2E5,0xD2F0,0xD2F1,0xD2F4,0xD2F8,0xD300,0xD301,0xD303,0xD305,0xD30C,0xD30D,0xD30E,0xD310,0xD314,0xD316,0xD31C,0xD31D,0xD31F,0xD320,0xD321,0xD325,0xD328,0xD329,0xD32C,0xD330,0xD338,0xD339,0xD33B,0xD33C,0xD33D,0xD344,0xD345,0xD37C,0xD37D,0xD380,0xD384,0xD38C,0xD38D,0xD38F,0xD390,0xD391,0xD398,0xD399,0xD39C,0xD3A0,0xD3A8,0xD3A9,0xD3AB,0xD3AD,0xD3B4,0xD3B8,0xD3BC,0xD3C4,0xD3C5,0xD3C8,0xD3C9,0xD3D0,0xD3D8,0xD3E1,0xD3E3,0xD3EC,0xD3ED,0xD3F0,0xD3F4,0xD3FC,0xD3FD,0xD3FF,0xD401,0xD408,0xD41D,0xD440,0xD444,0xD45C,0xD460,0xD464,0xD46D,0xD46F,0xD478,0xD479,0xD47C,0xD47F,0xD480,0xD482,0xD488,0xD489,0xD48B,0xD48D,0xD494,0xD4A9,0xD4CC,0xD4D0,0xD4D4,0xD4DC,0xD4DF,0xD4E8,0xD4EC,0xD4F0,0xD4F8,0xD4FB,0xD4FD,0xD504,0xD508,0xD50C,0xD514,0xD515,0xD517,0xD53C,0xD53D,0xD540,0xD544,0xD54C,0xD54D,0xD54F,0xD551,0xD558,0xD559,0xD55C,0xD560,0xD565,0xD568,0xD569,0xD56B,0xD56D,0xD574,0xD575,0xD578,0xD57C,0xD584,0xD585,0xD587,0xD588,0xD589,0xD590,0xD5A5,0xD5C8,0xD5C9,0xD5CC,0xD5D0,0xD5D2,0xD5D8,0xD5D9,0xD5DB,0xD5DD,0xD5E4,0xD5E5,0xD5E8,0xD5EC,0xD5F4,0xD5F5,0xD5F7,0xD5F9,0xD600,0xD601,0xD604,0xD608,0xD610,0xD611,0xD613,0xD614,0xD615,0xD61C,0xD620,0xD624,0xD62D,0xD638,0xD639,0xD63C,0xD640,0xD645,0xD648,0xD649,0xD64B,0xD64D,0xD651,0xD654,0xD655,0xD658,0xD65C,0xD667,0xD669,0xD670,0xD671,0xD674,0xD683,0xD685,0xD68C,0xD68D,0xD690,0xD694,0xD69D,0xD69F,0xD6A1,0xD6A8,0xD6AC,0xD6B0,0xD6B9,0xD6BB,0xD6C4,0xD6C5,0xD6C8,0xD6CC,0xD6D1,0xD6D4,0xD6D7,0xD6D9,0xD6E0,0xD6E4,0xD6E8,0xD6F0,0xD6F5,0xD6FC,0xD6FD,0xD700,0xD704,0xD711,0xD718,0xD719,0xD71C,0xD720,0xD728,0xD729,0xD72B,0xD72D,0xD734,0xD735,0xD738,0xD73C,0xD744,0xD747,0xD749,0xD750,0xD751,0xD754,0xD756,0xD757,0xD758,0xD759,0xD760,0xD761,0xD763,0xD765,0xD769,0xD76C,0xD770,0xD774,0xD77C,0xD77D,0xD781,0xD788,0xD789,0xD78C,0xD790,0xD798,0xD799,0xD79B,0xD79D};
#define FONT16_HANGUL_N ((int)(sizeof font16_hangul_cp / sizeof font16_hangul_cp[0]))
#define FONT16_KANA_LO   0x3000
#define FONT16_KANA_HI   0x30FF

static const unsigned short font16_hangul[][16] = {
  {0x0010,0x3F10,0x0110,0x0110,0x0110,0x0210,0x021C,0x0410,0x0810,0x1810,0x6010,0x4010,0x0010,0x0010,0x0010,0x0000},  /* U+AC00 */
  {0x0000,0x0010,0x7F10,0x0110,0x0110,0x021C,0x0610,0x0C10,0x1810,0x6010,0x1FF0,0x0010,0x0010,0x0010,0x0010,0x0000},  /* U+AC01 */
  {0x0000,0x0010,0x7F10,0x0110,0x0110,0x0210,0x061C,0x0C10,0x1810,0x6010,0x1010,0x1010,0x1000,0x1000,0x1FF8,0x0000},  /* U+AC04 */
  {0x0000,0x3F10,0x0110,0x0110,0x0210,0x061C,0x0C10,0x1810,0x6010,0x0010,0x1FF0,0x1000,0x1000,0x1000,0x1FF0,0x0000},  /* U+AC07 */
  {0x3F10,0x0110,0x0110,0x021C,0x0610,0x0C10,0x3010,0x4000,0x1FF0,0x0010,0x0010,0x1FF0,0x1000,0x1000,0x1FF0,0x0000},  /* U+AC08 */
  {0x3F10,0x0110,0x0110,0x021C,0x0610,0x0810,0x7010,0x4010,0x1FF0,0x0210,0x0210,0x1E10,0x1010,0x1010,0x1F10,0x0000},  /* U+AC09 */
  {0x3F10,0x0110,0x0110,0x021C,0x0610,0x0810,0x7010,0x4010,0x3EF0,0x0290,0x0290,0x3E90,0x2090,0x2090,0x3EF0,0x0000},  /* U+AC0A */
  {0x0000,0x3F10,0x0110,0x0110,0x0210,0x061C,0x0C10,0x1810,0x6010,0x0000,0x1FF0,0x1010,0x1010,0x1010,0x1FF0,0x0000},  /* U+AC10 */
  {0x0010,0x3F10,0x0110,0x0110,0x021C,0x0610,0x0C10,0x3010,0x6000,0x1010,0x1010,0x1FF0,0x1010,0x1010,0x1FF0,0x0000},  /* U+AC11 */
  {0x0010,0x3F10,0x0110,0x0110,0x021C,0x0610,0x0C10,0x3010,0x4000,0x0000,0x1120,0x1120,0x1F20,0x1150,0x11C8,0x1F80},  /* U+AC12 */
  {0x0000,0x0010,0x7F10,0x0110,0x0110,0x021C,0x0610,0x0C10,0x1810,0x6010,0x0100,0x0380,0x0280,0x0C60,0x3818,0x0000},  /* U+AC13 */
  {0x0000,0x3F10,0x0110,0x0110,0x0210,0x061C,0x0C10,0x1810,0x6010,0x0420,0x0420,0x0420,0x0E50,0x1A58,0x318C,0x0000},  /* U+AC14 */
  {0x3F10,0x0110,0x0110,0x0210,0x061C,0x0C10,0x1810,0x6010,0x0010,0x07C0,0x0830,0x1010,0x1010,0x0830,0x07C0,0x0000},  /* U+AC15 */
  {0x0000,0x3F10,0x0110,0x0110,0x0210,0x061C,0x0C10,0x3010,0x4010,0x0010,0x0FF0,0x0030,0x0060,0x01E0,0x1E1C,0x0000},  /* U+AC16 */
  {0x3F10,0x0110,0x0110,0x021C,0x0610,0x0C10,0x3010,0x4010,0x03C0,0x0000,0x1FF0,0x0030,0x00C0,0x0FF8,0x1004,0x0000},  /* U+AC17 */
  {0x3F10,0x0110,0x0110,0x021C,0x0610,0x0C10,0x3010,0x4000,0x1FF0,0x1000,0x1000,0x1FF0,0x1000,0x1000,0x1FF0,0x0000},  /* U+AC19 */
  {0x0000,0x3F10,0x0110,0x0110,0x0210,0x061C,0x0C10,0x1810,0x6010,0x0010,0x1FF8,0x0420,0x0420,0x0420,0x1FF8,0x0000},  /* U+AC1A */
  {0x3F10,0x0110,0x0110,0x021C,0x0610,0x0C10,0x3010,0x4010,0x03C0,0x0000,0x1FF8,0x03C0,0x0420,0x0420,0x03C0,0x0000},  /* U+AC1B */
  {0x0024,0x1F24,0x0124,0x0124,0x0124,0x0224,0x023C,0x0424,0x0824,0x1024,0x2024,0x0024,0x0024,0x0024,0x0004,0x0000},  /* U+AC1C */
  {0x0000,0x0024,0x1F24,0x0124,0x0124,0x033C,0x0224,0x0C24,0x1824,0x2024,0x0FFC,0x0004,0x0004,0x0004,0x0004,0x0000},  /* U+AC1D */
  {0x0008,0x0048,0x3E48,0x0248,0x0248,0x0278,0x0448,0x0848,0x3048,0x6048,0x0848,0x0800,0x0800,0x0800,0x0FFC,0x0000},  /* U+AC20 */
  {0x3E48,0x0248,0x0248,0x0648,0x0C78,0x1848,0x6048,0x0048,0x0000,0x0FF8,0x0008,0x0FF8,0x0800,0x0800,0x0FFC,0x0000},  /* U+AC24 */
  {0x0000,0x0024,0x1F24,0x0124,0x0124,0x033C,0x0224,0x0C24,0x1824,0x2024,0x07FC,0x0404,0x0404,0x0404,0x07FC,0x0000},  /* U+AC2C */
  {0x0000,0x1F24,0x0124,0x0124,0x0324,0x023C,0x0C24,0x1824,0x2024,0x0404,0x0404,0x07FC,0x0404,0x0404,0x07FC,0x0000},  /* U+AC2D */
  {0x0000,0x0048,0x3E48,0x0248,0x0248,0x0278,0x0448,0x0848,0x3048,0x6048,0x0108,0x0180,0x02C0,0x0460,0x381C,0x0000},  /* U+AC2F */
  {0x0000,0x0048,0x3E48,0x0248,0x0248,0x0678,0x0448,0x1848,0x3048,0x4418,0x0410,0x0410,0x0E28,0x1B2C,0x31C6,0x0000},  /* U+AC30 */
  {0x0024,0x1F24,0x0124,0x0124,0x033C,0x0224,0x0C24,0x1824,0x2004,0x01F0,0x0608,0x0404,0x0404,0x0608,0x01F0,0x0000},  /* U+AC31 */
  {0x0000,0x0010,0x3F10,0x0110,0x0110,0x011C,0x0210,0x0210,0x0410,0x081C,0x1810,0x6010,0x4010,0x0010,0x0010,0x0000},  /* U+AC38 */
  {0x0000,0x0010,0x7F10,0x0110,0x011C,0x0210,0x061C,0x0C10,0x1810,0x6000,0x1FF0,0x0010,0x0010,0x0010,0x0010,0x0000},  /* U+AC39 */
  {0x0000,0x0010,0x7F10,0x0110,0x011C,0x0210,0x0610,0x0C1C,0x1810,0x6010,0x1010,0x1000,0x1000,0x1000,0x1FF8,0x0000},  /* U+AC3C */
  {0x0010,0x3F10,0x0110,0x011C,0x0210,0x0610,0x0C1C,0x3010,0x4010,0x1FF0,0x0010,0x0010,0x1FF0,0x1000,0x1000,0x1FF0},  /* U+AC40 */
  {0x0000,0x0010,0x7F10,0x0110,0x011C,0x0210,0x0610,0x0C1C,0x1810,0x6010,0x0100,0x0380,0x0280,0x0C60,0x3818,0x0000},  /* U+AC4B */
  {0x3F10,0x0110,0x0110,0x021C,0x0610,0x0C1C,0x1810,0x6010,0x0010,0x07C0,0x0830,0x1010,0x1010,0x0830,0x07C0,0x0000},  /* U+AC4D */
  {0x0024,0x1F24,0x0124,0x0124,0x013C,0x0224,0x0224,0x0424,0x083C,0x1024,0x2024,0x0024,0x0024,0x0024,0x0004,0x0000},  /* U+AC54 */
  {0x0000,0x0048,0x3E48,0x0248,0x0278,0x0248,0x0448,0x0878,0x3048,0x6048,0x0848,0x0800,0x0800,0x0800,0x0FFC,0x0000},  /* U+AC58 */
  {0x3E48,0x0248,0x0278,0x0648,0x0C48,0x1878,0x6048,0x0048,0x0000,0x0FF8,0x0008,0x0FF8,0x0800,0x0800,0x0FFC,0x0000},  /* U+AC5C */
  {0x0004,0x3F84,0x0084,0x0084,0x0084,0x0104,0x017C,0x0204,0x0404,0x0804,0x3004,0x2004,0x0004,0x0004,0x0004,0x0000},  /* U+AC70 */
  {0x0000,0x0004,0x1F84,0x0084,0x0084,0x013C,0x0304,0x0604,0x0C04,0x3000,0x07FC,0x0004,0x0004,0x0004,0x0004,0x0000},  /* U+AC71 */
  {0x0008,0x0008,0x1F88,0x0088,0x0088,0x01F8,0x0108,0x0208,0x0C08,0x3808,0x0808,0x0800,0x0800,0x0800,0x0FF8,0x0000},  /* U+AC74 */
  {0x0000,0x3F88,0x0188,0x0108,0x0108,0x0278,0x0408,0x1808,0x2008,0x0000,0x0FF8,0x0800,0x0800,0x0800,0x0FF8,0x0000},  /* U+AC77 */
  {0x3F88,0x0188,0x0108,0x0108,0x02F8,0x0C08,0x3808,0x2008,0x0FF8,0x0008,0x0008,0x0FF8,0x0800,0x0800,0x0FF8,0x0000},  /* U+AC78 */
  {0x3F88,0x0188,0x0108,0x0108,0x06F8,0x0C08,0x3008,0x0008,0x1EF8,0x0288,0x0288,0x1E88,0x1088,0x1088,0x1FF8,0x0000},  /* U+AC7A */
  {0x0000,0x3F88,0x0188,0x0108,0x0108,0x0278,0x0408,0x1808,0x2008,0x0000,0x0FF8,0x0808,0x0808,0x0808,0x0FF8,0x0000},  /* U+AC80 */
  {0x0000,0x3F88,0x0188,0x0108,0x0108,0x0278,0x0C08,0x1808,0x2008,0x0808,0x0808,0x0FF8,0x0808,0x0808,0x0FF8,0x0000},  /* U+AC81 */
  {0x0000,0x0004,0x1F84,0x0084,0x0084,0x017C,0x0304,0x0604,0x0C04,0x3004,0x0080,0x01C0,0x0140,0x0630,0x1C0C,0x0000},  /* U+AC83 */
  {0x0000,0x7F10,0x0310,0x0210,0x0210,0x04F0,0x0810,0x3010,0x4010,0x0820,0x0820,0x0820,0x1C50,0x36D8,0x630C,0x0000},  /* U+AC84 */
  {0x3F88,0x0188,0x0108,0x0108,0x0278,0x0408,0x1808,0x2008,0x0008,0x03E0,0x0C10,0x0808,0x0808,0x0C10,0x03E0,0x0000},  /* U+AC85 */
  {0x0000,0x3F88,0x0188,0x0108,0x0108,0x0278,0x0C08,0x1808,0x2008,0x0008,0x0FF8,0x0010,0x0060,0x01E0,0x0E1C,0x0000},  /* U+AC86 */
  {0x3F88,0x0188,0x0108,0x0108,0x0278,0x0C08,0x3808,0x2008,0x0FF8,0x0800,0x0800,0x0FF8,0x0800,0x0800,0x0FF8,0x0000},  /* U+AC89 */
  {0x0000,0x3F88,0x0188,0x0108,0x0108,0x0278,0x0408,0x1808,0x2008,0x0000,0x0FF8,0x0220,0x0220,0x0220,0x0FF8,0x0000},  /* U+AC8A */
  {0x3F88,0x0188,0x0108,0x0308,0x0678,0x0C08,0x3008,0x0008,0x03E0,0x0000,0x0FF8,0x03E0,0x0410,0x0410,0x03E0,0x0000},  /* U+AC8B */
  {0x0014,0x3F14,0x0114,0x0114,0x0114,0x03F4,0x0214,0x0414,0x0814,0x1014,0x2014,0x0014,0x0014,0x0014,0x0004,0x0000},  /* U+AC8C */
  {0x0000,0x0028,0x3E28,0x0228,0x0228,0x07E8,0x0C28,0x1828,0x6028,0x0028,0x0828,0x0808,0x0800,0x0800,0x0FFC,0x0000},  /* U+AC90 */
  {0x3F28,0x0228,0x0228,0x07E8,0x0C28,0x1828,0x6028,0x0008,0x0000,0x0FF8,0x0008,0x0FF8,0x0800,0x0800,0x0FFC,0x0000},  /* U+AC94 */
  {0x0000,0x0014,0x1F94,0x0114,0x0114,0x03F4,0x0614,0x0C14,0x3014,0x0000,0x07FC,0x0404,0x0404,0x0404,0x07FC,0x0000},  /* U+AC9C */
  {0x0000,0x1F14,0x0194,0x0114,0x0114,0x03F4,0x0614,0x0C14,0x3014,0x0404,0x0404,0x07FC,0x0404,0x0404,0x07FC,0x0000},  /* U+AC9D */
  {0x0000,0x0028,0x3E28,0x0228,0x0228,0x07E8,0x0C28,0x1828,0x6028,0x4008,0x0108,0x0180,0x02C0,0x0420,0x381C,0x0000},  /* U+AC9F */
  {0x0000,0x0028,0x3E28,0x0228,0x0228,0x07E8,0x0C28,0x1828,0x6028,0x0410,0x0410,0x0410,0x0A28,0x1B6C,0x31C6,0x0000},  /* U+ACA0 */
  {0x0014,0x1F94,0x0194,0x0114,0x03F4,0x0614,0x0C14,0x3014,0x0004,0x01F0,0x0608,0x0404,0x0404,0x0608,0x01F0,0x0000},  /* U+ACA1 */
  {0x0000,0x0004,0x1F84,0x0084,0x0084,0x00FC,0x0104,0x0104,0x027C,0x0604,0x0C04,0x1804,0x2004,0x0004,0x0004,0x0000},  /* U+ACA8 */
  {0x0000,0x0004,0x1F84,0x0084,0x00FC,0x0104,0x037C,0x0604,0x0C04,0x3000,0x07FC,0x0004,0x0004,0x0004,0x0004,0x0000},  /* U+ACA9 */
  {0x0000,0x0008,0x3F08,0x0108,0x01F8,0x0308,0x02F8,0x0C08,0x1808,0x2000,0x1FF8,0x0108,0x0108,0x0108,0x0108,0x0000},  /* U+ACAA */
  {0x0000,0x0008,0x3F08,0x0108,0x01F8,0x0208,0x0608,0x0CF8,0x1808,0x2008,0x0808,0x0800,0x0800,0x0800,0x0FF8,0x0000},  /* U+ACAC */
  {0x0000,0x3F08,0x0108,0x0108,0x01F8,0x0308,0x02F8,0x0C08,0x1808,0x2000,0x0FF8,0x0800,0x0800,0x0800,0x0FF8,0x0000},  /* U+ACAF */
  {0x3F88,0x0188,0x01F8,0x0108,0x0208,0x04F8,0x1808,0x2008,0x0FF8,0x0008,0x0008,0x0FF8,0x0800,0x0800,0x0FF8,0x0000},  /* U+ACB0 */
  {0x0000,0x3F88,0x0088,0x0188,0x01F8,0x0108,0x02F8,0x0408,0x1808,0x2000,0x0FF8,0x0808,0x0808,0x0808,0x0FF8,0x0000},  /* U+ACB8 */
  {0x0008,0x3F88,0x0088,0x01F8,0x0108,0x0208,0x0CF8,0x1808,0x2000,0x0808,0x0808,0x0FF8,0x0808,0x0808,0x0FF8,0x0000},  /* U+ACB9 */
  {0x0000,0x0004,0x1F84,0x0084,0x00FC,0x0104,0x0304,0x067C,0x0C04,0x3004,0x0080,0x01C0,0x0140,0x0630,0x1C0C,0x0000},  /* U+ACBB */
  {0x0000,0x3F08,0x0108,0x0108,0x01F8,0x0208,0x07F8,0x0C08,0x1808,0x6410,0x0410,0x0410,0x0E28,0x1B6C,0x3186,0x0000},  /* U+ACBC */
  {0x3F88,0x0088,0x0188,0x01F8,0x0108,0x02F8,0x0408,0x1808,0x2008,0x03E0,0x0C10,0x0808,0x0808,0x0C10,0x03E0,0x0000},  /* U+ACBD */
  {0x3F88,0x0188,0x01F8,0x0108,0x0208,0x04F8,0x1808,0x2008,0x0FF8,0x0800,0x0800,0x0FF8,0x0800,0x0800,0x0FF8,0x0000},  /* U+ACC1 */
  {0x0014,0x3F14,0x0114,0x0114,0x01F4,0x0314,0x0214,0x07F4,0x0C14,0x1814,0x3014,0x0014,0x0014,0x0014,0x0004,0x0000},  /* U+ACC4 */
  {0x0000,0x0028,0x3E28,0x0228,0x03E8,0x0428,0x0C28,0x1BE8,0x3028,0x4028,0x0828,0x0808,0x0800,0x0800,0x0FFC,0x0000},  /* U+ACC8 */
  {0x3E28,0x0228,0x03E8,0x0628,0x0C28,0x19E8,0x7028,0x0028,0x0000,0x0FF8,0x0008,0x0FF8,0x0800,0x0800,0x0FFC,0x0000},  /* U+ACCC */
  {0x0000,0x1F14,0x0114,0x01F4,0x0314,0x0214,0x0CF4,0x1814,0x2004,0x0404,0x0404,0x07FC,0x0404,0x0404,0x07FC,0x0000},  /* U+ACD5 */
  {0x0000,0x0028,0x3E28,0x0228,0x03E8,0x0628,0x0C28,0x19E8,0x3028,0x4028,0x0108,0x0180,0x02C0,0x0420,0x381C,0x0000},  /* U+ACD7 */
  {0x0000,0x0000,0x1FF8,0x0008,0x0008,0x0008,0x0008,0x0108,0x0108,0x0108,0x0100,0x0100,0x7FFE,0x0000,0x0000,0x0000},  /* U+ACE0 */
  {0x0000,0x1FF8,0x0008,0x0008,0x0008,0x0108,0x0100,0x0100,0x7FFE,0x0000,0x1FF8,0x0008,0x0008,0x0008,0x0008,0x0000},  /* U+ACE1 */
  {0x0000,0x0FF8,0x0008,0x0008,0x0008,0x0108,0x0108,0x0100,0x7FFE,0x0000,0x0800,0x0800,0x0800,0x0800,0x0FFC,0x0000},  /* U+ACE4 */
  {0x0000,0x0FF8,0x0008,0x0008,0x0008,0x0108,0x0108,0x0100,0x7FFE,0x0000,0x0FF8,0x0800,0x0800,0x0800,0x0FFC,0x0000},  /* U+ACE7 */
  {0x0000,0x0FF8,0x0008,0x0008,0x0108,0x0108,0x0100,0x7FFE,0x0000,0x0FF8,0x0008,0x0008,0x0FF8,0x0800,0x0FFC,0x0000},  /* U+ACE8 */
  {0x07FC,0x0004,0x0004,0x0104,0x0104,0x0100,0x7FFE,0x0000,0x1F7C,0x0144,0x0144,0x1F44,0x1044,0x1044,0x1F7C,0x0000},  /* U+ACEA */
  {0x1FF8,0x0008,0x0008,0x0108,0x0108,0x0100,0x7FFE,0x0000,0x1F10,0x0110,0x0110,0x1F18,0x1028,0x1066,0x1F00,0x0000},  /* U+ACEC */
  {0x0FF8,0x0008,0x0008,0x0108,0x0108,0x0100,0x7FFE,0x0000,0x1F78,0x0100,0x01FC,0x1F38,0x1044,0x1144,0x1F38,0x0000},  /* U+ACEF */
  {0x0000,0x0FF8,0x0008,0x0008,0x0108,0x0108,0x0100,0x7FFE,0x0000,0x0000,0x0FF8,0x0808,0x0808,0x0808,0x0FF8,0x0000},  /* U+ACF0 */
  {0x0000,0x0FF8,0x0008,0x0008,0x0108,0x0108,0x0100,0x7FFE,0x0000,0x0808,0x0808,0x0FF8,0x0808,0x0808,0x0FF8,0x0000},  /* U+ACF1 */
  {0x0000,0x0FF8,0x0008,0x0008,0x0008,0x0108,0x0108,0x0100,0x7FFE,0x0000,0x0180,0x0180,0x03C0,0x0660,0x181C,0x0000},  /* U+ACF3 */
  {0x1FF8,0x0008,0x0008,0x0008,0x0108,0x0100,0x0100,0x7FFE,0x0000,0x03E0,0x0410,0x0808,0x0808,0x0410,0x03E0,0x0000},  /* U+ACF5 */
  {0x0FF8,0x0008,0x0008,0x0108,0x0108,0x0100,0x7FFE,0x0000,0x0000,0x1FF8,0x0010,0x0060,0x01E0,0x1E1C,0x2000,0x0000},  /* U+ACF6 */
  {0x0000,0x0008,0x1FC8,0x0048,0x0048,0x0048,0x0448,0x044E,0x0448,0x0408,0x0408,0x7FE8,0x0008,0x0008,0x0008,0x0000},  /* U+ACFC */
  {0x0008,0x1FC8,0x0048,0x0048,0x0048,0x044E,0x0408,0x0408,0x7FE8,0x0000,0x1FF8,0x0008,0x0008,0x0008,0x0008,0x0000},  /* U+ACFD */
  {0x0000,0x0008,0x1FC8,0x0048,0x0048,0x0448,0x044E,0x0408,0x0408,0x7FE8,0x0008,0x0808,0x0800,0x0800,0x0FFC,0x0000},  /* U+AD00 */
  {0x1FC8,0x0048,0x0048,0x0448,0x044E,0x0408,0x7FE8,0x0008,0x0000,0x0FF8,0x0008,0x0FF8,0x0800,0x0800,0x0FFC,0x0000},  /* U+AD04 */
  {0x1FC8,0x0048,0x0048,0x0448,0x044E,0x0408,0x7FE8,0x0008,0x0000,0x1F78,0x0148,0x1F48,0x1048,0x1048,0x1F78,0x0000},  /* U+AD06 */
  {0x0008,0x1FC8,0x0048,0x0048,0x0048,0x044E,0x0408,0x0408,0x7FE8,0x0000,0x0FF8,0x0808,0x0808,0x0808,0x0FF8,0x0000},  /* U+AD0C */
  {0x0000,0x1FC8,0x0048,0x0048,0x0048,0x044E,0x0408,0x0408,0x7FE8,0x0000,0x0808,0x0808,0x0FF8,0x0808,0x0FF8,0x0000},  /* U+AD0D */
  {0x0000,0x0008,0x1FC8,0x0048,0x0048,0x0448,0x044E,0x0408,0x7FE8,0x0008,0x0088,0x0080,0x0140,0x0630,0x1C1C,0x0000},  /* U+AD0F */
  {0x0008,0x1FC8,0x0048,0x0048,0x0048,0x044E,0x0408,0x0408,0x7FE8,0x0008,0x03E0,0x0C18,0x0808,0x0808,0x0418,0x03E0},  /* U+AD11 */
  {0x0000,0x0024,0x1FA4,0x00A4,0x00A4,0x00A4,0x00A4,0x08BC,0x08A4,0x0824,0x0824,0x7FA4,0x0024,0x0024,0x0024,0x0000},  /* U+AD18 */
  {0x0008,0x0048,0x3F48,0x0148,0x0148,0x0978,0x0948,0x0848,0x0848,0x7FC8,0x0048,0x0800,0x0800,0x0800,0x0FFC,0x0000},  /* U+AD1C */
  {0x3F48,0x0148,0x0148,0x0948,0x0978,0x0848,0x7FC8,0x0048,0x0000,0x0FF8,0x0008,0x0FF8,0x0800,0x0800,0x0FFC,0x0000},  /* U+AD20 */
  {0x0000,0x1FA4,0x00A4,0x00A4,0x00A4,0x04BC,0x0424,0x0424,0x3FE4,0x0000,0x0404,0x0404,0x07FC,0x0404,0x07FC,0x0000},  /* U+AD29 */
  {0x0000,0x3F48,0x0148,0x0148,0x0148,0x0978,0x0848,0x0848,0x7FC8,0x0000,0x0410,0x0410,0x0E38,0x1B28,0x31C6,0x0000},  /* U+AD2C */
  {0x1FA4,0x00A4,0x00A4,0x00A4,0x04BC,0x0424,0x0424,0x3FE4,0x0004,0x01F0,0x0608,0x0404,0x0404,0x0608,0x01F0,0x0000},  /* U+AD2D */
  {0x0004,0x1FC4,0x0044,0x0044,0x0044,0x0444,0x0444,0x0444,0x0404,0x0404,0x7FE4,0x0004,0x0004,0x0004,0x0004,0x0000},  /* U+AD34 */
  {0x0000,0x1FC4,0x0044,0x0044,0x0044,0x0244,0x0204,0x0204,0x3FF4,0x0004,0x0FFC,0x0004,0x0004,0x0004,0x0004,0x0000},  /* U+AD35 */
  {0x0000,0x0008,0x3F88,0x0088,0x0088,0x0488,0x0488,0x0408,0x0408,0x7FE8,0x0008,0x0808,0x0800,0x0800,0x0FFC,0x0000},  /* U+AD38 */
  {0x3F88,0x0088,0x0088,0x0488,0x0488,0x0408,0x7FE8,0x0008,0x0000,0x0FF8,0x0008,0x0FF8,0x0800,0x0800,0x0FFC,0x0000},  /* U+AD3C */
  {0x0000,0x1FC4,0x0044,0x0044,0x0044,0x0244,0x0204,0x0204,0x3FF4,0x0004,0x07FC,0x0404,0x0404,0x0404,0x07FC,0x0000},  /* U+AD44 */
  {0x0000,0x1FC4,0x0044,0x0044,0x0044,0x0444,0x0404,0x0404,0x7FE4,0x0000,0x0804,0x0804,0x0FFC,0x0804,0x0FFC,0x0000},  /* U+AD45 */
  {0x0000,0x0008,0x3F88,0x0088,0x0088,0x0488,0x0488,0x0408,0x7FE8,0x0008,0x0080,0x0080,0x0140,0x0630,0x1C1C,0x0000},  /* U+AD47 */
  {0x1FC4,0x0044,0x0044,0x0044,0x0244,0x0204,0x0204,0x3FF4,0x0004,0x01F0,0x060C,0x0404,0x0404,0x020C,0x01F0,0x0000},  /* U+AD49 */
  {0x0000,0x0000,0x3FF0,0x0010,0x0010,0x0010,0x0010,0x0490,0x0490,0x0490,0x0480,0x0480,0x7FFC,0x0000,0x0000,0x0000},  /* U+AD50 */
  {0x0000,0x3FF0,0x0010,0x0010,0x0010,0x0490,0x0490,0x0480,0x7FFC,0x0000,0x1000,0x1000,0x1000,0x1000,0x1FF8,0x0000},  /* U+AD54 */
  {0x0000,0x3FF0,0x0010,0x0010,0x0490,0x0490,0x0480,0x7FFC,0x0000,0x1FF0,0x0010,0x0010,0x1FF0,0x1000,0x1FF8,0x0000},  /* U+AD58 */
  {0x0000,0x3FF0,0x0010,0x0010,0x0490,0x0490,0x0480,0x7FFC,0x0000,0x1010,0x1010,0x1FF0,0x1010,0x1010,0x1FF0,0x0000},  /* U+AD61 */
  {0x3FF0,0x0010,0x0010,0x0010,0x0490,0x0490,0x0480,0x7FFC,0x0000,0x0100,0x0100,0x0280,0x0440,0x1838,0x2000,0x0000},  /* U+AD63 */
  {0x3FF0,0x0010,0x0010,0x0010,0x0010,0x0010,0x0010,0x7FFC,0x0100,0x0100,0x0100,0x0100,0x0100,0x0100,0x0100,0x0000},  /* U+AD6C */
  {0x1FF0,0x0010,0x0010,0x0010,0x0010,0x0010,0x7FFC,0x0100,0x0100,0x0100,0x3FF0,0x0010,0x0010,0x0010,0x0010,0x0000},  /* U+AD6D */
  {0x0000,0x0FF8,0x0008,0x0008,0x0008,0x0008,0x0008,0x7FFE,0x0080,0x0080,0x0880,0x0880,0x0800,0x0800,0x0FFC,0x0000},  /* U+AD70 */
  {0x0000,0x1FF0,0x0010,0x0010,0x0010,0x0010,0x7FFC,0x0100,0x0100,0x0100,0x1FF0,0x1000,0x1000,0x1000,0x1FF8,0x0000},  /* U+AD73 */
  {0x0000,0x1FF0,0x0010,0x0010,0x0010,0x0010,0x7FFC,0x0100,0x0100,0x1FF0,0x0010,0x0010,0x1FF0,0x1000,0x1FF8,0x0000},  /* U+AD74 */
  {0x1FF0,0x0010,0x0010,0x0010,0x0010,0x7FFC,0x0100,0x0100,0x1FF0,0x0210,0x0210,0x1E10,0x1010,0x1010,0x1F10,0x0000},  /* U+AD75 */
  {0x0FF8,0x0008,0x0008,0x0008,0x0008,0x7FFE,0x0100,0x0100,0x3EF8,0x0288,0x0288,0x3E88,0x2088,0x2088,0x3EF8,0x0000},  /* U+AD76 */
  {0x1FF0,0x0010,0x0010,0x0010,0x0010,0x7FFE,0x0100,0x0100,0x3FF0,0x0200,0x02F8,0x3E70,0x2088,0x2088,0x3E70,0x0000},  /* U+AD7B */
  {0x0000,0x1FF0,0x0010,0x0010,0x0010,0x0010,0x7FFC,0x0100,0x0100,0x0100,0x1FF0,0x1010,0x1010,0x1010,0x1FF0,0x0000},  /* U+AD7C */
  {0x0000,0x1FF0,0x0010,0x0010,0x0010,0x0010,0x7FFC,0x0100,0x0100,0x1110,0x1010,0x1FF0,0x1010,0x1010,0x1FF0,0x0000},  /* U+AD7D */
  {0x1FF0,0x0010,0x0010,0x0010,0x0010,0x0010,0x7FFC,0x0100,0x0100,0x0100,0x0100,0x0280,0x0460,0x3838,0x2000,0x0000},  /* U+AD7F */
  {0x3FF0,0x0010,0x0010,0x0010,0x0010,0x7FFC,0x0100,0x0100,0x0100,0x07C0,0x1830,0x1010,0x1010,0x1830,0x07C0,0x0000},  /* U+AD81 */
  {0x1FF0,0x0010,0x0010,0x0010,0x0010,0x7FFC,0x0100,0x0100,0x0100,0x1FF0,0x0020,0x00C0,0x03C0,0x1C38,0x2000,0x0000},  /* U+AD82 */
  {0x0004,0x0004,0x1FC4,0x0044,0x0044,0x0044,0x0044,0x0044,0x3FE4,0x0204,0x023C,0x0204,0x0204,0x0204,0x0204,0x0000},  /* U+AD88 */
  {0x0004,0x1FC4,0x0044,0x0044,0x0044,0x3FF4,0x0204,0x023C,0x0204,0x0000,0x0FFC,0x0004,0x0004,0x0004,0x0004,0x0000},  /* U+AD89 */
  {0x0000,0x0004,0x1FC4,0x0044,0x0044,0x0044,0x0044,0x3FF4,0x0204,0x023C,0x0204,0x0804,0x0800,0x0800,0x0FFC,0x0000},  /* U+AD8C */
  {0x1FC4,0x0044,0x0044,0x0044,0x0044,0x3FE4,0x0204,0x023C,0x0004,0x0FFC,0x0004,0x0FFC,0x0800,0x0800,0x0FFC,0x0000},  /* U+AD90 */
  {0x3F88,0x0088,0x0088,0x0088,0x0088,0x7FC8,0x0408,0x0478,0x0408,0x0410,0x0410,0x0618,0x1B2C,0x31C6,0x2000,0x0000},  /* U+AD9C */
  {0x1FC4,0x0044,0x0044,0x0044,0x0044,0x3FE4,0x0204,0x023C,0x0204,0x03F0,0x040C,0x0804,0x0804,0x040C,0x03F0,0x0000},  /* U+AD9D */
  {0x0014,0x3F14,0x0114,0x0114,0x0114,0x0114,0x0214,0x7F94,0x0414,0x04F4,0x0414,0x0414,0x0414,0x0414,0x0004,0x0000},  /* U+ADA4 */
  {0x0000,0x0014,0x3F14,0x0114,0x0114,0x0114,0x0114,0x7F94,0x04F4,0x0414,0x0444,0x00C0,0x01E0,0x0330,0x1C0E,0x0000},  /* U+ADB7 */
  {0x0004,0x1FC4,0x0044,0x0044,0x0044,0x0044,0x0044,0x3FF4,0x0204,0x0204,0x0204,0x0204,0x0204,0x0204,0x0004,0x0000},  /* U+ADC0 */
  {0x0004,0x1FC4,0x0044,0x0044,0x0044,0x3FE4,0x0204,0x0204,0x0204,0x0000,0x0FFC,0x0004,0x0004,0x0004,0x0004,0x0000},  /* U+ADC1 */
  {0x0000,0x0004,0x1FC4,0x0044,0x0044,0x0044,0x0044,0x3FF4,0x0204,0x0204,0x0204,0x0804,0x0800,0x0800,0x0FFC,0x0000},  /* U+ADC4 */
  {0x1FC4,0x0044,0x0044,0x0044,0x0054,0x3FE4,0x0204,0x0204,0x0000,0x0FFC,0x0004,0x0FFC,0x0800,0x0800,0x0FFC,0x0000},  /* U+ADC8 */
  {0x0000,0x1FC4,0x0044,0x0044,0x0044,0x0044,0x3FF4,0x0204,0x0204,0x0204,0x0000,0x0FFC,0x0804,0x0804,0x0FFC,0x0000},  /* U+ADD0 */
  {0x0000,0x1FC4,0x0044,0x0044,0x0044,0x0054,0x3FE4,0x0204,0x0204,0x0200,0x0804,0x0804,0x0FFC,0x0804,0x0FFC,0x0000},  /* U+ADD1 */
  {0x0000,0x0008,0x3F88,0x0088,0x0088,0x0088,0x00A8,0x7FC8,0x0408,0x0408,0x0488,0x0080,0x0140,0x0630,0x1C1C,0x0000},  /* U+ADD3 */
  {0x1FF8,0x0008,0x0008,0x0008,0x0008,0x0008,0x0008,0x7FFE,0x0420,0x0420,0x0420,0x0420,0x0420,0x0420,0x0420,0x0000},  /* U+ADDC */
  {0x0000,0x0FF8,0x0008,0x0008,0x0008,0x0008,0x0008,0x7FFE,0x0220,0x0220,0x0A20,0x0A20,0x0800,0x0800,0x0FFC,0x0000},  /* U+ADE0 */
  {0x0000,0x1FF0,0x0010,0x0010,0x0010,0x0010,0x7FFC,0x0440,0x0440,0x1FF0,0x0010,0x0010,0x1FF0,0x1000,0x1FF8,0x0000},  /* U+ADE4 */
  {0x0000,0x0000,0x1FF8,0x0008,0x0008,0x0008,0x0008,0x0008,0x0008,0x0008,0x0008,0x0008,0x7FFE,0x0000,0x0000,0x0000},  /* U+ADF8 */
  {0x1FF8,0x0008,0x0008,0x0008,0x0008,0x0008,0x7FFE,0x0000,0x0000,0x1FF8,0x0008,0x0008,0x0008,0x0008,0x0008,0x0000},  /* U+ADF9 */
  {0x0000,0x0FF8,0x0008,0x0008,0x0008,0x0008,0x0008,0x0008,0x7FFE,0x0000,0x0800,0x0800,0x0800,0x0800,0x0FFC,0x0000},  /* U+ADFC */
  {0x0000,0x0FF8,0x0008,0x0008,0x0008,0x0008,0x0008,0x7FFE,0x0000,0x0000,0x0FF8,0x0800,0x0800,0x0800,0x0FF8,0x0000},  /* U+ADFF */
  {0x0000,0x0FF8,0x0008,0x0008,0x0008,0x0008,0x7FFE,0x0000,0x0000,0x0FF8,0x0008,0x0008,0x0FF8,0x0800,0x0FFC,0x0000},  /* U+AE00 */
  {0x1FF8,0x0008,0x0008,0x0008,0x0008,0x7FFE,0x0000,0x0000,0x1EF8,0x0208,0x0208,0x1E08,0x1008,0x1008,0x1F08,0x0000},  /* U+AE01 */
  {0x0000,0x0FF8,0x0008,0x0008,0x0008,0x0008,0x0008,0x7FFE,0x0000,0x0000,0x0FF8,0x0808,0x0808,0x0808,0x0FF8,0x0000},  /* U+AE08 */
  {0x0000,0x0FF8,0x0008,0x0008,0x0008,0x0008,0x0008,0x7FFE,0x0000,0x0808,0x0808,0x0FF8,0x0808,0x0808,0x0FF8,0x0000},  /* U+AE09 */
  {0x0FF8,0x0008,0x0008,0x0008,0x0008,0x0008,0x7FFE,0x0000,0x0000,0x0080,0x0080,0x0140,0x0230,0x1C1C,0x1000,0x0000},  /* U+AE0B */
  {0x1FF8,0x0008,0x0008,0x0008,0x0008,0x0008,0x7FFE,0x0000,0x0000,0x03E0,0x0410,0x0808,0x0808,0x0410,0x03E0,0x0000},  /* U+AE0D */
  {0x0004,0x0004,0x1FC4,0x0044,0x0044,0x0044,0x0044,0x0044,0x0084,0x3FF4,0x0004,0x0004,0x0004,0x0004,0x0004,0x0000},  /* U+AE14 */
  {0x0004,0x3F84,0x0084,0x0084,0x0084,0x0104,0x0104,0x0204,0x0404,0x0804,0x3004,0x2004,0x0004,0x0004,0x0004,0x0000},  /* U+AE30 */
  {0x0000,0x0008,0x3F88,0x0188,0x0108,0x0108,0x0208,0x0408,0x1808,0x2000,0x0FF8,0x0008,0x0008,0x0008,0x0008,0x0000},  /* U+AE31 */
  {0x0000,0x0008,0x3F88,0x0188,0x0108,0x0108,0x0208,0x0408,0x1808,0x3008,0x0808,0x0800,0x0800,0x0800,0x0FF8,0x0000},  /* U+AE34 */
  {0x0000,0x3F88,0x0188,0x0108,0x0108,0x0208,0x0408,0x1808,0x2008,0x0000,0x0FF8,0x0800,0x0800,0x0800,0x0FF8,0x0000},  /* U+AE37 */
  {0x3F88,0x0188,0x0108,0x0308,0x0208,0x0C08,0x3808,0x2008,0x0FF8,0x0008,0x0008,0x0FF8,0x0800,0x0800,0x0FF8,0x0000},  /* U+AE38 */
  {0x3F88,0x0188,0x0108,0x0308,0x0608,0x0C08,0x3008,0x0008,0x1EF8,0x0288,0x0288,0x1E88,0x1088,0x1088,0x1FF8,0x0000},  /* U+AE3A */
  {0x0000,0x3F88,0x0188,0x0108,0x0108,0x0208,0x0408,0x1808,0x2008,0x0000,0x0FF8,0x0808,0x0808,0x0808,0x0FF8,0x0000},  /* U+AE40 */
  {0x0000,0x3F88,0x0188,0x0108,0x0308,0x0208,0x0C08,0x3808,0x2008,0x0808,0x0808,0x0FF8,0x0808,0x0808,0x0FF8,0x0000},  /* U+AE41 */
  {0x0000,0x0004,0x1F84,0x0084,0x0084,0x0104,0x0304,0x0604,0x0C04,0x3004,0x0080,0x01C0,0x0140,0x0630,0x1C0C,0x0000},  /* U+AE43 */
  {0x3F88,0x0188,0x0108,0x0108,0x0208,0x0408,0x1808,0x2008,0x0008,0x03E0,0x0C10,0x0808,0x0808,0x0C10,0x03E0,0x0000},  /* U+AE45 */
  {0x0000,0x3F88,0x0188,0x0108,0x0308,0x0208,0x0C08,0x3808,0x2008,0x0000,0x0FF8,0x0010,0x0060,0x01E0,0x0E1C,0x0000},  /* U+AE46 */
  {0x0000,0x3F88,0x0188,0x0108,0x0108,0x0208,0x0408,0x1808,0x2008,0x0000,0x1FF8,0x0420,0x0420,0x0420,0x1FF8,0x0000},  /* U+AE4A */
  {0x0010,0x7B90,0x0890,0x0890,0x0890,0x1090,0x111C,0x2110,0x6310,0x4210,0x0410,0x0410,0x0010,0x0010,0x0010,0x0000},  /* U+AE4C */
  {0x0000,0x0010,0x7F90,0x0890,0x0890,0x111C,0x3110,0x6210,0x0610,0x0010,0x1FF0,0x0010,0x0010,0x0010,0x0010,0x0000},  /* U+AE4D */
  {0x0000,0x0010,0x7B90,0x0890,0x0890,0x109C,0x3110,0x6310,0x0610,0x0410,0x1FF0,0x0110,0x0110,0x0110,0x0110,0x0000},  /* U+AE4E */
  {0x0000,0x0010,0x7B90,0x0890,0x0890,0x1090,0x311C,0x6110,0x4210,0x0410,0x0010,0x1010,0x1000,0x1000,0x1FF8,0x0000},  /* U+AE50 */
  {0x7B90,0x0890,0x0890,0x109C,0x2110,0x4210,0x0410,0x0010,0x1FF0,0x0010,0x0010,0x1FF0,0x1000,0x1000,0x1FF0,0x0000},  /* U+AE54 */
  {0x7B90,0x0890,0x0890,0x109C,0x2110,0x4210,0x0410,0x0010,0x3EF0,0x0290,0x0290,0x3E90,0x2090,0x2090,0x3EF0,0x0000},  /* U+AE56 */
  {0x0000,0x7B90,0x0890,0x0890,0x1090,0x311C,0x6310,0x0610,0x0410,0x0010,0x1FF0,0x1010,0x1010,0x1010,0x1FF0,0x0000},  /* U+AE5C */
  {0x0010,0x7B90,0x0890,0x0890,0x109C,0x3110,0x6310,0x0610,0x0400,0x1010,0x1010,0x1FF0,0x1010,0x1010,0x1FF0,0x0000},  /* U+AE5D */
  {0x0000,0x0010,0x7B90,0x0890,0x0890,0x109C,0x3110,0x6110,0x4210,0x0410,0x0100,0x0180,0x02C0,0x0C60,0x3818,0x0000},  /* U+AE5F */
  {0x0000,0x7B90,0x0890,0x0890,0x1090,0x311C,0x6310,0x0610,0x0410,0x0420,0x0420,0x0420,0x0E70,0x1A58,0x318C,0x0000},  /* U+AE60 */
  {0x7B90,0x0890,0x0890,0x1090,0x311C,0x6310,0x0610,0x0410,0x0010,0x07C0,0x0830,0x1010,0x1010,0x0830,0x07C0,0x0000},  /* U+AE61 */
  {0x7B90,0x0890,0x0890,0x109C,0x2110,0x4210,0x0410,0x0000,0x1FF0,0x1000,0x1000,0x1FF0,0x1000,0x1000,0x1FF0,0x0000},  /* U+AE65 */
  {0x0014,0x3F94,0x0494,0x0494,0x0494,0x0894,0x091C,0x1914,0x1114,0x2214,0x0614,0x0014,0x0014,0x0014,0x0004,0x0000},  /* U+AE68 */
  {0x0000,0x0014,0x3F94,0x0494,0x0894,0x089C,0x1114,0x2314,0x0614,0x0014,0x0FFC,0x0004,0x0004,0x0004,0x0004,0x0000},  /* U+AE69 */
  {0x0008,0x0028,0x7F28,0x0928,0x0928,0x1138,0x3228,0x6228,0x0428,0x0028,0x0828,0x0800,0x0800,0x0800,0x0FFC,0x0000},  /* U+AE6C */
  {0x7F28,0x0928,0x0928,0x1128,0x2238,0x4628,0x0C28,0x0028,0x0000,0x0FF8,0x0008,0x0FF8,0x0800,0x0800,0x0FFC,0x0000},  /* U+AE70 */
  {0x0000,0x0014,0x3F94,0x0494,0x0494,0x089C,0x1914,0x2314,0x0614,0x0004,0x07FC,0x0404,0x0404,0x0404,0x07FC,0x0000},  /* U+AE78 */
  {0x0000,0x3F94,0x0494,0x0894,0x0894,0x111C,0x2314,0x0614,0x0014,0x0404,0x0404,0x07FC,0x0404,0x0404,0x07FC,0x0000},  /* U+AE79 */
  {0x0000,0x0028,0x7F28,0x0928,0x0928,0x1138,0x3228,0x6228,0x0428,0x0028,0x0108,0x0180,0x0240,0x0620,0x381C,0x0000},  /* U+AE7B */
  {0x0000,0x0028,0x7F28,0x0928,0x1128,0x1238,0x2228,0x4428,0x0828,0x0418,0x0410,0x0410,0x0E28,0x1B6C,0x31C6,0x0000},  /* U+AE7C */
  {0x0014,0x3F94,0x0494,0x0494,0x089C,0x1114,0x2314,0x0614,0x0004,0x01F0,0x0608,0x0404,0x0404,0x0608,0x01F0,0x0000},  /* U+AE7D */
  {0x0000,0x0010,0x7B90,0x0890,0x0890,0x089C,0x1090,0x1110,0x2110,0x631C,0x4210,0x0410,0x0410,0x0010,0x0010,0x0000},  /* U+AE84 */
  {0x0000,0x0010,0x7F90,0x0890,0x089C,0x1110,0x311C,0x6210,0x0610,0x0000,0x1FF0,0x0010,0x0010,0x0010,0x0010,0x0000},  /* U+AE85 */
  {0x0010,0x7B90,0x0890,0x089C,0x1090,0x2110,0x421C,0x0410,0x0010,0x1FF0,0x0010,0x0010,0x1FF0,0x1000,0x1000,0x1FF0},  /* U+AE8C */
  {0x0004,0x3DC4,0x0444,0x0444,0x0444,0x0844,0x08FC,0x1084,0x3084,0x2104,0x0304,0x0204,0x0004,0x0004,0x0004,0x0000},  /* U+AEBC */
  {0x0000,0x0004,0x3FC4,0x0444,0x0444,0x04FC,0x0884,0x3104,0x2204,0x0004,0x07FC,0x0004,0x0004,0x0004,0x0004,0x0000},  /* U+AEBD */
  {0x0000,0x0004,0x3DC4,0x0444,0x0444,0x047C,0x0884,0x3184,0x2304,0x0004,0x0FFC,0x0084,0x0084,0x0084,0x0084,0x0000},  /* U+AEBE */
  {0x0008,0x0008,0x3F88,0x0488,0x0488,0x08F8,0x1908,0x3208,0x2408,0x0008,0x0808,0x0800,0x0800,0x0800,0x0FFC,0x0000},  /* U+AEC0 */
  {0x0004,0x3DC4,0x0464,0x0444,0x0C7C,0x18C4,0x2184,0x0304,0x0000,0x07FC,0x0004,0x0004,0x07FC,0x0400,0x0400,0x07FC},  /* U+AEC4 */
  {0x0000,0x3DC4,0x0444,0x0444,0x0444,0x087C,0x3084,0x2184,0x0304,0x0000,0x07FC,0x0404,0x0404,0x0404,0x07FC,0x0000},  /* U+AECC */
  {0x0000,0x3DC4,0x0444,0x0444,0x0444,0x087C,0x3084,0x0184,0x0304,0x0404,0x0404,0x07FC,0x0404,0x0404,0x07FC,0x0000},  /* U+AECD */
  {0x0000,0x0008,0x7B88,0x0888,0x0888,0x10F8,0x3108,0x6308,0x4608,0x0408,0x0100,0x0180,0x02C0,0x0420,0x381C,0x0000},  /* U+AECF */
  {0x0000,0x7B88,0x0888,0x0888,0x0888,0x10F8,0x6108,0x4308,0x0608,0x0410,0x0410,0x0410,0x0E38,0x1B6C,0x3186,0x0000},  /* U+AED0 */
  {0x3DC4,0x0444,0x0444,0x0444,0x087C,0x3084,0x2104,0x0304,0x0004,0x01F0,0x0608,0x0404,0x0404,0x0608,0x01F0,0x0000},  /* U+AED1 */
  {0x0014,0x3F94,0x0494,0x0494,0x0494,0x08F4,0x0994,0x1914,0x1314,0x2214,0x0414,0x0014,0x0014,0x0014,0x0004,0x0000},  /* U+AED8 */
  {0x0000,0x0014,0x3F94,0x0494,0x0894,0x08F4,0x1114,0x2314,0x0614,0x0010,0x0FFC,0x0004,0x0004,0x0004,0x0004,0x0000},  /* U+AED9 */
  {0x0000,0x0028,0x7F28,0x0928,0x0928,0x11E8,0x3228,0x6228,0x0C28,0x0028,0x0828,0x0808,0x0800,0x0800,0x0FFC,0x0000},  /* U+AEDC */
  {0x0000,0x0014,0x3F94,0x0494,0x0494,0x08F4,0x1914,0x2214,0x0414,0x0000,0x07FC,0x0404,0x0404,0x0404,0x07FC,0x0000},  /* U+AEE8 */
  {0x0000,0x0028,0x7F28,0x0928,0x0928,0x11E8,0x3228,0x6628,0x0C28,0x0008,0x0108,0x0180,0x0240,0x0620,0x381C,0x0000},  /* U+AEEB */
  {0x0014,0x3F94,0x0494,0x0494,0x08F4,0x1114,0x2214,0x0414,0x0004,0x01F0,0x0608,0x0404,0x0404,0x0608,0x01F0,0x0000},  /* U+AEED */
  {0x0004,0x3DC4,0x0444,0x0444,0x047C,0x0844,0x08C4,0x1084,0x30BC,0x2104,0x0304,0x0204,0x0004,0x0004,0x0004,0x0000},  /* U+AEF4 */
  {0x0000,0x0008,0x3F88,0x0488,0x04F8,0x0888,0x1908,0x3378,0x2608,0x0408,0x0808,0x0800,0x0800,0x0800,0x0FFC,0x0000},  /* U+AEF8 */
  {0x3DC4,0x0444,0x047C,0x0C44,0x1884,0x21BC,0x0304,0x0004,0x07FC,0x0004,0x0004,0x07FC,0x0400,0x0400,0x07FC,0x0000},  /* U+AEFC */
  {0x0000,0x0008,0x7BC8,0x0848,0x08F8,0x1088,0x3088,0x6178,0x4208,0x0408,0x0100,0x0180,0x02C0,0x0460,0x381C,0x0000},  /* U+AF07 */
  {0x0008,0x7B88,0x0888,0x08F8,0x0888,0x1188,0x6378,0x0608,0x0408,0x0410,0x0410,0x0410,0x0E38,0x1B6C,0x3186,0x0000},  /* U+AF08 */
  {0x3DC4,0x0464,0x047C,0x0C44,0x18C4,0x21BC,0x0304,0x0204,0x07FC,0x0400,0x0400,0x07FC,0x0400,0x0400,0x07FC,0x0000},  /* U+AF0D */
  {0x0014,0x3F94,0x0494,0x04F4,0x0494,0x0894,0x0894,0x19F4,0x1114,0x2214,0x0414,0x0014,0x0014,0x0014,0x0004,0x0000},  /* U+AF10 */
  {0x0000,0x0000,0x1F7C,0x0104,0x0104,0x0104,0x0204,0x0284,0x0284,0x0080,0x0080,0x0080,0x7FFE,0x0000,0x0000,0x0000},  /* U+AF2C */
  {0x0000,0x1FF8,0x0108,0x0108,0x0208,0x0288,0x0080,0x0080,0x7FFE,0x0000,0x1FF8,0x0008,0x0008,0x0008,0x0008,0x0000},  /* U+AF2D */
  {0x0000,0x1FF8,0x0108,0x0108,0x0208,0x0288,0x0080,0x0080,0x7FFE,0x0000,0x0800,0x0800,0x0800,0x0800,0x0FFC,0x0000},  /* U+AF30 */
  {0x1FF8,0x0108,0x0108,0x0288,0x0288,0x0080,0x7FFE,0x0000,0x0078,0x1000,0x10FE,0x1038,0x1044,0x1F44,0x0038,0x0000},  /* U+AF32 */
  {0x0000,0x1FF8,0x0108,0x0108,0x0288,0x0288,0x0080,0x7FFE,0x0000,0x0FF8,0x0008,0x0008,0x0FF8,0x0800,0x0FFC,0x0000},  /* U+AF34 */
  {0x0000,0x1FF8,0x0108,0x0108,0x0208,0x0288,0x0080,0x0080,0x7FFE,0x0000,0x0FF8,0x0808,0x0808,0x0808,0x0FF8,0x0000},  /* U+AF3C */
  {0x0000,0x1FF8,0x0108,0x0108,0x0288,0x0288,0x0080,0x7FFE,0x0000,0x0808,0x0808,0x0FF8,0x0808,0x0808,0x0FF8,0x0000},  /* U+AF3D */
  {0x0000,0x1FF8,0x0108,0x0108,0x0208,0x0288,0x0080,0x0080,0x7FFE,0x0000,0x0080,0x0180,0x0140,0x0620,0x1C1C,0x0000},  /* U+AF3F */
  {0x1FF8,0x0108,0x0108,0x0208,0x0288,0x0080,0x0080,0x7FFE,0x0000,0x03E0,0x0410,0x0808,0x0808,0x0410,0x03E0,0x0000},  /* U+AF41 */
  {0x0000,0x1FF8,0x0108,0x0108,0x0288,0x0288,0x0080,0x7FFE,0x0000,0x0000,0x0FF8,0x0010,0x0060,0x01E0,0x1E1E,0x0000},  /* U+AF42 */
  {0x1FF8,0x0108,0x0108,0x0288,0x0288,0x0080,0x7FFE,0x0000,0x03E0,0x0000,0x0FF8,0x0030,0x01C0,0x0E3C,0x1000,0x0000},  /* U+AF43 */
  {0x0000,0x0010,0x7F90,0x0890,0x0890,0x0890,0x1090,0x149C,0x1410,0x0410,0x0410,0x7FD0,0x0010,0x0010,0x0010,0x0000},  /* U+AF48 */
  {0x0010,0x0010,0x7F90,0x0890,0x0890,0x149C,0x1410,0x0410,0x7FF0,0x0000,0x3FF0,0x0010,0x0010,0x0010,0x0010,0x0000},  /* U+AF49 */
  {0x7F90,0x0890,0x0890,0x1090,0x149C,0x0410,0x7FF0,0x0010,0x0000,0x1FF0,0x0010,0x1FF0,0x1000,0x1000,0x1FF8,0x0000},  /* U+AF50 */
  {0x0010,0x7F90,0x0890,0x0890,0x1090,0x149C,0x0410,0x0410,0x7FF0,0x0000,0x0820,0x0820,0x1C70,0x3650,0x638C,0x0000},  /* U+AF5C */
  {0x0010,0x7F90,0x0890,0x0890,0x1090,0x149C,0x0410,0x0410,0x7FF0,0x0010,0x07C0,0x1830,0x1010,0x1010,0x0830,0x07C0},  /* U+AF5D */
  {0x0000,0x0024,0x3FA4,0x08A4,0x08A4,0x08A4,0x10A4,0x14BC,0x1424,0x0424,0x0424,0x7FA4,0x0024,0x0024,0x0024,0x0000},  /* U+AF64 */
  {0x0000,0x0014,0x3B94,0x0894,0x0894,0x149C,0x1414,0x0414,0x7F94,0x0004,0x0FFC,0x0004,0x0004,0x0004,0x0004,0x0000},  /* U+AF65 */
  {0x0014,0x3F94,0x0894,0x0894,0x149C,0x1414,0x0414,0x7F94,0x0004,0x03F0,0x0408,0x0804,0x0804,0x0408,0x03F0,0x0000},  /* U+AF79 */
  {0x0004,0x3FC4,0x0464,0x0424,0x0424,0x0844,0x0A44,0x0204,0x0204,0x0204,0x3FE4,0x0004,0x0004,0x0004,0x0004,0x0000},  /* U+AF80 */
  {0x0000,0x0004,0x3DC4,0x0464,0x0424,0x0C44,0x0A44,0x0204,0x0204,0x7FE4,0x0004,0x0804,0x0800,0x0800,0x0FFC,0x0000},  /* U+AF84 */
  {0x3DE4,0x0424,0x0424,0x0A24,0x0A24,0x0204,0x7FE4,0x0004,0x0000,0x0FFC,0x0004,0x0FFC,0x0800,0x0800,0x0FFC,0x0000},  /* U+AF88 */
  {0x0000,0x3DC4,0x0424,0x0424,0x0844,0x0A44,0x0204,0x0204,0x7FE4,0x0004,0x0FFC,0x0804,0x0804,0x0804,0x0FFC,0x0000},  /* U+AF90 */
  {0x0000,0x3DC4,0x0424,0x0424,0x0844,0x0A44,0x0204,0x0204,0x7FE4,0x0000,0x0804,0x0804,0x0FFC,0x0804,0x0FFC,0x0000},  /* U+AF91 */
  {0x3DC4,0x0424,0x0424,0x0844,0x0A44,0x0204,0x0204,0x7FE4,0x0004,0x01F0,0x060C,0x0404,0x0404,0x020C,0x01F0,0x0000},  /* U+AF95 */
  {0x0000,0x0000,0x3EF8,0x0208,0x0208,0x0208,0x0408,0x0648,0x0A48,0x0240,0x0240,0x0240,0x7FFC,0x0000,0x0000,0x0000},  /* U+AF9C */
  {0x3EF8,0x0208,0x0208,0x0208,0x0208,0x0208,0x0408,0xFFFE,0x0100,0x0100,0x0100,0x0100,0x0100,0x0100,0x0100,0x0000},  /* U+AFB8 */
  {0x1FF8,0x0108,0x0108,0x0108,0x0108,0x0308,0x7FFE,0x0080,0x0080,0x0080,0x1FF8,0x0008,0x0008,0x0008,0x0008,0x0000},  /* U+AFB9 */
  {0x0000,0x3EF8,0x0208,0x0208,0x0208,0x0208,0x0608,0xFFFE,0x0100,0x0100,0x1100,0x1100,0x1000,0x1000,0x1FF8,0x0000},  /* U+AFBC */
  {0x0000,0x1FF8,0x0108,0x0108,0x0108,0x0108,0x7FFE,0x0080,0x0080,0x0FF8,0x0008,0x0008,0x0FF8,0x0800,0x0FF8,0x0000},  /* U+AFC0 */
  {0x3EF8,0x0208,0x0208,0x0208,0x0208,0xFFFE,0x0100,0x0100,0x3F78,0x0200,0x02F8,0x3E78,0x2084,0x2084,0x3E78,0x0000},  /* U+AFC7 */
  {0x0000,0x1FF8,0x0108,0x0108,0x0108,0x0108,0x7FFE,0x0080,0x0080,0x0080,0x0FF8,0x0808,0x0808,0x0808,0x0FF8,0x0000},  /* U+AFC8 */
  {0x0000,0x1FF8,0x0108,0x0108,0x0108,0x0108,0x7FFE,0x0080,0x0080,0x0888,0x0808,0x0FF8,0x0808,0x0808,0x0FF8,0x0000},  /* U+AFC9 */
  {0x3EF8,0x0208,0x0208,0x0208,0x0208,0x0408,0xFFFE,0x0100,0x0100,0x0100,0x0100,0x0280,0x0640,0x1838,0x2008,0x0000},  /* U+AFCB */
  {0x1FF8,0x0108,0x0108,0x0108,0x0108,0x7FFE,0x0080,0x0080,0x0080,0x03E0,0x0C18,0x0808,0x0808,0x0C18,0x03E0,0x0000},  /* U+AFCD */
  {0x3EF8,0x0208,0x0208,0x0208,0x0208,0xFFFE,0x0100,0x0100,0x0100,0x1FF0,0x0030,0x00C0,0x03C0,0x1C38,0x2000,0x0000},  /* U+AFCE */
  {0x0000,0x0004,0x3FC4,0x0444,0x0444,0x0444,0x0444,0x0454,0x3FE4,0x0204,0x023C,0x0204,0x0204,0x0204,0x0204,0x0000},  /* U+AFD4 */
  {0x3DC4,0x0444,0x0444,0x0444,0x0444,0x3FF4,0x0204,0x027C,0x0004,0x0FFC,0x0004,0x0FFC,0x0800,0x0800,0x0FFC,0x0000},  /* U+AFDC */
  {0x0008,0x7B88,0x0888,0x0888,0x0888,0x7FE8,0x0408,0x04F8,0x0408,0x0410,0x0410,0x0618,0x1B2C,0x31C6,0x2000,0x0000},  /* U+AFE8 */
  {0x0004,0x3DC4,0x0444,0x0444,0x0444,0x3FF4,0x0204,0x027C,0x0204,0x03F0,0x040C,0x0804,0x0804,0x040C,0x03F0,0x0000},  /* U+AFE9 */
  {0x0014,0x7B94,0x0894,0x0894,0x0894,0x0894,0x0894,0x7FD4,0x0414,0x04F4,0x0414,0x0414,0x0414,0x0414,0x0004,0x0000},  /* U+AFF0 */
  {0x0014,0x3B94,0x0894,0x0894,0x0894,0x7FD4,0x0414,0x04F4,0x0414,0x0000,0x0FFC,0x0004,0x0004,0x0004,0x0004,0x0000},  /* U+AFF1 */
  {0x0000,0x0014,0x3B94,0x0894,0x0894,0x0894,0x08D4,0x7F14,0x0414,0x04F4,0x0414,0x0814,0x0800,0x0800,0x0FFC,0x0000},  /* U+AFF4 */
  {0x0014,0x3B94,0x0894,0x0894,0x0894,0x7FD4,0x04F4,0x0414,0x0000,0x0FFC,0x0004,0x0FFC,0x0800,0x0800,0x0FFC,0x0000},  /* U+AFF8 */
  {0x0000,0x0014,0x3B94,0x0894,0x0894,0x0894,0x7FD4,0x0414,0x04F4,0x0414,0x0000,0x0FFC,0x0804,0x0804,0x0FFC,0x0000},  /* U+B000 */
  {0x0000,0x0014,0x3B94,0x0894,0x0894,0x0894,0x7FD4,0x0414,0x04F4,0x0414,0x0804,0x0804,0x0FFC,0x0804,0x0FFC,0x0000},  /* U+B001 */
  {0x0028,0x7728,0x1128,0x1128,0x1128,0xFFA8,0x0828,0x09E8,0x0828,0x0410,0x0410,0x0610,0x1B28,0x31C6,0x2000,0x0000},  /* U+B004 */
  {0x0004,0x3FC4,0x0444,0x0444,0x0444,0x0444,0x0444,0x3FE4,0x0204,0x0204,0x0204,0x0204,0x0204,0x0204,0x0004,0x0000},  /* U+B00C */
  {0x0000,0x0004,0x3DC4,0x0444,0x0444,0x0444,0x0444,0x7FE4,0x0204,0x0204,0x0204,0x0804,0x0800,0x0800,0x0FFC,0x0000},  /* U+B010 */
  {0x3DC4,0x0444,0x0444,0x0444,0x0444,0x7FE4,0x0204,0x0204,0x0000,0x0FFC,0x0004,0x0FFC,0x0800,0x0800,0x0FFC,0x0000},  /* U+B014 */
  {0x0000,0x0004,0x3DC4,0x0444,0x0444,0x0444,0x7FF4,0x0204,0x0204,0x0204,0x0000,0x0FFC,0x0804,0x0804,0x0FFC,0x0000},  /* U+B01C */
  {0x0000,0x3DC4,0x0444,0x0444,0x0444,0x0444,0x7FE4,0x0204,0x0204,0x0200,0x0804,0x0804,0x0FFC,0x0804,0x0FFC,0x0000},  /* U+B01D */
  {0x3EF8,0x0208,0x0208,0x0208,0x0208,0x0408,0x0410,0xFFFE,0x0840,0x0840,0x0840,0x0840,0x0840,0x0840,0x0840,0x0000},  /* U+B028 */
  {0x0000,0x0000,0x3EF8,0x0208,0x0208,0x0208,0x0208,0x0208,0x0408,0x0408,0x0408,0x0410,0x7FFE,0x0000,0x0000,0x0000},  /* U+B044 */
  {0x1FF8,0x0108,0x0108,0x0108,0x0108,0x0208,0x7FFE,0x0000,0x0000,0x1FF8,0x0008,0x0008,0x0008,0x0008,0x0008,0x0000},  /* U+B045 */
  {0x0000,0x3EF8,0x0208,0x0208,0x0208,0x0208,0x0208,0x0408,0xFFFE,0x0000,0x1000,0x1000,0x1000,0x1000,0x1FF8,0x0000},  /* U+B048 */
  {0x3EF8,0x0208,0x0208,0x0208,0x0208,0x0408,0xFFFE,0x0000,0x0078,0x2000,0x21FC,0x2078,0x2084,0x3E84,0x0078,0x0000},  /* U+B04A */
  {0x0000,0x1FF8,0x0108,0x0108,0x0108,0x0208,0x7FFE,0x0000,0x0000,0x0FF8,0x0008,0x0008,0x0FF8,0x0800,0x0FF8,0x0000},  /* U+B04C */
  {0x3EF8,0x0208,0x0208,0x0208,0x0208,0xFFFE,0x0000,0x0000,0x3EF8,0x0288,0x0288,0x3E88,0x2088,0x2088,0x3EF8,0x0000},  /* U+B04E */
  {0x3EF8,0x0208,0x0208,0x0208,0x0208,0xFFFE,0x0000,0x0000,0x3E78,0x02F8,0x0200,0x3E70,0x2088,0x2088,0x3E70,0x0000},  /* U+B053 */
  {0x0000,0x1FF8,0x0108,0x0108,0x0108,0x0108,0x0208,0x7FFE,0x0000,0x0000,0x0FF8,0x0808,0x0808,0x0808,0x0FF8,0x0000},  /* U+B054 */
  {0x0000,0x1FF8,0x0108,0x0108,0x0108,0x0108,0x0208,0x7FFE,0x0000,0x0808,0x0808,0x0FF8,0x0808,0x0808,0x0FF8,0x0000},  /* U+B055 */
  {0x0000,0x1FF8,0x0108,0x0108,0x0108,0x0108,0x0208,0x7FFE,0x0000,0x0000,0x0180,0x0180,0x0340,0x0630,0x181C,0x0000},  /* U+B057 */
  {0x1FF8,0x0108,0x0108,0x0108,0x0108,0x0208,0x7FFE,0x0000,0x0000,0x03E0,0x0410,0x0808,0x0808,0x0410,0x03E0,0x0000},  /* U+B059 */
  {0x0000,0x3EF8,0x0208,0x0208,0x0208,0x0208,0xFFFE,0x0000,0x0000,0x1FF8,0x1000,0x1000,0x1FF0,0x1000,0x1FF8,0x0000},  /* U+B05D */
  {0x0008,0x3DC8,0x0448,0x0448,0x0448,0x0848,0x0888,0x1088,0x3188,0x2108,0x0208,0x0208,0x0008,0x0008,0x0008,0x0000},  /* U+B07C */
  {0x0000,0x0008,0x3FC8,0x0448,0x0848,0x0888,0x1088,0x2108,0x0308,0x0000,0x0FF8,0x0008,0x0008,0x0008,0x0008,0x0000},  /* U+B07D */
  {0x0000,0x0008,0x3DC8,0x0448,0x0448,0x0848,0x1888,0x3088,0x2108,0x0208,0x0808,0x0800,0x0800,0x0800,0x0FFC,0x0000},  /* U+B080 */
  {0x1EE4,0x0224,0x0424,0x0C24,0x1844,0x3084,0x0104,0x0004,0x07FC,0x0004,0x0004,0x07FC,0x0400,0x0400,0x07FC,0x0000},  /* U+B084 */
  {0x0000,0x3DC8,0x0448,0x0848,0x0848,0x1088,0x2188,0x0308,0x0208,0x0000,0x0FF8,0x0808,0x0808,0x0808,0x0FF8,0x0000},  /* U+B08C */
  {0x0000,0x1EE4,0x0224,0x0424,0x0424,0x0844,0x30C4,0x0184,0x0104,0x0404,0x0404,0x07FC,0x0404,0x0404,0x07FC,0x0000},  /* U+B08D */
  {0x0000,0x0008,0x3DC8,0x0448,0x0448,0x0848,0x1888,0x3088,0x2108,0x0208,0x0080,0x0180,0x0340,0x0630,0x181C,0x0000},  /* U+B08F */
  {0x3DC8,0x0448,0x0848,0x0848,0x1088,0x2188,0x0308,0x0208,0x0008,0x03E0,0x0C10,0x0808,0x0808,0x0C10,0x03E0,0x0000},  /* U+B091 */
  {0x0010,0x2010,0x2010,0x2010,0x2010,0x2010,0x201C,0x2010,0x2050,0x3F90,0x0010,0x0010,0x0010,0x0010,0x0010,0x0000},  /* U+B098 */
  {0x0000,0x2010,0x2010,0x2010,0x2010,0x201C,0x2010,0x3FD0,0x0010,0x0010,0x1FF0,0x0010,0x0010,0x0010,0x0010,0x0000},  /* U+B099 */
  {0x0000,0x2010,0x2010,0x2010,0x2010,0x201C,0x2010,0x3FD0,0x0010,0x0010,0x1FF0,0x0110,0x0110,0x0110,0x0110,0x0000},  /* U+B09A */
  {0x0010,0x0010,0x2010,0x2010,0x2010,0x201C,0x2010,0x2010,0x3FD0,0x0010,0x1010,0x1000,0x1000,0x1000,0x1FF8,0x0000},  /* U+B09C */
  {0x0000,0x2010,0x2010,0x2010,0x2010,0x201C,0x2010,0x3FD0,0x0010,0x0000,0x1FF0,0x1000,0x1000,0x1000,0x1FF0,0x0000},  /* U+B09F */
  {0x2010,0x2010,0x2010,0x201C,0x2010,0x2010,0x3FD0,0x0000,0x1FF0,0x0010,0x0010,0x1FF0,0x1000,0x1000,0x1FF0,0x0000},  /* U+B0A0 */
  {0x0010,0x2010,0x2010,0x201C,0x2010,0x2010,0x3FD0,0x0010,0x1FF0,0x0210,0x0210,0x1E10,0x1010,0x1010,0x1F10,0x0000},  /* U+B0A1 */
  {0x0010,0x2010,0x2010,0x201C,0x2010,0x2010,0x3FD0,0x0010,0x3EF0,0x0290,0x0290,0x3E90,0x2090,0x2090,0x3EF0,0x0000},  /* U+B0A2 */
  {0x0000,0x2010,0x2010,0x2010,0x2010,0x201C,0x2010,0x3FD0,0x0010,0x0000,0x1FF0,0x1010,0x1010,0x1010,0x1FF0,0x0000},  /* U+B0A8 */
  {0x0010,0x2010,0x2010,0x2010,0x201C,0x2010,0x2010,0x3FD0,0x0000,0x1010,0x1010,0x1FF0,0x1010,0x1010,0x1FF0,0x0000},  /* U+B0A9 */
  {0x0000,0x0010,0x2010,0x2010,0x2010,0x201C,0x2010,0x2010,0x3FD0,0x0010,0x0100,0x0180,0x02C0,0x0460,0x381C,0x0000},  /* U+B0AB */
  {0x0000,0x2010,0x2010,0x2010,0x2010,0x201C,0x2010,0x3FD0,0x0010,0x0420,0x0420,0x0420,0x0E50,0x1A58,0x318C,0x0000},  /* U+B0AC */
  {0x2010,0x2010,0x2010,0x2010,0x201C,0x2010,0x3FD0,0x0010,0x0010,0x07C0,0x0830,0x1010,0x1010,0x0830,0x07C0,0x0000},  /* U+B0AD */
  {0x0000,0x2010,0x2010,0x2010,0x2010,0x201C,0x2010,0x3FD0,0x0010,0x0010,0x0FF0,0x0030,0x00C0,0x03E0,0x1C1C,0x0000},  /* U+B0AE */
  {0x2010,0x2010,0x2010,0x201C,0x2010,0x2010,0x3FD0,0x0010,0x03C0,0x0000,0x1FF0,0x0030,0x00C0,0x0FF8,0x1004,0x0000},  /* U+B0AF */
  {0x2010,0x2010,0x2010,0x201C,0x2010,0x2010,0x3FD0,0x0000,0x1FF0,0x1000,0x1000,0x1FF0,0x1000,0x1000,0x1FF0,0x0000},  /* U+B0B1 */
  {0x0010,0x2010,0x2010,0x201C,0x2010,0x2010,0x3FD0,0x0010,0x03C0,0x0000,0x1FF8,0x03C0,0x0420,0x0420,0x03C0,0x0000},  /* U+B0B3 */
  {0x0048,0x2048,0x2048,0x2048,0x2048,0x2048,0x2078,0x2048,0x2048,0x3F48,0x0048,0x0048,0x0048,0x0048,0x0008,0x0000},  /* U+B0B4 */
  {0x0000,0x2048,0x2048,0x2048,0x2048,0x2078,0x2048,0x3F48,0x0048,0x0048,0x1FF8,0x0008,0x0008,0x0008,0x0008,0x0000},  /* U+B0B5 */
  {0x0008,0x0048,0x2048,0x2048,0x2048,0x2078,0x2048,0x2048,0x3F48,0x0048,0x0848,0x0800,0x0800,0x0800,0x0FFC,0x0000},  /* U+B0B8 */
  {0x0008,0x2048,0x2048,0x2048,0x2078,0x2048,0x2048,0x3F48,0x0000,0x0000,0x0FF8,0x0008,0x0FF8,0x0800,0x0800,0x0FFC},  /* U+B0BC */
  {0x0000,0x2048,0x2048,0x2048,0x2048,0x2078,0x2048,0x3F48,0x0048,0x0008,0x0FF8,0x0808,0x0808,0x0808,0x0FF8,0x0000},  /* U+B0C4 */
  {0x0000,0x2048,0x2048,0x2048,0x2048,0x2078,0x2048,0x3F48,0x0048,0x0808,0x0808,0x0FF8,0x0808,0x0808,0x0FF8,0x0000},  /* U+B0C5 */
  {0x0000,0x0048,0x2048,0x2048,0x2048,0x2078,0x2048,0x2048,0x3F48,0x0048,0x0188,0x0180,0x0340,0x0620,0x381C,0x0000},  /* U+B0C7 */
  {0x0000,0x4090,0x4090,0x4090,0x4090,0x40F0,0x4090,0x7E90,0x0090,0x0830,0x0820,0x0820,0x1C50,0x3658,0x638C,0x0000},  /* U+B0C8 */
  {0x2048,0x2048,0x2048,0x2048,0x2078,0x2048,0x3F48,0x0048,0x0008,0x03E0,0x0C10,0x0808,0x0808,0x0C10,0x03E0,0x0000},  /* U+B0C9 */
  {0x0010,0x0010,0x2010,0x2010,0x201C,0x2010,0x2010,0x2010,0x2010,0x205C,0x3F90,0x0010,0x0010,0x0010,0x0010,0x0010},  /* U+B0D0 */
  {0x0010,0x2010,0x2010,0x201C,0x2010,0x2010,0x201C,0x3FD0,0x0010,0x0000,0x1FF0,0x0010,0x0010,0x0010,0x0010,0x0000},  /* U+B0D1 */
  {0x0000,0x0010,0x2010,0x2010,0x201C,0x2010,0x2010,0x205C,0x3F90,0x0010,0x1010,0x1000,0x1000,0x1000,0x1FF8,0x0000},  /* U+B0D4 */
  {0x2010,0x2010,0x201C,0x2010,0x2010,0x201C,0x3FD0,0x0010,0x1FF0,0x0010,0x0010,0x1FF0,0x1000,0x1000,0x1FF0,0x0000},  /* U+B0D8 */
  {0x0010,0x2010,0x2010,0x201C,0x2010,0x2010,0x201C,0x3FD0,0x0010,0x0000,0x1FF0,0x1010,0x1010,0x1010,0x1FF0,0x0000},  /* U+B0E0 */
  {0x0010,0x2010,0x2010,0x201C,0x2010,0x2010,0x201C,0x3FD0,0x0010,0x0000,0x07C0,0x0830,0x1010,0x1010,0x0830,0x07C0},  /* U+B0E5 */
  {0x0008,0x2008,0x2008,0x2008,0x2008,0x21F8,0x2008,0x2008,0x2008,0x3FC8,0x0008,0x0008,0x0008,0x0008,0x0008,0x0000},  /* U+B108 */
  {0x0000,0x2008,0x2008,0x2008,0x20F8,0x2008,0x2008,0x3FC8,0x0008,0x0000,0x0FF8,0x0008,0x0008,0x0008,0x0008,0x0000},  /* U+B109 */
  {0x0000,0x2008,0x2008,0x2008,0x20F8,0x2008,0x2008,0x3FC8,0x0008,0x0000,0x1F10,0x0110,0x0110,0x0128,0x0144,0x0000},  /* U+B10B */
  {0x0000,0x0008,0x2008,0x2008,0x20F8,0x2008,0x2008,0x2008,0x3FC8,0x0008,0x0808,0x0808,0x0800,0x0800,0x0FF8,0x0000},  /* U+B10C */
  {0x2008,0x2008,0x2008,0x20F8,0x2008,0x2008,0x3FC8,0x0008,0x0FF8,0x0008,0x0008,0x0FF8,0x0800,0x0800,0x0FF8,0x0000},  /* U+B110 */
  {0x2008,0x2008,0x2008,0x21F8,0x2008,0x2008,0x3FC8,0x0008,0x1EF8,0x0288,0x0288,0x1E88,0x1088,0x1088,0x1FF8,0x0000},  /* U+B112 */
  {0x2008,0x2008,0x2008,0x21F8,0x2008,0x2008,0x3FC8,0x0008,0x0000,0x1E88,0x0288,0x1EF8,0x1088,0x1088,0x1FF8,0x0000},  /* U+B113 */
  {0x0000,0x2008,0x2008,0x2008,0x20F8,0x2008,0x2008,0x3FC8,0x0008,0x0000,0x0FF8,0x0808,0x0808,0x0808,0x0FF8,0x0000},  /* U+B118 */
  {0x0000,0x2008,0x2008,0x2008,0x20F8,0x2008,0x2008,0x3FC8,0x0008,0x0808,0x0808,0x0FF8,0x0808,0x0808,0x0FF8,0x0000},  /* U+B119 */
  {0x0000,0x0008,0x2008,0x2008,0x20F8,0x2008,0x2008,0x2008,0x3FC8,0x0008,0x0180,0x0180,0x0340,0x0620,0x381C,0x0000},  /* U+B11B */
  {0x0000,0x4010,0x4010,0x4010,0x41F0,0x4010,0x4010,0x7F90,0x0010,0x0820,0x0820,0x0820,0x1C50,0x36D8,0x630C,0x0000},  /* U+B11C */
  {0x2008,0x2008,0x2008,0x20F8,0x2008,0x2008,0x3FC8,0x0008,0x0008,0x03E0,0x0C10,0x0808,0x0808,0x0C10,0x03E0,0x0000},  /* U+B11D */
  {0x2008,0x2008,0x2008,0x20F8,0x2008,0x2008,0x3FC8,0x0008,0x03E0,0x0000,0x1FF8,0x03E0,0x0410,0x0410,0x03E0,0x0000},  /* U+B123 */
  {0x0028,0x2028,0x2028,0x2028,0x2028,0x23E8,0x2028,0x2028,0x2028,0x3F28,0x0028,0x0028,0x0028,0x0028,0x0008,0x0000},  /* U+B124 */
  {0x0000,0x2028,0x2028,0x2028,0x21E8,0x2028,0x2028,0x3F28,0x0028,0x0008,0x1FF8,0x0008,0x0008,0x0008,0x0008,0x0000},  /* U+B125 */
  {0x0000,0x0028,0x2028,0x2028,0x21E8,0x2028,0x2028,0x2028,0x3F28,0x0028,0x0828,0x0800,0x0800,0x0800,0x0FFC,0x0000},  /* U+B128 */
  {0x2028,0x2028,0x2028,0x21E8,0x2028,0x2028,0x3F28,0x0028,0x0000,0x0FF8,0x0008,0x0FF8,0x0800,0x0800,0x0FFC,0x0000},  /* U+B12C */
  {0x0000,0x2028,0x2028,0x2028,0x21E8,0x2028,0x2028,0x3F28,0x0028,0x0000,0x0FF8,0x0808,0x0808,0x0808,0x0FF8,0x0000},  /* U+B134 */
  {0x0000,0x2028,0x2028,0x2028,0x21E8,0x2028,0x2028,0x3F28,0x0028,0x0808,0x0808,0x0FF8,0x0808,0x0808,0x0FF8,0x0000},  /* U+B135 */
  {0x0000,0x0028,0x2028,0x2028,0x21E8,0x2028,0x2028,0x2028,0x3F28,0x0008,0x0188,0x0180,0x0340,0x0620,0x381C,0x0000},  /* U+B137 */
  {0x0000,0x4050,0x4050,0x4050,0x43D0,0x4050,0x4050,0x7E50,0x0050,0x0820,0x0820,0x0820,0x1C50,0x36D8,0x630C,0x0000},  /* U+B138 */
  {0x2028,0x2028,0x2028,0x21E8,0x2028,0x2028,0x3F28,0x0028,0x0000,0x03E0,0x0C10,0x0808,0x0808,0x0C10,0x03E0,0x0000},  /* U+B139 */
  {0x0000,0x0008,0x2008,0x2008,0x21F8,0x2008,0x2008,0x21F8,0x2008,0x2008,0x3FC8,0x0008,0x0008,0x0008,0x0008,0x0000},  /* U+B140 */
  {0x0000,0x2008,0x2008,0x20F8,0x2008,0x20F8,0x2008,0x3F88,0x0008,0x0008,0x0FF8,0x0008,0x0008,0x0008,0x0008,0x0000},  /* U+B141 */
  {0x0000,0x2008,0x2008,0x20F8,0x2008,0x2008,0x20F8,0x2008,0x3F88,0x0008,0x0808,0x0808,0x0800,0x0800,0x0FF8,0x0000},  /* U+B144 */
  {0x0008,0x2008,0x20F8,0x2008,0x2008,0x20F8,0x2008,0x3F88,0x0008,0x0FF8,0x0008,0x0008,0x0FF8,0x0800,0x0800,0x0FF8},  /* U+B148 */
  {0x0000,0x2008,0x2008,0x20F8,0x2008,0x20F8,0x2008,0x3F88,0x0008,0x0000,0x0FF8,0x0808,0x0808,0x0808,0x0FF8,0x0000},  /* U+B150 */
  {0x0008,0x2008,0x20F8,0x2008,0x2008,0x20F8,0x2008,0x3F88,0x0008,0x0808,0x0808,0x0FF8,0x0808,0x0808,0x0FF8,0x0000},  /* U+B151 */
  {0x0000,0x4010,0x4010,0x41F0,0x4010,0x41F0,0x4010,0x7F10,0x0010,0x0820,0x0820,0x0820,0x1C50,0x36D8,0x630C,0x0000},  /* U+B154 */
  {0x2008,0x2008,0x20F8,0x2008,0x20F8,0x2008,0x3F88,0x0008,0x0008,0x03E0,0x0C10,0x0808,0x0808,0x0C10,0x03E0,0x0000},  /* U+B155 */
  {0x0008,0x2008,0x20F8,0x2008,0x2008,0x20F8,0x2008,0x3F88,0x0008,0x0000,0x0FF8,0x0008,0x0FF8,0x0008,0x0008,0x0000},  /* U+B158 */
  {0x0028,0x2028,0x2028,0x21E8,0x2028,0x2028,0x21E8,0x2028,0x2028,0x3F28,0x0028,0x0028,0x0028,0x0028,0x0008,0x0000},  /* U+B15C */
  {0x0000,0x2028,0x2028,0x21E8,0x2028,0x21E8,0x2028,0x2028,0x3FA8,0x0028,0x0828,0x0808,0x0800,0x0800,0x0FFC,0x0000},  /* U+B160 */
  {0x0000,0x0000,0x1000,0x1000,0x1000,0x1000,0x1000,0x1000,0x1FF8,0x0100,0x0100,0x0100,0x0100,0x7FFE,0x0000,0x0000},  /* U+B178 */
  {0x1000,0x1000,0x1000,0x1000,0x1FF8,0x0100,0x0100,0x7FFE,0x0000,0x0000,0x3FF0,0x0010,0x0010,0x0010,0x0010,0x0000},  /* U+B179 */
  {0x0000,0x1000,0x1000,0x1000,0x1000,0x1FF8,0x0100,0x0100,0x7FFE,0x0000,0x1000,0x1000,0x1000,0x1FF8,0x0000,0x0000},  /* U+B17C */
  {0x1000,0x1000,0x1000,0x1000,0x1FF8,0x0100,0x0100,0x7FFE,0x0000,0x1FF0,0x0010,0x0010,0x1FF0,0x1000,0x1FF8,0x0000},  /* U+B180 */
  {0x1000,0x1000,0x1000,0x1000,0x1FF8,0x0100,0x0100,0x7FFE,0x0000,0x3EF8,0x0288,0x0288,0x3E88,0x2088,0x2088,0x3EF8},  /* U+B182 */
  {0x0000,0x1000,0x1000,0x1000,0x1000,0x1FF8,0x0100,0x0100,0x7FFE,0x0000,0x0000,0x1FF0,0x1010,0x1010,0x1FF0,0x0000},  /* U+B188 */
  {0x0000,0x1000,0x1000,0x1000,0x1000,0x1FF8,0x0100,0x0100,0x7FFE,0x0000,0x1010,0x1010,0x1FF0,0x1010,0x1FF0,0x0000},  /* U+B189 */
  {0x1000,0x1000,0x1000,0x1000,0x1FF8,0x0100,0x0100,0x7FFE,0x0000,0x0100,0x0100,0x0280,0x0440,0x3838,0x2000,0x0000},  /* U+B18B */
  {0x1000,0x1000,0x1000,0x1000,0x1FF0,0x0100,0x0100,0x7FFE,0x0000,0x07C0,0x1830,0x1010,0x1010,0x1830,0x07C0,0x0000},  /* U+B18D */
  {0x0000,0x1000,0x1000,0x1000,0x1000,0x1FF8,0x0100,0x0100,0x7FFE,0x0000,0x0000,0x1FF0,0x0440,0x0440,0x1FF0,0x0000},  /* U+B192 */
  {0x1000,0x1000,0x1000,0x1000,0x1FF8,0x0100,0x0100,0x7FFE,0x0000,0x07C0,0x0000,0x3FF8,0x07C0,0x0820,0x0820,0x07C0},  /* U+B193 */
  {0x0000,0x0010,0x2010,0x2010,0x2010,0x2010,0x2010,0x3F9C,0x0410,0x0410,0x0410,0x0410,0x7FD0,0x0010,0x0010,0x0000},  /* U+B194 */
  {0x0000,0x0010,0x2010,0x2010,0x2010,0x2010,0x3F9C,0x0410,0x0410,0x7FF0,0x0010,0x1010,0x1000,0x1000,0x1FF8,0x0000},  /* U+B198 */
  {0x2010,0x2010,0x2010,0x2010,0x3F9C,0x0410,0x7FF0,0x0010,0x0000,0x1FF0,0x0010,0x1FF0,0x1000,0x1000,0x1FF8,0x0000},  /* U+B19C */
  {0x0010,0x2010,0x2010,0x2010,0x2010,0x3F9C,0x0410,0x0410,0x7FF0,0x0000,0x0420,0x0420,0x0C30,0x1A50,0x318C,0x0000},  /* U+B1A8 */
  {0x0004,0x1004,0x1004,0x1004,0x1004,0x1004,0x1FC4,0x0204,0x0204,0x0204,0x0214,0x3FE4,0x0004,0x0004,0x0004,0x0000},  /* U+B1CC */
  {0x0000,0x0008,0x2008,0x2008,0x2008,0x2008,0x3F88,0x0408,0x0408,0x7FE8,0x0008,0x0808,0x0800,0x0800,0x0FFC,0x0000},  /* U+B1D0 */
  {0x1004,0x1004,0x1004,0x1004,0x1FC4,0x0204,0x3FF4,0x0004,0x0000,0x0FFC,0x0004,0x0FFC,0x0800,0x0800,0x0FFC,0x0000},  /* U+B1D4 */
  {0x0000,0x1004,0x1004,0x1004,0x1004,0x1FC4,0x0204,0x0204,0x3FF4,0x0004,0x0000,0x0FFC,0x0804,0x0804,0x0FFC,0x0000},  /* U+B1DC */
  {0x0000,0x1004,0x1004,0x1004,0x1004,0x1FC4,0x0204,0x0204,0x3FF4,0x0000,0x0804,0x0804,0x0FFC,0x0804,0x0FFC,0x0000},  /* U+B1DD */
  {0x0000,0x0008,0x2008,0x2008,0x2008,0x2008,0x3F88,0x0408,0x0408,0x7FE8,0x0188,0x0180,0x03C0,0x0660,0x381C,0x0000},  /* U+B1DF */
  {0x0000,0x0000,0x1000,0x1000,0x1000,0x1000,0x1000,0x1000,0x1FF8,0x0440,0x0440,0x0440,0x0440,0x7FFC,0x0000,0x0000},  /* U+B1E8 */
  {0x1000,0x1000,0x1000,0x1000,0x1FF0,0x0440,0x0440,0x7FFC,0x0000,0x0000,0x3FF0,0x0010,0x0010,0x0010,0x0010,0x0000},  /* U+B1E9 */
  {0x0000,0x1000,0x1000,0x1000,0x1000,0x1FF0,0x0440,0x0440,0x7FFC,0x0000,0x1000,0x1000,0x1000,0x1FF8,0x0000,0x0000},  /* U+B1EC */
  {0x1000,0x1000,0x1000,0x1000,0x1FF0,0x0440,0x0440,0x7FFC,0x0000,0x1FF0,0x0010,0x0010,0x1FF0,0x1000,0x1FF8,0x0000},  /* U+B1F0 */
  {0x0000,0x1000,0x1000,0x1000,0x1000,0x1FF0,0x0440,0x0440,0x7FFC,0x0000,0x1010,0x1010,0x1FF0,0x1010,0x1FF0,0x0000},  /* U+B1F9 */
  {0x1000,0x1000,0x1000,0x1000,0x1FF0,0x0440,0x0440,0x7FFC,0x0000,0x0100,0x0100,0x0280,0x0440,0x3838,0x2000,0x0000},  /* U+B1FB */
  {0x1000,0x1000,0x1000,0x1000,0x1FF0,0x0440,0x0440,0x7FFC,0x0000,0x07C0,0x1830,0x1010,0x1010,0x1830,0x07C0,0x0000},  /* U+B1FD */
  {0x0000,0x1000,0x1000,0x1000,0x1000,0x1000,0x1FF8,0x0000,0x0000,0x7FFE,0x0100,0x0100,0x0100,0x0100,0x0100,0x0000},  /* U+B204 */
  {0x1000,0x1000,0x1000,0x1000,0x1FF8,0x0000,0x0000,0x7FFE,0x0100,0x0100,0x3FF0,0x0010,0x0010,0x0010,0x0010,0x0000},  /* U+B205 */
  {0x0000,0x0800,0x0800,0x0800,0x0800,0x0FFC,0x0000,0x0000,0x7FFE,0x0080,0x0880,0x0880,0x0800,0x0800,0x0FFC,0x0000},  /* U+B208 */
  {0x0000,0x1000,0x1000,0x1000,0x1000,0x1FF8,0x0000,0x0000,0x7FFE,0x0100,0x0100,0x1FF0,0x1000,0x1000,0x1FF8,0x0000},  /* U+B20B */
  {0x0000,0x1000,0x1000,0x1000,0x1000,0x1FF8,0x0000,0x7FFE,0x0100,0x0100,0x1FF0,0x0010,0x1FF0,0x1000,0x1FF8,0x0000},  /* U+B20C */
  {0x0000,0x1000,0x1000,0x1000,0x1000,0x1FF8,0x0000,0x0000,0x7FFE,0x0100,0x0100,0x1FF0,0x1010,0x1010,0x1FF0,0x0000},  /* U+B214 */
  {0x0000,0x1000,0x1000,0x1000,0x1000,0x1FF8,0x0000,0x0000,0x7FFE,0x0100,0x1110,0x1010,0x1FF0,0x1010,0x1FF0,0x0000},  /* U+B215 */
  {0x1000,0x1000,0x1000,0x1000,0x1FF8,0x0000,0x0000,0x7FFE,0x0100,0x0100,0x0100,0x0280,0x0440,0x3838,0x2000,0x0000},  /* U+B217 */
  {0x1000,0x1000,0x1000,0x1000,0x1FF0,0x0000,0x0000,0x7FFE,0x0100,0x0100,0x07E0,0x1830,0x1010,0x1810,0x07E0,0x0000},  /* U+B219 */
  {0x0000,0x1004,0x1004,0x1004,0x1004,0x1004,0x1FC4,0x0004,0x0034,0x3FC4,0x0204,0x023C,0x0204,0x0204,0x0204,0x0000},  /* U+B220 */
  {0x0008,0x2008,0x2008,0x2008,0x3F88,0x0008,0x0008,0x7FE8,0x0478,0x0408,0x0410,0x0410,0x0618,0x1B2C,0x31C6,0x2000},  /* U+B234 */
  {0x2014,0x2014,0x2014,0x2014,0x2014,0x3F14,0x0014,0x0014,0x7F94,0x0414,0x04F4,0x0414,0x0414,0x0414,0x0004,0x0000},  /* U+B23C */
  {0x1004,0x1004,0x1004,0x1004,0x1004,0x1FC4,0x0004,0x0014,0x3FE4,0x0204,0x0204,0x0204,0x0204,0x0204,0x0004,0x0000},  /* U+B258 */
  {0x0000,0x1004,0x1004,0x1004,0x1004,0x1FC4,0x0004,0x0004,0x7FE4,0x0204,0x0204,0x0A04,0x0800,0x0800,0x0FFC,0x0000},  /* U+B25C */
  {0x1004,0x1004,0x1004,0x1FC4,0x0004,0x0004,0x3FE4,0x0204,0x0200,0x0FFC,0x0004,0x0FFC,0x0800,0x0800,0x0FFC,0x0000},  /* U+B260 */
  {0x0000,0x1004,0x1004,0x1004,0x1004,0x1FC4,0x0004,0x0004,0x3FE4,0x0204,0x0200,0x0FFC,0x0804,0x0804,0x0FFC,0x0000},  /* U+B268 */
  {0x0000,0x1004,0x1004,0x1004,0x1004,0x1FC4,0x0004,0x3FE4,0x0204,0x0200,0x0804,0x0804,0x0FFC,0x0804,0x0FFC,0x0000},  /* U+B269 */
  {0x0000,0x0800,0x0800,0x0800,0x0800,0x0800,0x0FFC,0x0000,0x0000,0x7FFE,0x0420,0x0420,0x0420,0x0420,0x0420,0x0000},  /* U+B274 */
  {0x1000,0x1000,0x1000,0x1000,0x1FF8,0x0000,0x0000,0x7FFC,0x0440,0x0440,0x1FF0,0x0010,0x0010,0x0010,0x0010,0x0000},  /* U+B275 */
  {0x0000,0x1000,0x1000,0x1000,0x1000,0x1FF8,0x0000,0x7FFC,0x0440,0x0440,0x1FF0,0x0010,0x1FF0,0x1000,0x1FF8,0x0000},  /* U+B27C */
  {0x0000,0x1000,0x1000,0x1000,0x1000,0x1FF8,0x0000,0x0000,0x7FFC,0x0440,0x0440,0x1FF0,0x1010,0x1010,0x1FF0,0x0000},  /* U+B284 */
  {0x0000,0x1000,0x1000,0x1000,0x1000,0x1FF8,0x0000,0x0000,0x7FFC,0x0440,0x1450,0x1010,0x1FF0,0x1010,0x1FF0,0x0000},  /* U+B285 */
  {0x1000,0x1000,0x1000,0x1000,0x1FF0,0x0000,0x0000,0x7FFC,0x0440,0x0440,0x07E0,0x1830,0x1010,0x1810,0x07E0,0x0000},  /* U+B289 */
  {0x0000,0x0000,0x1000,0x1000,0x1000,0x1000,0x1000,0x1000,0x1FF8,0x0000,0x0000,0x0000,0x0000,0xFFFE,0x0000,0x0000},  /* U+B290 */
  {0x1000,0x1000,0x1000,0x1000,0x1FF0,0x0000,0x0000,0xFFFE,0x0000,0x0000,0x3FF0,0x0010,0x0010,0x0010,0x0010,0x0000},  /* U+B291 */
  {0x0000,0x1000,0x1000,0x1000,0x1000,0x1FF8,0x0000,0x0000,0xFFFE,0x0000,0x1000,0x1000,0x1000,0x1000,0x1FF8,0x0000},  /* U+B294 */
  {0x0000,0x1000,0x1000,0x1000,0x1000,0x1FF8,0x0000,0xFFFE,0x0000,0x1FF0,0x0010,0x0010,0x1FF0,0x1000,0x1FF8,0x0000},  /* U+B298 */
  {0x1000,0x1000,0x1000,0x1000,0x1FF8,0x0000,0xFFFE,0x0000,0x1EF8,0x0208,0x0208,0x1E08,0x1008,0x1008,0x1F08,0x0000},  /* U+B299 */
  {0x1000,0x1000,0x1000,0x1000,0x1FF8,0x0000,0xFFFE,0x0000,0x3EF8,0x0288,0x0288,0x3E88,0x2088,0x2088,0x3EF8,0x0000},  /* U+B29A */
  {0x0000,0x1000,0x1000,0x1000,0x1000,0x1FF8,0x0000,0x0000,0xFFFE,0x0000,0x1FF0,0x1010,0x1010,0x1010,0x1FF0,0x0000},  /* U+B2A0 */
  {0x0000,0x1000,0x1000,0x1000,0x1000,0x1FF8,0x0000,0x0000,0xFFFE,0x0000,0x1010,0x1010,0x1FF0,0x1010,0x1FF0,0x0000},  /* U+B2A1 */
  {0x1000,0x1000,0x1000,0x1000,0x1FF8,0x0000,0x0000,0xFFFE,0x0000,0x0100,0x0100,0x0280,0x0440,0x3838,0x2000,0x0000},  /* U+B2A3 */
  {0x1000,0x1000,0x1000,0x1000,0x1FF0,0x0000,0x0000,0xFFFE,0x0000,0x07C0,0x0830,0x1010,0x1010,0x0820,0x07C0,0x0000},  /* U+B2A5 */
  {0x0000,0x1000,0x1000,0x1000,0x1000,0x1FF8,0x0000,0x0000,0xFFFE,0x0000,0x1FF0,0x0030,0x00C0,0x03E0,0x3C1C,0x0000},  /* U+B2A6 */
  {0x0000,0x1000,0x1000,0x1000,0x1000,0x1FF8,0x0000,0x0000,0xFFFE,0x0000,0x0000,0x1FF0,0x0440,0x0440,0x1FF0,0x0000},  /* U+B2AA */
  {0x1004,0x1004,0x1004,0x1004,0x1004,0x1004,0x1FC4,0x0004,0x0004,0x0034,0x3FC4,0x0004,0x0004,0x0004,0x0004,0x0000},  /* U+B2AC */
  {0x0000,0x0004,0x1004,0x1004,0x1004,0x1004,0x1FC4,0x0004,0x0004,0x3FF4,0x0004,0x0804,0x0800,0x0800,0x0FFC,0x0000},  /* U+B2B0 */
  {0x1004,0x1004,0x1004,0x1004,0x1FC4,0x0004,0x3FF4,0x0004,0x0000,0x0FFC,0x0004,0x0FFC,0x0800,0x0800,0x0FFC,0x0000},  /* U+B2B4 */
  {0x0008,0x2008,0x2008,0x2008,0x2008,0x2008,0x2008,0x2008,0x2008,0x3FC8,0x0008,0x0008,0x0008,0x0008,0x0008,0x0000},  /* U+B2C8 */
  {0x0000,0x2008,0x2008,0x2008,0x2008,0x2008,0x2008,0x3FC8,0x0008,0x0000,0x0FF8,0x0008,0x0008,0x0008,0x0008,0x0000},  /* U+B2C9 */
  {0x0000,0x0008,0x2008,0x2008,0x2008,0x2008,0x2008,0x2008,0x3FC8,0x0008,0x0808,0x0800,0x0800,0x0800,0x0FF8,0x0000},  /* U+B2CC */
  {0x2008,0x2008,0x2008,0x2008,0x2008,0x2008,0x3FC8,0x0008,0x0FF8,0x0008,0x0008,0x0FF8,0x0800,0x0800,0x0FF8,0x0000},  /* U+B2D0 */
  {0x0008,0x2008,0x2008,0x2008,0x2008,0x2008,0x3FC8,0x0008,0x1EF8,0x0288,0x0288,0x1E88,0x1088,0x1088,0x1FF8,0x0000},  /* U+B2D2 */
  {0x0000,0x2008,0x2008,0x2008,0x2008,0x2008,0x2008,0x3FC8,0x0008,0x0000,0x0FF8,0x0808,0x0808,0x0808,0x0FF8,0x0000},  /* U+B2D8 */
  {0x0000,0x2008,0x2008,0x2008,0x2008,0x2008,0x2008,0x3FC8,0x0008,0x0808,0x0808,0x0FF8,0x0808,0x0808,0x0FF8,0x0000},  /* U+B2D9 */
  {0x0000,0x0008,0x2008,0x2008,0x2008,0x2008,0x2008,0x2008,0x3FC8,0x0008,0x0180,0x0180,0x0340,0x0620,0x381C,0x0000},  /* U+B2DB */
  {0x2008,0x2008,0x2008,0x2008,0x2008,0x2008,0x3FC8,0x0008,0x0000,0x03E0,0x0C10,0x0808,0x0808,0x0C10,0x03E0,0x0000},  /* U+B2DD */
  {0x0000,0x2008,0x2008,0x2008,0x2008,0x2008,0x2008,0x3FC8,0x0008,0x0000,0x1FF8,0x0420,0x0420,0x0420,0x1FF8,0x0000},  /* U+B2E2 */
  {0x0010,0x3F90,0x2010,0x2010,0x2010,0x2010,0x201C,0x2010,0x2050,0x3F90,0x0010,0x0010,0x0010,0x0010,0x0010,0x0000},  /* U+B2E4 */
  {0x0000,0x0010,0x3F90,0x2010,0x2010,0x201C,0x2050,0x3F90,0x0010,0x0000,0x1FF0,0x0010,0x0010,0x0010,0x0010,0x0000},  /* U+B2E5 */
  {0x0000,0x0010,0x3F90,0x2010,0x2010,0x201C,0x2050,0x3F90,0x0010,0x0000,0x1FF0,0x0110,0x0110,0x0110,0x0110,0x0000},  /* U+B2E6 */
  {0x0000,0x0010,0x3F90,0x2010,0x2010,0x2010,0x201C,0x2010,0x3FD0,0x0010,0x0010,0x1010,0x1000,0x1000,0x1FF8,0x0000},  /* U+B2E8 */
  {0x0000,0x3F90,0x2010,0x2010,0x2010,0x201C,0x2050,0x3F90,0x0010,0x0000,0x1FF0,0x1000,0x1000,0x1000,0x1FF0,0x0000},  /* U+B2EB */
  {0x3F90,0x2010,0x2010,0x201C,0x2010,0x2050,0x3F90,0x0000,0x1FF0,0x0010,0x0010,0x1FF0,0x1000,0x1000,0x1FF0,0x0000},  /* U+B2EC */
  {0x3F90,0x2010,0x2010,0x201C,0x2010,0x2050,0x3F90,0x0010,0x1FF0,0x0210,0x0210,0x1E10,0x1010,0x1010,0x1F10,0x0000},  /* U+B2ED */
  {0x3F90,0x2010,0x2010,0x201C,0x2010,0x2050,0x3F90,0x0000,0x1EF0,0x0290,0x0290,0x1E90,0x1090,0x1090,0x1FF0,0x0000},  /* U+B2EE */
  {0x3F90,0x2010,0x2010,0x201C,0x2010,0x2050,0x3F90,0x0010,0x0000,0x1E90,0x0290,0x1EF0,0x1090,0x1090,0x1FF0,0x0000},  /* U+B2EF */
  {0x3F90,0x2010,0x2010,0x201C,0x2010,0x2050,0x3F90,0x0000,0x1EF0,0x0200,0x03F8,0x1E70,0x1088,0x1088,0x1F70,0x0000},  /* U+B2F3 */
  {0x0000,0x3F90,0x2010,0x2010,0x2010,0x201C,0x2050,0x3F90,0x0010,0x0010,0x1FF0,0x1010,0x1010,0x1010,0x1FF0,0x0000},  /* U+B2F4 */
  {0x0000,0x3F90,0x2010,0x2010,0x201C,0x2010,0x2050,0x3F90,0x0000,0x1010,0x1010,0x1FF0,0x1010,0x1010,0x1FF0,0x0000},  /* U+B2F5 */
  {0x0000,0x0010,0x3F90,0x2010,0x2010,0x201C,0x2010,0x2050,0x3F90,0x0010,0x0100,0x0180,0x02C0,0x0460,0x381C,0x0000},  /* U+B2F7 */
  {0x0000,0x3F90,0x2010,0x2010,0x2010,0x201C,0x2050,0x3F90,0x0010,0x0420,0x0420,0x0420,0x0E50,0x1A58,0x318C,0x0000},  /* U+B2F8 */
  {0x3F90,0x2010,0x2010,0x2010,0x201C,0x2050,0x3F90,0x0010,0x0010,0x07C0,0x0830,0x1010,0x1010,0x0830,0x07C0,0x0000},  /* U+B2F9 */
  {0x0000,0x3F90,0x2010,0x2010,0x2010,0x201C,0x2050,0x3F90,0x0010,0x0010,0x0FF0,0x0030,0x0060,0x03E0,0x1C1C,0x0000},  /* U+B2FA */
  {0x3F90,0x2010,0x2010,0x201C,0x2010,0x2050,0x3F90,0x0010,0x03C0,0x0000,0x0FF0,0x0030,0x00C0,0x0FF8,0x1004,0x0000},  /* U+B2FB */
  {0x3F90,0x2010,0x2010,0x201C,0x2010,0x2050,0x3F90,0x0010,0x03C0,0x0000,0x1FF8,0x03C0,0x0420,0x0420,0x03C0,0x0000},  /* U+B2FF */
  {0x0048,0x3F48,0x2048,0x2048,0x2048,0x2048,0x2078,0x2048,0x2048,0x3FC8,0x0048,0x0048,0x0048,0x0048,0x0008,0x0000},  /* U+B300 */
  {0x0000,0x0024,0x3F24,0x2024,0x2024,0x203C,0x2024,0x3FA4,0x0024,0x0004,0x0FFC,0x0004,0x0004,0x0004,0x0004,0x0000},  /* U+B301 */
  {0x0000,0x0048,0x7E48,0x4048,0x4048,0x4078,0x4048,0x4048,0x7F48,0x0048,0x0848,0x0800,0x0800,0x0800,0x0FFC,0x0000},  /* U+B304 */
  {0x7E48,0x4048,0x4048,0x4048,0x4078,0x4048,0x7E48,0x0048,0x0000,0x0FF8,0x0008,0x0FF8,0x0800,0x0800,0x0FFC,0x0000},  /* U+B308 */
  {0x0000,0x0024,0x3F24,0x2024,0x2024,0x203C,0x2024,0x3FA4,0x0024,0x0004,0x07FC,0x0404,0x0404,0x0404,0x07FC,0x0000},  /* U+B310 */
  {0x0000,0x3F24,0x2024,0x2024,0x2024,0x203C,0x2024,0x3FA4,0x0024,0x0404,0x0404,0x07FC,0x0404,0x0404,0x07FC,0x0000},  /* U+B311 */
  {0x0000,0x0048,0x7E48,0x4048,0x4048,0x4078,0x4048,0x4048,0x7F48,0x0048,0x0108,0x0180,0x02C0,0x0460,0x381C,0x0000},  /* U+B313 */
  {0x0000,0x0048,0x7E48,0x4048,0x4048,0x4078,0x4048,0x7F48,0x0048,0x0418,0x0410,0x0410,0x0E28,0x1B2C,0x31C6,0x0000},  /* U+B314 */
  {0x0024,0x3F24,0x2024,0x2024,0x203C,0x2024,0x3FA4,0x0024,0x0004,0x01F0,0x0608,0x0404,0x0404,0x0608,0x01F0,0x0000},  /* U+B315 */
  {0x0000,0x0010,0x3F90,0x2010,0x2010,0x201C,0x2010,0x2010,0x2010,0x205C,0x3F90,0x0010,0x0010,0x0010,0x0010,0x0000},  /* U+B31C */
  {0x0008,0x3F88,0x2008,0x2008,0x2008,0x20F8,0x2008,0x2008,0x2048,0x3F88,0x0008,0x0008,0x0008,0x0008,0x0008,0x0000},  /* U+B354 */
  {0x0008,0x0008,0x3F88,0x2008,0x20F8,0x2008,0x2008,0x3FC8,0x0008,0x0000,0x0FF8,0x0008,0x0008,0x0008,0x0008,0x0000},  /* U+B355 */
  {0x0008,0x0008,0x3F88,0x2008,0x20F8,0x2008,0x2008,0x3FC8,0x0008,0x0000,0x1F78,0x0108,0x0108,0x0108,0x0108,0x0000},  /* U+B356 */
  {0x0000,0x0008,0x3F88,0x2008,0x2008,0x20F8,0x2008,0x2008,0x3FC8,0x0008,0x0808,0x0808,0x0800,0x0800,0x0FF8,0x0000},  /* U+B358 */
  {0x0000,0x3F88,0x2008,0x2008,0x20F8,0x2008,0x2008,0x3FC8,0x0008,0x0000,0x0FF8,0x0800,0x0800,0x0800,0x0FF8,0x0000},  /* U+B35B */
  {0x3F88,0x2008,0x2008,0x20F8,0x2008,0x2008,0x3FC8,0x0008,0x0FF8,0x0008,0x0008,0x0FF8,0x0800,0x0800,0x0FF8,0x0000},  /* U+B35C */
  {0x3F88,0x2008,0x2008,0x21F8,0x2008,0x2008,0x3FC8,0x0008,0x1EF8,0x0288,0x0288,0x1E88,0x1088,0x1088,0x1FF8,0x0000},  /* U+B35E */
  {0x3F88,0x2008,0x2008,0x21F8,0x2008,0x2008,0x3FC8,0x0008,0x0000,0x1E88,0x0288,0x1EF8,0x1088,0x1088,0x1FF8,0x0000},  /* U+B35F */
  {0x0000,0x3F88,0x2008,0x2008,0x20F8,0x2008,0x2008,0x3FC8,0x0008,0x0000,0x0FF8,0x0808,0x0808,0x0808,0x0FF8,0x0000},  /* U+B364 */
  {0x0000,0x3F88,0x2008,0x2008,0x20F8,0x2008,0x2008,0x3FC8,0x0008,0x0808,0x0808,0x0FF8,0x0808,0x0808,0x0FF8,0x0000},  /* U+B365 */
  {0x0000,0x0008,0x3F88,0x2008,0x2008,0x20F8,0x2008,0x2008,0x3FC8,0x0008,0x0088,0x0180,0x0340,0x0630,0x181C,0x0000},  /* U+B367 */
  {0x3F88,0x2008,0x2008,0x20F8,0x2008,0x2008,0x3FC8,0x0008,0x0000,0x03E0,0x0C10,0x0808,0x0808,0x0C10,0x03E0,0x0000},  /* U+B369 */
  {0x3F88,0x2008,0x2008,0x20F8,0x2008,0x2008,0x3FC8,0x0008,0x03E0,0x0000,0x0FF8,0x0010,0x00E0,0x0778,0x1804,0x0000},  /* U+B36B */
  {0x0000,0x3F88,0x2008,0x2008,0x20F8,0x2008,0x2008,0x3FC8,0x0008,0x0000,0x1FF8,0x0420,0x0420,0x0420,0x1FF8,0x0000},  /* U+B36E */
  {0x0014,0x3F14,0x2014,0x2014,0x2014,0x21F4,0x2014,0x2014,0x2014,0x3F94,0x0014,0x0014,0x0014,0x0014,0x0004,0x0000},  /* U+B370 */
  {0x0000,0x0014,0x3F14,0x2014,0x20F4,0x2014,0x2014,0x3F94,0x0014,0x0000,0x0FFC,0x0004,0x0004,0x0004,0x0004,0x0000},  /* U+B371 */
  {0x0000,0x0028,0x7E28,0x4028,0x4028,0x41E8,0x4028,0x4028,0x7F28,0x0028,0x0828,0x0828,0x0800,0x0800,0x0FFC,0x0000},  /* U+B374 */
  {0x7E28,0x4028,0x4028,0x41E8,0x4028,0x4028,0x7E28,0x0008,0x0000,0x0FF8,0x0008,0x0FF8,0x0800,0x0800,0x0FFC,0x0000},  /* U+B378 */
  {0x0000,0x0014,0x3F14,0x2014,0x20F4,0x2014,0x2014,0x3F94,0x0014,0x0000,0x07FC,0x0404,0x0404,0x0404,0x07FC,0x0000},  /* U+B380 */
  {0x0000,0x3F14,0x2014,0x2014,0x20F4,0x2014,0x2014,0x3F94,0x0004,0x0404,0x0404,0x07FC,0x0404,0x0404,0x07FC,0x0000},  /* U+B381 */
  {0x0000,0x0028,0x7E28,0x4028,0x4028,0x41E8,0x4028,0x4028,0x7F28,0x0028,0x0108,0x0180,0x02C0,0x0460,0x381C,0x0000},  /* U+B383 */
  {0x0000,0x0028,0x7E28,0x4028,0x41E8,0x4028,0x4028,0x7F28,0x0028,0x0410,0x0410,0x0410,0x0E28,0x1B6C,0x3186,0x0000},  /* U+B384 */
  {0x0014,0x3F14,0x2014,0x20F4,0x2014,0x2014,0x3F94,0x0014,0x0004,0x01F0,0x0608,0x0404,0x0404,0x0608,0x01F0,0x0000},  /* U+B385 */
  {0x0008,0x0008,0x3F88,0x2008,0x20F8,0x2008,0x2008,0x20F8,0x2008,0x2048,0x3F88,0x0008,0x0008,0x0008,0x0008,0x0000},  /* U+B38C */
  {0x0008,0x0008,0x3F88,0x20F8,0x2008,0x2008,0x20F8,0x2008,0x3FC8,0x0008,0x0808,0x0808,0x0800,0x0800,0x0FF8,0x0000},  /* U+B390 */
  {0x3F88,0x2008,0x20F8,0x2008,0x20F8,0x2008,0x3FC8,0x0000,0x0000,0x0FF8,0x0008,0x0FF8,0x0800,0x0800,0x0FF8,0x0000},  /* U+B394 */
  {0x0000,0x7F10,0x4010,0x41F0,0x4010,0x4010,0x41F0,0x4010,0x7F90,0x0830,0x0820,0x0820,0x1C50,0x36D8,0x630C,0x0000},  /* U+B3A0 */
  {0x3F88,0x2008,0x20F8,0x2008,0x2008,0x20F8,0x2008,0x3FC8,0x0008,0x03E0,0x0C10,0x0808,0x0808,0x0C10,0x03E0,0x0000},  /* U+B3A1 */
  {0x0014,0x3F14,0x2014,0x2014,0x20F4,0x2014,0x2014,0x20F4,0x2014,0x2014,0x3F94,0x0014,0x0014,0x0014,0x0004,0x0000},  /* U+B3A8 */
  {0x0000,0x0008,0x7E28,0x4028,0x43E8,0x4028,0x43E8,0x4028,0x7F28,0x0028,0x0828,0x0808,0x0800,0x0800,0x0FFC,0x0000},  /* U+B3AC */
  {0x0000,0x0000,0x1FF8,0x1000,0x1000,0x1000,0x1000,0x1000,0x1FF8,0x0100,0x0100,0x0100,0x7FFE,0x0000,0x0000,0x0000},  /* U+B3C4 */
  {0x1FF0,0x1000,0x1000,0x1000,0x1FF0,0x0100,0x0100,0x7FFE,0x0000,0x0000,0x3FF0,0x0010,0x0010,0x0010,0x0010,0x0000},  /* U+B3C5 */
  {0x0000,0x1FF0,0x1000,0x1000,0x1000,0x1000,0x1FF0,0x0100,0x0100,0x7FFE,0x0000,0x1000,0x1000,0x1000,0x1FF8,0x0000},  /* U+B3C8 */
  {0x0000,0x1FF0,0x1000,0x1000,0x1000,0x1FF0,0x0100,0x0100,0x7FFE,0x0000,0x0000,0x1FF8,0x1000,0x1000,0x1FF8,0x0000},  /* U+B3CB */
  {0x0000,0x1FF0,0x1000,0x1000,0x1FF0,0x0100,0x0100,0x7FFE,0x0000,0x1FF0,0x0010,0x0010,0x1FF0,0x1000,0x1FF8,0x0000},  /* U+B3CC */
  {0x1FF8,0x1000,0x1000,0x1000,0x1FF0,0x0100,0x7FFE,0x0000,0x1EF8,0x0288,0x0288,0x1E88,0x1088,0x1088,0x1FF8,0x0000},  /* U+B3CE */
  {0x1FF8,0x1000,0x1000,0x1000,0x1FF0,0x0100,0x7FFE,0x0000,0x3E20,0x0220,0x0220,0x3E20,0x2050,0x20CC,0x3E00,0x0000},  /* U+B3D0 */
  {0x0000,0x1FF0,0x1000,0x1000,0x1000,0x1FF0,0x0100,0x0100,0x7FFE,0x0000,0x0000,0x1FF0,0x1010,0x1010,0x1FF0,0x0000},  /* U+B3D4 */
  {0x0000,0x1FF0,0x1000,0x1000,0x1000,0x1FF0,0x0100,0x0100,0x7FFE,0x0000,0x1010,0x1010,0x1FF0,0x1010,0x1FF0,0x0000},  /* U+B3D5 */
  {0x1FF0,0x1000,0x1000,0x1000,0x1FF0,0x0100,0x0100,0x7FFE,0x0000,0x0100,0x0100,0x0280,0x0440,0x3838,0x2000,0x0000},  /* U+B3D7 */
  {0x1FF0,0x1000,0x1000,0x1000,0x1FF0,0x0100,0x0100,0x7FFE,0x0000,0x07C0,0x1830,0x1010,0x1010,0x1830,0x07C0,0x0000},  /* U+B3D9 */
  {0x1FF0,0x1000,0x1000,0x1FF0,0x0100,0x0100,0x7FFE,0x0000,0x07C0,0x0000,0x1FF0,0x0020,0x01C0,0x1E7C,0x2000,0x0000},  /* U+B3DB */
  {0x0000,0x1FF8,0x1000,0x1000,0x1FF0,0x0100,0x0100,0x7FFE,0x0000,0x1FF8,0x1000,0x1000,0x1FF0,0x1000,0x1FF8,0x0000},  /* U+B3DD */
  {0x0000,0x0010,0x3F90,0x2010,0x2010,0x2010,0x2010,0x3F9C,0x0410,0x0410,0x0410,0x0410,0x7FD0,0x0010,0x0010,0x0000},  /* U+B3E0 */
  {0x0000,0x0010,0x3F90,0x2010,0x2010,0x2010,0x3F9C,0x0410,0x0410,0x7FF0,0x0010,0x1010,0x1000,0x1000,0x1FF8,0x0000},  /* U+B3E4 */
  {0x3F90,0x2010,0x2010,0x2010,0x3F9C,0x0410,0x0410,0x7FF0,0x0000,0x1FF0,0x0010,0x1FF0,0x1000,0x1000,0x1FF8,0x0000},  /* U+B3E8 */
  {0x0024,0x3F24,0x2024,0x2024,0x2024,0x2024,0x3F3C,0x0424,0x0424,0x0424,0x3FE4,0x0024,0x0024,0x0024,0x0004,0x0000},  /* U+B3FC */
  {0x0000,0x7E48,0x4048,0x4048,0x4048,0x7E78,0x0848,0x0848,0x7F48,0x0008,0x0410,0x0410,0x0E18,0x1B28,0x31C6,0x0000},  /* U+B410 */
  {0x0004,0x1FC4,0x1004,0x1004,0x1004,0x1004,0x1FC4,0x0204,0x0204,0x0204,0x0214,0x3FE4,0x0004,0x0004,0x0004,0x0000},  /* U+B418 */
  {0x0000,0x0008,0x3F88,0x2008,0x2008,0x2008,0x3F88,0x0408,0x0408,0x7FE8,0x0008,0x0808,0x0800,0x0800,0x0FFC,0x0000},  /* U+B41C */
  {0x1FC4,0x1004,0x1004,0x1004,0x1FC4,0x0204,0x0204,0x3FF4,0x0000,0x0FFC,0x0004,0x0FFC,0x0800,0x0800,0x0FFC,0x0000},  /* U+B420 */
  {0x0000,0x1FC4,0x1004,0x1004,0x1004,0x1FC4,0x0204,0x0204,0x3FF4,0x0004,0x0000,0x0FFC,0x0804,0x0804,0x0FFC,0x0000},  /* U+B428 */
  {0x0000,0x1FC4,0x1004,0x1004,0x1004,0x1FC4,0x0204,0x0204,0x3FF4,0x0000,0x0804,0x0804,0x0FFC,0x0804,0x0FFC,0x0000},  /* U+B429 */
  {0x0000,0x0008,0x3F88,0x2008,0x2008,0x2008,0x3F88,0x0408,0x0408,0x7FE8,0x0088,0x0180,0x03C0,0x0660,0x381C,0x0000},  /* U+B42B */
  {0x0000,0x0000,0x1FF8,0x1000,0x1000,0x1000,0x1000,0x1000,0x1FF0,0x0440,0x0440,0x0440,0x7FFC,0x0000,0x0000,0x0000},  /* U+B434 */
  {0x0000,0x1FF8,0x1000,0x1000,0x1000,0x1000,0x1FF8,0x0000,0x0000,0x7FFE,0x0100,0x0100,0x0100,0x0100,0x0100,0x0000},  /* U+B450 */
  {0x1FF0,0x1000,0x1000,0x1000,0x1FF0,0x0000,0x0000,0x7FFE,0x0100,0x0100,0x3FF0,0x0010,0x0010,0x0010,0x0010,0x0000},  /* U+B451 */
  {0x0000,0x0FF8,0x0800,0x0800,0x0800,0x0800,0x0FFC,0x0000,0x7FFE,0x0080,0x0880,0x0880,0x0880,0x0800,0x0FFC,0x0000},  /* U+B454 */
  {0x0000,0x1FF0,0x1000,0x1000,0x1000,0x1FF8,0x0000,0x7FFE,0x0100,0x0100,0x1FF0,0x0010,0x1FF0,0x1000,0x1FF8,0x0000},  /* U+B458 */
  {0x0000,0x1FF0,0x1000,0x1000,0x1000,0x1FF8,0x0000,0x0000,0x7FFE,0x0100,0x0100,0x1FF0,0x1010,0x1010,0x1FF0,0x0000},  /* U+B460 */
  {0x0000,0x1FF0,0x1000,0x1000,0x1000,0x1FF8,0x0000,0x0000,0x7FFE,0x0100,0x1110,0x1010,0x1FF0,0x1010,0x1FF0,0x0000},  /* U+B461 */
  {0x1FF0,0x1000,0x1000,0x1000,0x1FF0,0x0000,0x0000,0x7FFE,0x0100,0x0100,0x0100,0x0280,0x0440,0x3838,0x2000,0x0000},  /* U+B463 */
  {0x1FF0,0x1000,0x1000,0x1000,0x1FF0,0x0000,0x0000,0x7FFE,0x0100,0x0100,0x07E0,0x1830,0x1010,0x1810,0x07E0,0x0000},  /* U+B465 */
  {0x0004,0x1FC4,0x1004,0x1004,0x1004,0x1004,0x1FC4,0x0034,0x3FC4,0x0204,0x023C,0x0204,0x0204,0x0204,0x0004,0x0000},  /* U+B46C */
  {0x0008,0x3F88,0x2008,0x2008,0x2008,0x3F88,0x0008,0x7FE8,0x0478,0x0408,0x0410,0x0410,0x0618,0x1B2C,0x31C6,0x2000},  /* U+B480 */
  {0x0014,0x3F14,0x2014,0x2014,0x2014,0x3F14,0x0014,0x0014,0x7F94,0x0414,0x04F4,0x0414,0x0414,0x0414,0x0004,0x0000},  /* U+B488 */
  {0x0014,0x1F94,0x1014,0x1014,0x1F94,0x0014,0x7F94,0x0474,0x0414,0x0400,0x03F0,0x0C0C,0x0804,0x0C0C,0x03F0,0x0000},  /* U+B49D */
  {0x0004,0x1FC4,0x1004,0x1004,0x1004,0x1004,0x1FC4,0x0014,0x3FE4,0x0204,0x0204,0x0204,0x0204,0x0204,0x0004,0x0000},  /* U+B4A4 */
  {0x0000,0x1FC4,0x1004,0x1004,0x1004,0x1FC4,0x0004,0x0004,0x7FE4,0x0204,0x0204,0x0A04,0x0800,0x0800,0x0FFC,0x0000},  /* U+B4A8 */
  {0x1FC4,0x1004,0x1004,0x1004,0x1FC4,0x0004,0x3FE4,0x0204,0x0200,0x0FFC,0x0004,0x0FFC,0x0800,0x0800,0x0FFC,0x0000},  /* U+B4AC */
  {0x0000,0x1FC4,0x1004,0x1004,0x1004,0x1FC4,0x0004,0x3FE4,0x0204,0x0200,0x0804,0x0804,0x0FFC,0x0804,0x0FFC,0x0000},  /* U+B4B5 */
  {0x0000,0x3F88,0x2008,0x2008,0x2008,0x3F88,0x0008,0x0008,0x7FE8,0x0408,0x0488,0x0480,0x0140,0x0630,0x1C1C,0x0000},  /* U+B4B7 */
  {0x1FC4,0x1004,0x1004,0x1004,0x1FC4,0x0004,0x3FF4,0x0204,0x0204,0x0000,0x03F0,0x0C0C,0x0804,0x0C0C,0x03F0,0x0000},  /* U+B4B9 */
  {0x0000,0x0FFC,0x0800,0x0800,0x0800,0x0800,0x0FFC,0x0000,0x0000,0x7FFE,0x0420,0x0420,0x0420,0x0420,0x0420,0x0000},  /* U+B4C0 */
  {0x0000,0x0FFC,0x0800,0x0800,0x0800,0x0800,0x0FFC,0x0000,0x7FFE,0x0220,0x0A20,0x0A20,0x0800,0x0800,0x0FFC,0x0000},  /* U+B4C4 */
  {0x0000,0x1FF0,0x1000,0x1000,0x1000,0x1FF8,0x0000,0x7FFC,0x0440,0x0440,0x1FF0,0x0010,0x1FF0,0x1000,0x1FF8,0x0000},  /* U+B4C8 */
  {0x0000,0x1FF0,0x1000,0x1000,0x1000,0x1FF8,0x0000,0x0000,0x7FFC,0x0440,0x0440,0x1FF0,0x1010,0x1010,0x1FF0,0x0000},  /* U+B4D0 */
  {0x1FF0,0x1000,0x1000,0x1000,0x1FF0,0x0000,0x0000,0x7FFC,0x0440,0x0440,0x0FE0,0x1830,0x1010,0x1810,0x07E0,0x0000},  /* U+B4D5 */
  {0x0000,0x0000,0x1FF8,0x1000,0x1000,0x1000,0x1000,0x1000,0x1FF8,0x0000,0x0000,0x0000,0xFFFE,0x0000,0x0000,0x0000},  /* U+B4DC */
  {0x1FF0,0x1000,0x1000,0x1000,0x1FF0,0x0000,0x0000,0xFFFE,0x0000,0x0000,0x3FF0,0x0010,0x0010,0x0010,0x0010,0x0000},  /* U+B4DD */
  {0x0000,0x1FF0,0x1000,0x1000,0x1000,0x1FF8,0x0000,0x0000,0xFFFE,0x0000,0x1000,0x1000,0x1000,0x1000,0x1FF8,0x0000},  /* U+B4E0 */
  {0x0000,0x1FF0,0x1000,0x1000,0x1000,0x1FF8,0x0000,0x0000,0xFFFE,0x0000,0x0000,0x1FF8,0x1000,0x1000,0x1FF8,0x0000},  /* U+B4E3 */
  {0x0000,0x1FF0,0x1000,0x1000,0x1000,0x1FF8,0x0000,0xFFFE,0x0000,0x1FF0,0x0010,0x0010,0x1FF0,0x1000,0x1FF8,0x0000},  /* U+B4E4 */
  {0x1FF8,0x1000,0x1000,0x1000,0x1FF8,0x0000,0xFFFE,0x0000,0x1EF8,0x0288,0x0288,0x1E88,0x1088,0x1088,0x1FF8,0x0000},  /* U+B4E6 */
  {0x0000,0x1FF0,0x1000,0x1000,0x1000,0x1FF8,0x0000,0x0000,0xFFFE,0x0000,0x1FF0,0x1010,0x1010,0x1010,0x1FF0,0x0000},  /* U+B4EC */
  {0x0000,0x1FF0,0x1000,0x1000,0x1000,0x1FF8,0x0000,0x0000,0xFFFE,0x0000,0x1010,0x1010,0x1FF0,0x1010,0x1FF0,0x0000},  /* U+B4ED */
  {0x1FF0,0x1000,0x1000,0x1000,0x1FF8,0x0000,0x0000,0xFFFE,0x0000,0x0100,0x0100,0x0280,0x0440,0x3838,0x2000,0x0000},  /* U+B4EF */
  {0x1FF0,0x1000,0x1000,0x1000,0x1FF0,0x0000,0x0000,0xFFFE,0x0000,0x07C0,0x0830,0x1010,0x1010,0x0820,0x07C0,0x0000},  /* U+B4F1 */
  {0x0004,0x1FC4,0x1004,0x1004,0x1004,0x1004,0x1004,0x1FC4,0x0004,0x0034,0x3FC4,0x0004,0x0004,0x0004,0x0004,0x0000},  /* U+B4F8 */
  {0x0008,0x3F88,0x2008,0x2008,0x2008,0x2008,0x2008,0x2008,0x2068,0x3F88,0x0008,0x0008,0x0008,0x0008,0x0008,0x0000},  /* U+B514 */
  {0x0000,0x0008,0x3F88,0x2008,0x2008,0x2008,0x2008,0x3FC8,0x0008,0x0000,0x0FF8,0x0008,0x0008,0x0008,0x0008,0x0000},  /* U+B515 */
  {0x0000,0x0008,0x3F88,0x2008,0x2008,0x2008,0x2008,0x2008,0x3FC8,0x0008,0x0808,0x0808,0x0800,0x0800,0x0FF8,0x0000},  /* U+B518 */
  {0x0000,0x3F88,0x2008,0x2008,0x2008,0x2008,0x2008,0x3FC8,0x0008,0x0000,0x0FF8,0x0800,0x0800,0x0800,0x0FF8,0x0000},  /* U+B51B */
  {0x3F88,0x2008,0x2008,0x2008,0x2008,0x2008,0x3FC8,0x0008,0x0FF8,0x0008,0x0008,0x0FF8,0x0800,0x0800,0x0FF8,0x0000},  /* U+B51C */
  {0x0000,0x3F88,0x2008,0x2008,0x2008,0x2008,0x2008,0x3FC8,0x0008,0x0000,0x0FF8,0x0808,0x0808,0x0808,0x0FF8,0x0000},  /* U+B524 */
  {0x0000,0x3F88,0x2008,0x2008,0x2008,0x2008,0x2008,0x3FC8,0x0008,0x0808,0x0808,0x0FF8,0x0808,0x0808,0x0FF8,0x0000},  /* U+B525 */
  {0x0000,0x0008,0x3F88,0x2008,0x2008,0x2008,0x2008,0x2008,0x3FC8,0x0008,0x0080,0x0180,0x0340,0x0630,0x381C,0x0000},  /* U+B527 */
  {0x0000,0x7F10,0x4010,0x4010,0x4010,0x4010,0x4010,0x7F90,0x0010,0x0820,0x0820,0x0820,0x1C50,0x36D8,0x630C,0x0000},  /* U+B528 */
  {0x3F88,0x2008,0x2008,0x2008,0x2008,0x2008,0x3FC8,0x0008,0x0008,0x03E0,0x0C10,0x0808,0x0808,0x0C10,0x03E0,0x0000},  /* U+B529 */
  {0x0000,0x3F88,0x2008,0x2008,0x2008,0x2008,0x2008,0x3FC8,0x0008,0x0000,0x0FF8,0x0010,0x0060,0x01E0,0x0E1C,0x0000},  /* U+B52A */
  {0x0010,0x7BD0,0x4210,0x4210,0x4210,0x4210,0x421C,0x4210,0x4210,0x7BF0,0x0010,0x0010,0x0010,0x0010,0x0010,0x0000},  /* U+B530 */
  {0x0000,0x0010,0x7BD0,0x4210,0x4210,0x421C,0x4210,0x7BF0,0x0010,0x0000,0x1FF0,0x0010,0x0010,0x0010,0x0010,0x0000},  /* U+B531 */
  {0x0010,0x0010,0x7BD0,0x4210,0x4210,0x421C,0x4210,0x4210,0x7BF0,0x0010,0x1010,0x1000,0x1000,0x1000,0x1FF8,0x0000},  /* U+B534 */
  {0x7BD0,0x4210,0x4210,0x421C,0x4210,0x4210,0x7BF0,0x0000,0x1FF0,0x0010,0x0010,0x1FF0,0x1000,0x1000,0x1FF0,0x0000},  /* U+B538 */
  {0x0000,0x7BD0,0x4210,0x4210,0x4210,0x421C,0x4210,0x7BF0,0x0010,0x0010,0x1FF0,0x1010,0x1010,0x1010,0x1FF0,0x0000},  /* U+B540 */
  {0x0000,0x7BD0,0x4210,0x4210,0x421C,0x4210,0x4210,0x7BF0,0x0000,0x1010,0x1010,0x1FF0,0x1010,0x1010,0x1FF0,0x0000},  /* U+B541 */
  {0x0000,0x0010,0x7BD0,0x4210,0x4210,0x421C,0x4210,0x4210,0x7BF0,0x0010,0x0100,0x0180,0x0280,0x0C60,0x3818,0x0000},  /* U+B543 */
  {0x0000,0x7BD0,0x4210,0x4210,0x4210,0x421C,0x4210,0x7BF0,0x0010,0x0420,0x0420,0x0420,0x0A50,0x1A58,0x318C,0x0000},  /* U+B544 */
  {0x7BD0,0x4210,0x4210,0x4210,0x421C,0x4210,0x7BF0,0x0010,0x0010,0x07C0,0x0830,0x1010,0x1010,0x0830,0x07C0,0x0000},  /* U+B545 */
  {0x7BD0,0x4210,0x4210,0x421C,0x4210,0x4210,0x7BF0,0x0010,0x03C0,0x0000,0x1FF8,0x03C0,0x0420,0x0420,0x03C0,0x0000},  /* U+B54B */
  {0x0014,0x3B94,0x2214,0x2214,0x2214,0x2214,0x221C,0x2214,0x2214,0x3BD4,0x0014,0x0014,0x0014,0x0014,0x0004,0x0000},  /* U+B54C */
  {0x0000,0x0014,0x3B94,0x2214,0x2214,0x221C,0x2214,0x3BD4,0x0014,0x0004,0x0FFC,0x0004,0x0004,0x0004,0x0004,0x0000},  /* U+B54D */
  {0x0008,0x0028,0x7728,0x4428,0x4428,0x4438,0x4428,0x4428,0x77A8,0x0028,0x0828,0x0800,0x0800,0x0800,0x0FFC,0x0000},  /* U+B550 */
  {0x7728,0x4428,0x4428,0x4438,0x4428,0x4428,0x77A8,0x0008,0x0000,0x0FF8,0x0008,0x0FF8,0x0800,0x0800,0x0FFC,0x0000},  /* U+B554 */
  {0x0000,0x0014,0x3B94,0x2214,0x2214,0x221C,0x2214,0x3BD4,0x0014,0x0004,0x07FC,0x0404,0x0404,0x0404,0x07FC,0x0000},  /* U+B55C */
  {0x0004,0x3B94,0x2214,0x2214,0x221C,0x2214,0x2214,0x3BD4,0x0000,0x0404,0x0404,0x07FC,0x0404,0x0404,0x07FC,0x0000},  /* U+B55D */
  {0x0000,0x0028,0x7728,0x4428,0x4428,0x4438,0x4428,0x4428,0x77A8,0x0028,0x0108,0x0180,0x02C0,0x0460,0x381C,0x0000},  /* U+B55F */
  {0x0000,0x0028,0x7728,0x4428,0x4428,0x4438,0x4428,0x77A8,0x0028,0x0418,0x0410,0x0410,0x0E28,0x196C,0x30C6,0x0000},  /* U+B560 */
  {0x0014,0x3B94,0x2214,0x2214,0x221C,0x2214,0x3BD4,0x0014,0x0004,0x01F0,0x0608,0x0404,0x0404,0x0608,0x01F0,0x0000},  /* U+B561 */
  {0x0004,0x3DE4,0x2104,0x2104,0x2104,0x213C,0x2104,0x2104,0x2104,0x3DF4,0x0004,0x0004,0x0004,0x0004,0x0004,0x0000},  /* U+B5A0 */
  {0x0008,0x0008,0x3FC8,0x2208,0x2278,0x2208,0x2208,0x3FE8,0x0008,0x0000,0x0FF8,0x0008,0x0008,0x0008,0x0008,0x0000},  /* U+B5A1 */
  {0x0000,0x0008,0x3FC8,0x2208,0x2208,0x2278,0x2208,0x2208,0x3FE8,0x0008,0x0808,0x0808,0x0800,0x0800,0x0FF8,0x0000},  /* U+B5A4 */
  {0x3FC8,0x2208,0x2208,0x2278,0x2208,0x2208,0x3FE8,0x0008,0x0FF8,0x0008,0x0008,0x0FF8,0x0800,0x0800,0x0FF8,0x0000},  /* U+B5A8 */
  {0x3FC8,0x2208,0x2208,0x2278,0x2208,0x2208,0x3FE8,0x0008,0x1FF8,0x0188,0x0188,0x1F88,0x1088,0x1088,0x1FF8,0x0000},  /* U+B5AA */
  {0x3FC8,0x2208,0x2208,0x2278,0x2208,0x2208,0x3FE8,0x0008,0x0000,0x1F88,0x0188,0x1FF8,0x1088,0x1088,0x1FF8,0x0000},  /* U+B5AB */
  {0x0008,0x3FC8,0x2208,0x2208,0x2278,0x2208,0x2208,0x3FE8,0x0008,0x0000,0x0FF8,0x0808,0x0808,0x0808,0x0FF8,0x0000},  /* U+B5B0 */
  {0x0000,0x3FC8,0x2208,0x2208,0x2278,0x2208,0x2208,0x3FE8,0x0000,0x0808,0x0808,0x0FF8,0x0808,0x0808,0x0FF8,0x0000},  /* U+B5B1 */
  {0x0000,0x0008,0x3FC8,0x2208,0x2208,0x2278,0x2208,0x2208,0x3FE8,0x0008,0x0088,0x0180,0x0340,0x0630,0x181C,0x0000},  /* U+B5B3 */
  {0x0010,0x7F90,0x4410,0x4410,0x44F0,0x4410,0x4410,0x7FD0,0x0010,0x0420,0x0420,0x0420,0x0E50,0x1A58,0x318C,0x0000},  /* U+B5B4 */
  {0x0008,0x3FC8,0x2208,0x2208,0x2278,0x2208,0x2208,0x3FE8,0x0008,0x0000,0x03E0,0x0C10,0x0808,0x0808,0x0C10,0x03E0},  /* U+B5B5 */
  {0x3FC8,0x2208,0x2208,0x2278,0x2208,0x2208,0x3FE8,0x0008,0x03E0,0x0000,0x1FF8,0x03E0,0x0410,0x0410,0x03E0,0x0000},  /* U+B5BB */
  {0x0014,0x3B94,0x2214,0x2214,0x2214,0x2274,0x2214,0x2214,0x2214,0x3BD4,0x0014,0x0014,0x0014,0x0014,0x0004,0x0000},  /* U+B5BC */
  {0x0000,0x0014,0x3B94,0x2214,0x2274,0x2214,0x2214,0x3BD4,0x0014,0x0000,0x0FFC,0x0004,0x0004,0x0004,0x0004,0x0000},  /* U+B5BD */
  {0x0000,0x0028,0x7728,0x4428,0x4428,0x44E8,0x4428,0x4428,0x77A8,0x0028,0x0828,0x0808,0x0800,0x0800,0x0FFC,0x0000},  /* U+B5C0 */
  {0x7728,0x4428,0x4428,0x44E8,0x4428,0x4428,0x77A8,0x0008,0x0000,0x0FF8,0x0008,0x0FF8,0x0800,0x0800,0x0FFC,0x0000},  /* U+B5C4 */
  {0x0000,0x0014,0x3B94,0x2214,0x2274,0x2214,0x2214,0x3BD4,0x0014,0x0000,0x07FC,0x0404,0x0404,0x0404,0x07FC,0x0000},  /* U+B5CC */
  {0x0000,0x3B94,0x2214,0x2214,0x2274,0x2214,0x2214,0x3BD4,0x0004,0x0404,0x0404,0x07FC,0x0404,0x0404,0x07FC,0x0000},  /* U+B5CD */
  {0x0000,0x0028,0x7728,0x4428,0x4428,0x44E8,0x4428,0x4428,0x77A8,0x0028,0x0108,0x0180,0x02C0,0x0460,0x381C,0x0000},  /* U+B5CF */
  {0x0000,0x0028,0x7728,0x4428,0x44E8,0x4428,0x4428,0x77A8,0x0028,0x0410,0x0410,0x0410,0x0E38,0x192C,0x30C2,0x0000},  /* U+B5D0 */
  {0x0014,0x3B94,0x2214,0x2274,0x2214,0x2214,0x3BD4,0x0014,0x0000,0x01F0,0x0608,0x0404,0x0404,0x0608,0x01F0,0x0000},  /* U+B5D1 */
  {0x0004,0x0004,0x3DE4,0x2104,0x213C,0x2104,0x2104,0x2104,0x213C,0x2104,0x3DF4,0x0004,0x0004,0x0004,0x0004,0x0004},  /* U+B5D8 */
  {0x0000,0x7F90,0x4410,0x44F0,0x4410,0x44F0,0x4410,0x7FD0,0x0010,0x0420,0x0420,0x0420,0x0E50,0x1A58,0x318C,0x0000},  /* U+B5EC */
  {0x0000,0x0000,0x3EF8,0x2080,0x2080,0x2080,0x2080,0x2080,0x3EF8,0x0100,0x0100,0x0100,0x7FFE,0x0000,0x0000,0x0000},  /* U+B610 */
  {0x3EF8,0x2080,0x2080,0x2080,0x3EF8,0x0100,0x0100,0x7FFE,0x0000,0x0000,0x3FF0,0x0010,0x0010,0x0010,0x0010,0x0000},  /* U+B611 */
  {0x0000,0x3EF8,0x2080,0x2080,0x2080,0x3EF8,0x0000,0x0100,0x0100,0x7FFE,0x0000,0x2000,0x2000,0x2000,0x3FF0,0x0000},  /* U+B614 */
  {0x0000,0x3EF8,0x2080,0x2080,0x3EF8,0x0100,0x0100,0x7FFE,0x0000,0x3FF0,0x0010,0x0010,0x3FF0,0x2000,0x3FF0,0x0000},  /* U+B618 */
  {0x3EF8,0x2080,0x2080,0x2080,0x3EF8,0x0100,0x0100,0x7FFE,0x0000,0x0FC0,0x1020,0x2010,0x2010,0x1020,0x0FC0,0x0000},  /* U+B625 */
  {0x0000,0x0010,0x7F90,0x4410,0x4410,0x4410,0x4410,0x7F9C,0x0010,0x0410,0x0410,0x0410,0x7FD0,0x0010,0x0010,0x0000},  /* U+B62C */
  {0x3FC8,0x2208,0x2208,0x2208,0x3FCE,0x0408,0x0408,0x7FE8,0x0000,0x0FF8,0x0008,0x0FF8,0x0800,0x0800,0x0FFC,0x0000},  /* U+B634 */
  {0x0014,0x3BD4,0x2214,0x2214,0x2214,0x2214,0x3BDC,0x0414,0x0414,0x0414,0x3FD4,0x0014,0x0014,0x0014,0x0004,0x0000},  /* U+B648 */
  {0x0004,0x3FE4,0x2104,0x2104,0x2104,0x2104,0x3DE4,0x0004,0x0104,0x0104,0x010C,0x1FF4,0x0004,0x0004,0x0004,0x0000},  /* U+B664 */
  {0x0000,0x0004,0x1FE4,0x1104,0x1104,0x1104,0x1FE4,0x0104,0x0104,0x3FFC,0x0004,0x0804,0x0800,0x0800,0x0FFC,0x0000},  /* U+B668 */
  {0x0000,0x3EF8,0x2080,0x2080,0x2080,0x2080,0x3EF8,0x0000,0x0000,0x7FFE,0x0100,0x0100,0x0100,0x0100,0x0100,0x0000},  /* U+B69C */
  {0x3EF8,0x2080,0x2080,0x2080,0x3EF8,0x0000,0x0000,0x7FFE,0x0100,0x0100,0x3FF0,0x0010,0x0010,0x0010,0x0010,0x0000},  /* U+B69D */
  {0x0000,0x0FF8,0x0880,0x0880,0x0880,0x0FF8,0x0000,0x0000,0x7FFE,0x0080,0x0880,0x0880,0x0880,0x0800,0x0FFC,0x0000},  /* U+B6A0 */
  {0x0000,0x3EF8,0x2080,0x2080,0x2080,0x3EF8,0x0000,0x7FFE,0x0100,0x0100,0x3FF0,0x0010,0x3FF0,0x2000,0x3FF0,0x0000},  /* U+B6A4 */
  {0x3EF8,0x2080,0x2080,0x2080,0x3EF8,0x0000,0x7FFE,0x0100,0x3E78,0x0200,0x02FC,0x3E70,0x2088,0x2088,0x3F70,0x0000},  /* U+B6AB */
  {0x0000,0x3EF8,0x2080,0x2080,0x2080,0x3EF8,0x0000,0x0000,0x7FFE,0x0100,0x0100,0x3FF0,0x2010,0x2010,0x3FF0,0x0000},  /* U+B6AC */
  {0x3EF8,0x2080,0x2080,0x2080,0x3EF8,0x0000,0x0000,0x7FFE,0x0100,0x0100,0x0FE0,0x3030,0x2010,0x3030,0x0FC0,0x0000},  /* U+B6B1 */
  {0x0014,0x3B94,0x2214,0x2214,0x2214,0x3B94,0x0014,0x00D4,0x7F14,0x0414,0x04F4,0x0414,0x0414,0x0414,0x0004,0x0000},  /* U+B6D4 */
  {0x0004,0x3DE4,0x2104,0x2104,0x2104,0x2104,0x3DE4,0x0014,0x3FE4,0x0204,0x0204,0x0204,0x0204,0x0204,0x0004,0x0000},  /* U+B6F0 */
  {0x0000,0x0004,0x1FE4,0x1104,0x1104,0x1FE4,0x0004,0x0004,0x3FF4,0x0104,0x0104,0x0904,0x0800,0x0800,0x0FFC,0x0000},  /* U+B6F4 */
  {0x1FE4,0x1104,0x1104,0x1104,0x1FE4,0x0004,0x3FE4,0x0204,0x0200,0x0FFC,0x0004,0x0FFC,0x0800,0x0800,0x0FFC,0x0000},  /* U+B6F8 */
  {0x0000,0x1FE4,0x1104,0x1104,0x1104,0x1FE4,0x0004,0x0004,0x3FF4,0x0204,0x0200,0x0FFC,0x0804,0x0804,0x0FFC,0x0000},  /* U+B700 */
  {0x0000,0x1FE4,0x1104,0x1104,0x1104,0x1FE4,0x0004,0x3FE4,0x0204,0x0200,0x0804,0x0804,0x0FFC,0x0804,0x0FFC,0x0000},  /* U+B701 */
  {0x1FE4,0x1104,0x1104,0x1104,0x1FE4,0x0004,0x0004,0x3FE4,0x0204,0x0204,0x03F0,0x0C0C,0x0804,0x0C0C,0x03F0,0x0000},  /* U+B705 */
  {0x0000,0x0000,0x3EF8,0x2080,0x2080,0x2080,0x2080,0x2080,0x3EF8,0x0000,0x0000,0x0000,0xFFFE,0x0000,0x0000,0x0000},  /* U+B728 */
  {0x3EF8,0x2080,0x2080,0x2080,0x3EF8,0x0000,0x0000,0xFFFE,0x0000,0x0000,0x3FF0,0x0010,0x0010,0x0010,0x0010,0x0000},  /* U+B729 */
  {0x0000,0x1FF8,0x1080,0x1080,0x1080,0x1FF8,0x0000,0x0000,0xFFFE,0x0000,0x1000,0x1000,0x1000,0x1000,0x1FF8,0x0000},  /* U+B72C */
  {0x0000,0x3EF8,0x2080,0x2080,0x2080,0x3EF8,0x0000,0x0000,0xFFFE,0x0000,0x0000,0x3FF0,0x2000,0x2000,0x3FF0,0x0000},  /* U+B72F */
  {0x0000,0x3EF8,0x2080,0x2080,0x2080,0x3EF8,0x0000,0xFFFE,0x0000,0x3FF0,0x0010,0x0010,0x3FF0,0x2000,0x3FF0,0x0000},  /* U+B730 */
  {0x0000,0x3EF8,0x2080,0x2080,0x2080,0x3EF8,0x0000,0x0000,0xFFFE,0x0000,0x3FF0,0x2010,0x2010,0x2010,0x3FF0,0x0000},  /* U+B738 */
  {0x0000,0x1FF8,0x1080,0x1080,0x1080,0x1FF8,0x0000,0x0000,0xFFFE,0x0000,0x1010,0x1010,0x1FF0,0x1010,0x1FF0,0x0000},  /* U+B739 */
  {0x0000,0x3EF8,0x2080,0x2080,0x2080,0x3EF8,0x0000,0x0000,0xFFFE,0x0000,0x0180,0x0180,0x03C0,0x0660,0x381C,0x0000},  /* U+B73B */
  {0x0004,0x3DE4,0x2104,0x2104,0x2104,0x2104,0x2104,0x3DE4,0x0004,0x0034,0x3FC4,0x0004,0x0004,0x0004,0x0004,0x0000},  /* U+B744 */
  {0x0000,0x0004,0x1FE4,0x1104,0x1104,0x1104,0x1FE4,0x0004,0x0004,0x3FF4,0x0004,0x0804,0x0800,0x0800,0x0FFC,0x0000},  /* U+B748 */
  {0x1FE4,0x1104,0x1104,0x1104,0x1FE4,0x0004,0x0004,0x3FF4,0x0000,0x0FFC,0x0004,0x0FFC,0x0800,0x0800,0x0FFC,0x0000},  /* U+B74C */
  {0x0000,0x1FE4,0x1104,0x1104,0x1104,0x1FE4,0x0004,0x0004,0x3FF4,0x0004,0x0000,0x0FFC,0x0804,0x0804,0x0FFC,0x0000},  /* U+B754 */
  {0x0000,0x1FE4,0x1104,0x1104,0x1104,0x1FE4,0x0004,0x0004,0x3FF4,0x0000,0x0804,0x0804,0x0FFC,0x0804,0x0FFC,0x0000},  /* U+B755 */
  {0x0004,0x3DE4,0x2104,0x2104,0x2104,0x2104,0x2104,0x2104,0x2104,0x3DF4,0x0004,0x0004,0x0004,0x0004,0x0004,0x0000},  /* U+B760 */
  {0x0000,0x0008,0x3FC8,0x2208,0x2208,0x2208,0x2208,0x2208,0x3FE8,0x0008,0x0808,0x0808,0x0800,0x0800,0x0FF8,0x0000},  /* U+B764 */
  {0x3FC8,0x2208,0x2208,0x2208,0x2208,0x2208,0x3FE8,0x0008,0x0FF8,0x0008,0x0008,0x0FF8,0x0800,0x0800,0x0FF8,0x0000},  /* U+B768 */
  {0x0000,0x3FC8,0x2208,0x2208,0x2208,0x2208,0x2208,0x3FE8,0x0008,0x0000,0x0FF8,0x0808,0x0808,0x0808,0x0FF8,0x0000},  /* U+B770 */
  {0x0000,0x3FC8,0x2208,0x2208,0x2208,0x2208,0x2208,0x3FE8,0x0008,0x0808,0x0808,0x0FF8,0x0808,0x0808,0x0FF8,0x0000},  /* U+B771 */
  {0x0000,0x0008,0x3FC8,0x2208,0x2208,0x2208,0x2208,0x2208,0x3FE8,0x0008,0x0080,0x0180,0x0340,0x0630,0x181C,0x0000},  /* U+B773 */
  {0x3FC8,0x2208,0x2208,0x2208,0x2208,0x2208,0x3FE8,0x0008,0x0000,0x03E0,0x0C10,0x0808,0x0808,0x0C10,0x03E0,0x0000},  /* U+B775 */
  {0x0010,0x3F10,0x0110,0x0110,0x0110,0x3F10,0x201C,0x2010,0x2010,0x2030,0x3FD0,0x0010,0x0010,0x0010,0x0010,0x0000},  /* U+B77C */
  {0x3F10,0x0110,0x0110,0x0110,0x3F1C,0x2010,0x2010,0x3FD0,0x0010,0x0000,0x1FF0,0x0010,0x0010,0x0010,0x0010,0x0000},  /* U+B77D */
  {0x0000,0x0010,0x3F10,0x0110,0x0110,0x3F10,0x201C,0x2010,0x2010,0x3FD0,0x0010,0x1010,0x1000,0x1000,0x1FF8,0x0000},  /* U+B780 */
  {0x0010,0x3F10,0x0110,0x0110,0x3F1C,0x2010,0x2010,0x3FD0,0x0000,0x0000,0x1FF0,0x0010,0x1FF0,0x1000,0x1000,0x1FF0},  /* U+B784 */
  {0x0000,0x3F10,0x0110,0x0110,0x0110,0x3F1C,0x2010,0x2010,0x3FD0,0x0010,0x1FF0,0x1010,0x1010,0x1010,0x1FF0,0x0000},  /* U+B78C */
  {0x0000,0x3F10,0x0110,0x0110,0x3F10,0x201C,0x2010,0x2010,0x3FD0,0x0000,0x1010,0x1010,0x1FF0,0x1010,0x1FF0,0x0000},  /* U+B78D */
  {0x0000,0x0010,0x3F10,0x0110,0x0110,0x3F10,0x201C,0x2010,0x3FD0,0x0010,0x0110,0x0180,0x0280,0x0660,0x381C,0x0000},  /* U+B78F */
  {0x0000,0x3F10,0x0110,0x0110,0x0110,0x3F1C,0x2010,0x2010,0x3FD0,0x0010,0x0420,0x0420,0x0C70,0x1A58,0x318C,0x0000},  /* U+B790 */
  {0x3F10,0x0110,0x0110,0x0110,0x3F1C,0x2010,0x2010,0x3FD0,0x0010,0x07C0,0x1830,0x1010,0x1010,0x1830,0x07C0,0x0000},  /* U+B791 */
  {0x0000,0x3F10,0x0110,0x0110,0x0110,0x3F1C,0x2010,0x2010,0x3FD0,0x0010,0x0FF0,0x0030,0x00C0,0x0370,0x1C08,0x0000},  /* U+B792 */
  {0x0000,0x3F10,0x0110,0x0110,0x0110,0x3F1C,0x2010,0x2010,0x3FD0,0x0010,0x1FF8,0x0420,0x0420,0x0420,0x1FF8,0x0000},  /* U+B796 */
  {0x0010,0x3F10,0x0110,0x0110,0x3F1C,0x2010,0x2010,0x3FD0,0x0000,0x03C0,0x0000,0x1FF8,0x03E0,0x0410,0x0410,0x03E0},  /* U+B797 */
  {0x0024,0x3F24,0x0124,0x0124,0x0124,0x3F24,0x203C,0x2024,0x2024,0x20A4,0x3F24,0x0024,0x0024,0x0024,0x0004,0x0000},  /* U+B798 */
  {0x0024,0x3F24,0x0124,0x0124,0x3F3C,0x2024,0x20A4,0x3F24,0x0024,0x0000,0x0FFC,0x0004,0x0004,0x0004,0x0004,0x0000},  /* U+B799 */
  {0x0008,0x0048,0x7E48,0x0248,0x0248,0x7E78,0x4048,0x4048,0x4148,0x7E48,0x0048,0x0800,0x0800,0x0800,0x0FFC,0x0000},  /* U+B79C */
  {0x7E48,0x0248,0x0248,0x7E48,0x4078,0x4148,0x7E48,0x0048,0x0000,0x0FF8,0x0008,0x0FF8,0x0800,0x0800,0x0FFC,0x0000},  /* U+B7A0 */
  {0x0000,0x3F24,0x0124,0x0124,0x0124,0x3F3C,0x2024,0x20A4,0x3F24,0x0024,0x0000,0x07FC,0x0404,0x0404,0x07FC,0x0000},  /* U+B7A8 */
  {0x0000,0x3F24,0x0124,0x0124,0x0124,0x3F3C,0x2024,0x20A4,0x3F24,0x0000,0x0404,0x0404,0x07FC,0x0404,0x07FC,0x0000},  /* U+B7A9 */
  {0x0000,0x0048,0x7E48,0x0248,0x0248,0x7E78,0x4048,0x4048,0x4148,0x7E48,0x0100,0x0180,0x0380,0x0660,0x381C,0x0000},  /* U+B7AB */
  {0x0000,0x7E48,0x0248,0x0248,0x0248,0x7E78,0x4048,0x4148,0x7E48,0x0008,0x0410,0x0410,0x0E38,0x1B2C,0x31C6,0x0000},  /* U+B7AC */
  {0x3F24,0x0124,0x0124,0x0124,0x3F3C,0x2024,0x20A4,0x3F24,0x0024,0x01F0,0x060C,0x0404,0x0404,0x0608,0x01F0,0x0000},  /* U+B7AD */
  {0x0010,0x3F10,0x0110,0x0110,0x011C,0x3F10,0x2010,0x2010,0x201C,0x2030,0x3FD0,0x0010,0x0010,0x0010,0x0010,0x0000},  /* U+B7B4 */
  {0x0010,0x3F10,0x0110,0x011C,0x3F10,0x2010,0x201C,0x2010,0x3FD0,0x0000,0x0000,0x1FF0,0x0010,0x0010,0x0010,0x0010},  /* U+B7B5 */
  {0x0000,0x0010,0x3F10,0x0110,0x011C,0x3F10,0x2010,0x201C,0x2010,0x3FD0,0x0010,0x1010,0x1000,0x1000,0x1FF8,0x0000},  /* U+B7B8 */
  {0x0000,0x0010,0x3F10,0x0110,0x011C,0x3F10,0x2010,0x201C,0x3FD0,0x0010,0x0100,0x0180,0x0380,0x0660,0x381C,0x0000},  /* U+B7C7 */
  {0x0010,0x3F10,0x0110,0x011C,0x0110,0x3F10,0x201C,0x2010,0x3FD0,0x0010,0x07C0,0x1830,0x1010,0x1010,0x1830,0x07C0},  /* U+B7C9 */
  {0x0008,0x0008,0x3F08,0x0108,0x0108,0x0108,0x3F78,0x2008,0x2008,0x2008,0x2008,0x3F88,0x0008,0x0008,0x0008,0x0000},  /* U+B7EC */
  {0x0008,0x3F08,0x0108,0x0108,0x3F78,0x2008,0x2008,0x3F88,0x0008,0x0000,0x0FF8,0x0008,0x0008,0x0008,0x0008,0x0000},  /* U+B7ED */
  {0x0008,0x0008,0x3F08,0x0108,0x0108,0x3F78,0x2008,0x2008,0x2008,0x3F88,0x0008,0x0808,0x0800,0x0800,0x0FF8,0x0000},  /* U+B7F0 */
  {0x0008,0x3F08,0x0108,0x0108,0x3F78,0x2008,0x2008,0x3F88,0x0000,0x0000,0x0FF8,0x0008,0x0FF8,0x0800,0x0800,0x0FF8},  /* U+B7F4 */
  {0x0000,0x3F08,0x0108,0x0108,0x0108,0x3F78,0x2008,0x2008,0x3F88,0x0008,0x0FF8,0x0808,0x0808,0x0808,0x0FF8,0x0000},  /* U+B7FC */
  {0x0008,0x3F08,0x0108,0x0108,0x3F78,0x2008,0x2008,0x2008,0x3F88,0x0000,0x0808,0x0808,0x0FF8,0x0808,0x0FF8,0x0000},  /* U+B7FD */
  {0x0000,0x0008,0x3F08,0x0108,0x0108,0x3F78,0x2008,0x2008,0x3F88,0x0008,0x0080,0x0080,0x0140,0x0620,0x1C1C,0x0000},  /* U+B7FF */
  {0x0000,0x7E10,0x0210,0x0210,0x0210,0x7EF0,0x4010,0x4010,0x7F10,0x0010,0x0820,0x0820,0x1C70,0x3658,0x638C,0x0000},  /* U+B800 */
  {0x3F08,0x0108,0x0108,0x0108,0x3F78,0x2008,0x2008,0x3F88,0x0008,0x03E0,0x0C18,0x0808,0x0808,0x0C10,0x03E0,0x0000},  /* U+B801 */
  {0x0008,0x3F08,0x0108,0x0108,0x3F78,0x2008,0x2008,0x3F88,0x0000,0x03E0,0x0000,0x1FF8,0x03E0,0x0410,0x0410,0x03E0},  /* U+B807 */
  {0x0014,0x3F14,0x0114,0x0114,0x0114,0x3F74,0x2014,0x2014,0x2014,0x2094,0x3F14,0x0014,0x0014,0x0014,0x0004,0x0000},  /* U+B808 */
  {0x0014,0x3F14,0x0114,0x0114,0x3F74,0x2014,0x2094,0x3F14,0x0014,0x0000,0x0FFC,0x0004,0x0004,0x0004,0x0004,0x0000},  /* U+B809 */
  {0x0000,0x0028,0x7E28,0x0228,0x0228,0x7EE8,0x4028,0x4028,0x4128,0x7E28,0x0028,0x0808,0x0800,0x0800,0x0FFC,0x0000},  /* U+B80C */
  {0x7E28,0x0228,0x0228,0x7EE8,0x4028,0x4128,0x7E28,0x0008,0x0000,0x0FF8,0x0008,0x0FF8,0x0800,0x0800,0x0FFC,0x0000},  /* U+B810 */
  {0x0000,0x3F14,0x0114,0x0114,0x0114,0x3F74,0x2014,0x2094,0x3F14,0x0014,0x0000,0x07FC,0x0404,0x0404,0x07FC,0x0000},  /* U+B818 */
  {0x0000,0x3F14,0x0114,0x0114,0x3F74,0x2014,0x2014,0x2094,0x3F14,0x0000,0x0404,0x0404,0x07FC,0x0404,0x07FC,0x0000},  /* U+B819 */
  {0x0000,0x0028,0x7E28,0x0228,0x0228,0x7EE8,0x4028,0x4028,0x4128,0x7E28,0x0108,0x0180,0x0380,0x0660,0x381C,0x0000},  /* U+B81B */
  {0x3F14,0x0114,0x0114,0x0114,0x3F74,0x2014,0x2094,0x3F14,0x0014,0x01F0,0x060C,0x0404,0x0404,0x0608,0x01F0,0x0000},  /* U+B81D */
  {0x0000,0x0008,0x3F08,0x0108,0x0108,0x0178,0x3F08,0x2008,0x2078,0x2008,0x2008,0x3F88,0x0008,0x0008,0x0008,0x0000},  /* U+B824 */
  {0x3F08,0x0108,0x0178,0x0108,0x3F08,0x2078,0x2008,0x3F88,0x0008,0x0000,0x0FF8,0x0008,0x0008,0x0008,0x0008,0x0000},  /* U+B825 */
  {0x0000,0x0008,0x3F08,0x0108,0x0178,0x3F08,0x2008,0x2078,0x2008,0x3F88,0x0008,0x0808,0x0800,0x0800,0x0FF8,0x0000},  /* U+B828 */
  {0x3F08,0x0108,0x0178,0x3F08,0x2078,0x2008,0x3F88,0x0008,0x0000,0x0FF8,0x0008,0x0FF8,0x0800,0x0800,0x0FF8,0x0000},  /* U+B82C */
  {0x0000,0x3F08,0x0108,0x0178,0x0108,0x3F08,0x2078,0x2008,0x3F88,0x0008,0x0FF8,0x0808,0x0808,0x0808,0x0FF8,0x0000},  /* U+B834 */
  {0x0000,0x3F08,0x0108,0x0178,0x3F08,0x2008,0x2078,0x2008,0x3F88,0x0008,0x0808,0x0808,0x0FF8,0x0808,0x0FF8,0x0000},  /* U+B835 */
  {0x0000,0x0008,0x3F08,0x0108,0x0178,0x3F08,0x2078,0x2008,0x2008,0x3F88,0x0080,0x0080,0x0140,0x0620,0x1C1C,0x0000},  /* U+B837 */
  {0x0000,0x7E10,0x0210,0x02F0,0x0210,0x7E10,0x40F0,0x4010,0x7F10,0x0010,0x0820,0x0820,0x1C70,0x3658,0x638C,0x0000},  /* U+B838 */
  {0x3F08,0x0108,0x0178,0x0108,0x3F08,0x2078,0x2008,0x3F88,0x0008,0x03E0,0x0C18,0x0808,0x0808,0x0C10,0x03E0,0x0000},  /* U+B839 */
  {0x0014,0x3F14,0x0114,0x0114,0x0174,0x3F14,0x2014,0x2074,0x2014,0x2094,0x3F14,0x0014,0x0014,0x0014,0x0004,0x0000},  /* U+B840 */
  {0x0000,0x0028,0x7E28,0x0228,0x02E8,0x7E28,0x4028,0x40E8,0x4028,0x7E28,0x0028,0x0828,0x0800,0x0800,0x0FFC,0x0000},  /* U+B844 */
  {0x0000,0x3F14,0x0114,0x0174,0x0114,0x3F14,0x2074,0x2014,0x3F14,0x0000,0x0404,0x0404,0x07FC,0x0404,0x07FC,0x0000},  /* U+B851 */
  {0x0000,0x0028,0x7E28,0x0228,0x02E8,0x7E28,0x40E8,0x4028,0x4028,0x7E28,0x0108,0x0180,0x0380,0x0660,0x381C,0x0000},  /* U+B853 */
  {0x0000,0x0000,0x1FF8,0x0004,0x0004,0x1FF8,0x1000,0x1000,0x1FF8,0x0080,0x0080,0x0080,0x7FFE,0x0000,0x0000,0x0000},  /* U+B85C */
  {0x1FF0,0x0010,0x0010,0x1FF0,0x1000,0x1FF8,0x0100,0x0100,0x7FFE,0x0000,0x3FF0,0x0010,0x0010,0x0010,0x0010,0x0000},  /* U+B85D */
  {0x0000,0x1FF0,0x0010,0x0010,0x1FF0,0x1000,0x1FF8,0x0100,0x0100,0x7FFE,0x0000,0x1000,0x1000,0x1000,0x1FF8,0x0000},  /* U+B860 */
  {0x0000,0x1FF0,0x0010,0x1FF0,0x1000,0x1FF8,0x0100,0x0100,0x7FFE,0x0000,0x1FF0,0x0010,0x1FF0,0x1000,0x1FF8,0x0000},  /* U+B864 */
  {0x0000,0x1FF0,0x0010,0x0010,0x1FF0,0x1000,0x1FF8,0x0100,0x0100,0x7FFE,0x0000,0x1FF0,0x1010,0x1010,0x1FF0,0x0000},  /* U+B86C */
  {0x0000,0x1FF0,0x0010,0x1FF0,0x1000,0x1000,0x1FF8,0x0100,0x7FFE,0x0000,0x1010,0x1010,0x1FF0,0x1010,0x1FF0,0x0000},  /* U+B86D */
  {0x1FF0,0x0010,0x0010,0x1FF0,0x1000,0x1FF8,0x0100,0x0100,0x7FFE,0x0100,0x0100,0x0280,0x0640,0x3838,0x2000,0x0000},  /* U+B86F */
  {0x1FF0,0x0010,0x0010,0x1FF0,0x1000,0x1FF0,0x0100,0x0100,0x7FFE,0x0000,0x07E0,0x1830,0x1010,0x1830,0x07E0,0x0000},  /* U+B871 */
  {0x0000,0x0010,0x3F90,0x0090,0x0090,0x3F90,0x2010,0x201C,0x3F90,0x0410,0x0410,0x0410,0x7FD0,0x0010,0x0010,0x0000},  /* U+B878 */
  {0x0000,0x0010,0x3F90,0x0090,0x3F90,0x2010,0x201C,0x3F90,0x0410,0x7FF0,0x0010,0x1010,0x1000,0x1000,0x1FF8,0x0000},  /* U+B87C */
  {0x0010,0x3F90,0x0090,0x0090,0x3F90,0x201C,0x3F90,0x0410,0x7FF0,0x0010,0x07C0,0x1830,0x1010,0x1010,0x1830,0x07C0},  /* U+B88D */
  {0x0000,0x7E48,0x0248,0x0248,0x7E48,0x4078,0x7E48,0x0848,0x7F48,0x0008,0x0410,0x0410,0x0E10,0x1B28,0x31C6,0x0000},  /* U+B8A8 */
  {0x0004,0x1FC4,0x0044,0x0044,0x1FC4,0x1004,0x1004,0x1FC4,0x0204,0x0204,0x0204,0x3FE4,0x0004,0x0004,0x0004,0x0000},  /* U+B8B0 */
  {0x0000,0x0008,0x3F88,0x0088,0x3F88,0x2008,0x3F88,0x0408,0x0408,0x7FE8,0x0008,0x0808,0x0800,0x0800,0x0FFC,0x0000},  /* U+B8B4 */
  {0x1FC4,0x0044,0x1FC4,0x1004,0x1FC4,0x0204,0x0204,0x3FF4,0x0000,0x0FFC,0x0004,0x0FFC,0x0800,0x0800,0x0FFC,0x0000},  /* U+B8B8 */
  {0x0000,0x1FC4,0x0044,0x0044,0x1FC4,0x1004,0x1FC4,0x0204,0x3FF4,0x0004,0x0000,0x0FFC,0x0804,0x0804,0x0FFC,0x0000},  /* U+B8C0 */
  {0x0000,0x1FC4,0x0044,0x0044,0x1FC4,0x1004,0x1FC4,0x0204,0x3FF4,0x0000,0x0804,0x0804,0x0FFC,0x0804,0x0FFC,0x0000},  /* U+B8C1 */
  {0x0000,0x0004,0x1FC4,0x0044,0x1FC4,0x1004,0x1FC4,0x0204,0x0204,0x3FF4,0x0084,0x0080,0x0140,0x0320,0x1C1C,0x0000},  /* U+B8C3 */
  {0x1FC4,0x0044,0x0044,0x1FC4,0x1004,0x1FC4,0x0204,0x3FF4,0x0004,0x03F0,0x0C08,0x0804,0x0804,0x0408,0x03F0,0x0000},  /* U+B8C5 */
  {0x0000,0x0000,0x1FF0,0x0010,0x0010,0x1FF0,0x1000,0x1000,0x1FF0,0x0440,0x0440,0x0440,0x7FFC,0x0000,0x0000,0x0000},  /* U+B8CC */
  {0x0000,0x1FF0,0x0010,0x0010,0x1FF0,0x1000,0x1FF0,0x0440,0x0440,0x7FFC,0x0000,0x1000,0x1000,0x1000,0x1FF8,0x0000},  /* U+B8D0 */
  {0x0000,0x1FF0,0x0010,0x1FF0,0x1000,0x1FF0,0x0440,0x0440,0x7FFC,0x0000,0x1FF0,0x0010,0x1FF0,0x1000,0x1FF8,0x0000},  /* U+B8D4 */
  {0x0000,0x1FF0,0x0010,0x1FF0,0x1000,0x1000,0x1FF0,0x0440,0x7FFC,0x0000,0x1010,0x1010,0x1FF0,0x1010,0x1FF0,0x0000},  /* U+B8DD */
  {0x1FF0,0x0010,0x0010,0x1FF0,0x1000,0x1FF0,0x0440,0x0440,0x7FFC,0x0100,0x0100,0x0280,0x0440,0x3838,0x2000,0x0000},  /* U+B8DF */
  {0x1FF0,0x0010,0x0010,0x1FF0,0x1000,0x1FF0,0x0440,0x0440,0x7FFC,0x0000,0x07E0,0x1830,0x1010,0x1830,0x07E0,0x0000},  /* U+B8E1 */
  {0x1FF0,0x0010,0x0010,0x1FF0,0x1000,0x1000,0x1FF8,0x0000,0x0000,0x7FFE,0x0100,0x0100,0x0100,0x0100,0x0100,0x0000},  /* U+B8E8 */
  {0x1FF0,0x0010,0x1FF0,0x1000,0x1000,0x1FF8,0x0000,0x7FFE,0x0100,0x0100,0x3FF0,0x0010,0x0010,0x0010,0x0010,0x0000},  /* U+B8E9 */
  {0x0000,0x0FF8,0x0008,0x0008,0x0FF8,0x0800,0x0FFC,0x0000,0x0000,0x7FFE,0x0080,0x0880,0x0880,0x0800,0x0FFC,0x0000},  /* U+B8EC */
  {0x0000,0x1FF0,0x0010,0x1FF0,0x1000,0x1FF8,0x0000,0x7FFE,0x0100,0x0100,0x1FF0,0x0010,0x1FF0,0x1000,0x1FF8,0x0000},  /* U+B8F0 */
  {0x0000,0x1FF0,0x0010,0x1FF0,0x1000,0x1000,0x1FF8,0x0000,0x7FFE,0x0100,0x0100,0x1FF0,0x1010,0x1010,0x1FF0,0x0000},  /* U+B8F8 */
  {0x0000,0x1FF0,0x0010,0x1FF0,0x1000,0x1000,0x1FF8,0x0000,0x7FFE,0x0100,0x1110,0x1010,0x1FF0,0x1010,0x1FF0,0x0000},  /* U+B8F9 */
  {0x0000,0x1FF0,0x0010,0x1FF0,0x1000,0x1000,0x1FF8,0x0000,0x7FFE,0x0100,0x0100,0x0100,0x0280,0x0C60,0x3818,0x0000},  /* U+B8FB */
  {0x1FF0,0x0010,0x1FF0,0x1000,0x1000,0x1FF0,0x0000,0x7FFE,0x0100,0x0100,0x07E0,0x1830,0x1010,0x1810,0x07E0,0x0000},  /* U+B8FD */
  {0x0004,0x0004,0x1FC4,0x0044,0x1FC4,0x1004,0x1004,0x1FC4,0x0004,0x0004,0x3FE4,0x023C,0x0204,0x0204,0x0204,0x0200},  /* U+B904 */
  {0x3F88,0x0088,0x3F88,0x2008,0x2008,0x3F88,0x0008,0x7FE8,0x0478,0x0408,0x0410,0x0410,0x0A28,0x31C6,0x2000,0x0000},  /* U+B918 */
  {0x0014,0x3F14,0x0114,0x3F14,0x2014,0x2014,0x3F14,0x0014,0x7F94,0x0414,0x04F4,0x0414,0x0414,0x0414,0x0004,0x0000},  /* U+B920 */
  {0x0004,0x1FC4,0x0044,0x1FC4,0x1004,0x1004,0x1FC4,0x0004,0x0004,0x3FE4,0x0204,0x0204,0x0204,0x0204,0x0204,0x0000},  /* U+B93C */
  {0x1FC4,0x0044,0x1FC4,0x1004,0x1004,0x1FC4,0x0004,0x3FF4,0x0204,0x0200,0x0FFC,0x0004,0x0004,0x0004,0x0004,0x0000},  /* U+B93D */
  {0x0000,0x1FC4,0x0044,0x0044,0x1FC4,0x1004,0x1FC4,0x0004,0x7FE4,0x0204,0x0204,0x0A04,0x0800,0x0800,0x0FFC,0x0000},  /* U+B940 */
  {0x1FC4,0x0044,0x1FC4,0x1004,0x1FC4,0x0004,0x0004,0x3FF4,0x0204,0x0FFC,0x0004,0x0FFC,0x0800,0x0800,0x0FFC,0x0000},  /* U+B944 */
  {0x0000,0x1FC4,0x0044,0x1FC4,0x1004,0x1004,0x1FC4,0x0004,0x3FF4,0x0204,0x0200,0x0FFC,0x0804,0x0804,0x0FFC,0x0000},  /* U+B94C */
  {0x0000,0x3F88,0x0088,0x0088,0x3F88,0x2008,0x3F88,0x0008,0x7FE8,0x0408,0x0488,0x0480,0x0140,0x0220,0x1C1C,0x0000},  /* U+B94F */
  {0x1FC4,0x0044,0x1FC4,0x1004,0x1004,0x1FC4,0x0004,0x3FF4,0x0204,0x0204,0x03F0,0x0C0C,0x0804,0x0C0C,0x03F0,0x0000},  /* U+B951 */
  {0x0FF8,0x0008,0x0008,0x0FF8,0x0800,0x0800,0x0FFC,0x0000,0x0000,0x7FFE,0x0420,0x0420,0x0420,0x0420,0x0420,0x0000},  /* U+B958 */
  {0x1FF0,0x0010,0x1FF0,0x1000,0x1000,0x1FF8,0x0000,0x7FFC,0x0440,0x0440,0x1FF0,0x0010,0x0010,0x0010,0x0010,0x0000},  /* U+B959 */
  {0x0000,0x0FF8,0x0008,0x0008,0x0FF8,0x0800,0x0FFC,0x0000,0x0000,0x7FFE,0x0220,0x0A20,0x0A20,0x0800,0x0FFC,0x0000},  /* U+B95C */
  {0x0000,0x1FF0,0x0010,0x1FF0,0x1000,0x1FF8,0x0000,0x7FFC,0x0440,0x0440,0x1FF0,0x0010,0x1FF0,0x1000,0x1FF8,0x0000},  /* U+B960 */
  {0x0000,0x1FF0,0x0010,0x1FF0,0x1000,0x1000,0x1FF8,0x0000,0x7FFC,0x0440,0x0440,0x1FF0,0x1010,0x1010,0x1FF0,0x0000},  /* U+B968 */
  {0x0000,0x1FF0,0x0010,0x1FF0,0x1000,0x1000,0x1FF8,0x0000,0x7FFC,0x0440,0x1450,0x1010,0x1FF0,0x1010,0x1FF0,0x0000},  /* U+B969 */
  {0x1FF0,0x0010,0x1FF0,0x1000,0x1000,0x1FF8,0x0000,0xFFFE,0x0820,0x0820,0x0100,0x0380,0x06C0,0x3838,0x2000,0x0000},  /* U+B96B */
  {0x1FF0,0x0010,0x1FF0,0x1000,0x1000,0x1FF0,0x0000,0xFFFE,0x0820,0x0820,0x0FF0,0x1830,0x1010,0x1830,0x07E0,0x0000},  /* U+B96D */
  {0x0000,0x0000,0x1FF0,0x0010,0x0010,0x1FF0,0x1000,0x1000,0x1FF0,0x0000,0x0000,0x0000,0xFFFE,0x0000,0x0000,0x0000},  /* U+B974 */
  {0x1FF0,0x0010,0x0010,0x1FF0,0x1000,0x1FF8,0x0000,0x0000,0xFFFE,0x0000,0x3FF0,0x0010,0x0010,0x0010,0x0010,0x0000},  /* U+B975 */
  {0x0000,0x1FF0,0x0010,0x0010,0x1FF0,0x1000,0x1000,0x1FF8,0x0000,0xFFFE,0x0000,0x1000,0x1000,0x1000,0x1FF8,0x0000},  /* U+B978 */
  {0x0000,0x1FF0,0x0010,0x1FF0,0x1000,0x1FF8,0x0000,0x0000,0xFFFE,0x0000,0x1FF0,0x0010,0x1FF0,0x1000,0x1FF8,0x0000},  /* U+B97C */
  {0x0000,0x1FF0,0x0010,0x0010,0x1FF0,0x1000,0x1FF8,0x0000,0xFFFE,0x0000,0x0000,0x1FF0,0x1010,0x1010,0x1FF0,0x0000},  /* U+B984 */
  {0x0000,0x1FF0,0x0010,0x1FF0,0x1000,0x1000,0x1FF8,0x0000,0xFFFE,0x0000,0x1010,0x1010,0x1FF0,0x1010,0x1FF0,0x0000},  /* U+B985 */
  {0x1FF0,0x0010,0x0010,0x1FF0,0x1000,0x1FF0,0x0000,0x0000,0xFFFE,0x0100,0x0100,0x0280,0x0440,0x3838,0x2000,0x0000},  /* U+B987 */
  {0x1FF0,0x0010,0x0010,0x1FF0,0x1000,0x1FF0,0x0000,0xFFFE,0x0000,0x0000,0x07E0,0x1830,0x1010,0x1830,0x07E0,0x0000},  /* U+B989 */
  {0x0000,0x1FF0,0x0010,0x0010,0x1FF0,0x1000,0x1FF0,0x0000,0xFFFE,0x0000,0x0000,0x1FF0,0x0060,0x0380,0x3C78,0x0000},  /* U+B98A */
  {0x0000,0x1FF0,0x0010,0x1FF0,0x1000,0x1FF8,0x0000,0x0000,0xFFFE,0x0000,0x1FF0,0x1000,0x1FF0,0x1000,0x1FF8,0x0000},  /* U+B98D */
  {0x0000,0x1FF0,0x0010,0x0010,0x1FF0,0x1000,0x1FF8,0x0000,0xFFFE,0x0000,0x0000,0x1FF0,0x0440,0x0440,0x1FF0,0x0000},  /* U+B98E */
  {0x0008,0x3F88,0x0088,0x0088,0x0088,0x3F88,0x2008,0x2008,0x2008,0x2028,0x3FC8,0x0008,0x0008,0x0008,0x0008,0x0000},  /* U+B9AC */
  {0x3F08,0x0108,0x0108,0x0108,0x3F08,0x2008,0x2008,0x3FC8,0x0008,0x0000,0x0FF8,0x0008,0x0008,0x0008,0x0008,0x0000},  /* U+B9AD */
  {0x0000,0x0008,0x3F08,0x0108,0x0108,0x3F08,0x2008,0x2008,0x2008,0x3FC8,0x0008,0x0808,0x0800,0x0800,0x0FF8,0x0000},  /* U+B9B0 */
  {0x3F08,0x0108,0x0108,0x3F08,0x2008,0x2008,0x3FC8,0x0008,0x0000,0x0FF8,0x0008,0x0FF8,0x0800,0x0800,0x0FF8,0x0000},  /* U+B9B4 */
  {0x0000,0x3F08,0x0108,0x0108,0x0108,0x3F08,0x2008,0x2008,0x3FC8,0x0008,0x0FF8,0x0808,0x0808,0x0808,0x0FF8,0x0000},  /* U+B9BC */
  {0x0000,0x3F08,0x0108,0x0108,0x3F08,0x2008,0x2008,0x2008,0x3FC8,0x0000,0x0808,0x0808,0x0FF8,0x0808,0x0FF8,0x0000},  /* U+B9BD */
  {0x0000,0x0008,0x3F08,0x0108,0x0108,0x3F08,0x2008,0x2048,0x3F88,0x0008,0x0108,0x0180,0x0380,0x0660,0x381C,0x0000},  /* U+B9BF */
  {0x3F08,0x0108,0x0108,0x0108,0x3F08,0x2008,0x2008,0x3FC8,0x0008,0x03E0,0x0C18,0x0808,0x0808,0x0C10,0x03E0,0x0000},  /* U+B9C1 */
  {0x0010,0x3F90,0x2090,0x2090,0x2090,0x2090,0x209C,0x2090,0x2090,0x3F90,0x0010,0x0010,0x0010,0x0010,0x0010,0x0000},  /* U+B9C8 */
  {0x0000,0x0010,0x3F10,0x2110,0x2110,0x211C,0x2110,0x3F10,0x0010,0x0000,0x1FF0,0x0010,0x0010,0x0010,0x0010,0x0000},  /* U+B9C9 */
  {0x0000,0x0010,0x3F10,0x2110,0x2110,0x2110,0x211C,0x2110,0x3F10,0x0010,0x1010,0x1010,0x1000,0x1000,0x1FF8,0x0000},  /* U+B9CC */
  {0x3F10,0x2110,0x2110,0x2110,0x211C,0x2110,0x3F10,0x0000,0x00F0,0x1000,0x11F8,0x10F0,0x1108,0x1F08,0x00F0,0x0000},  /* U+B9CE */
  {0x0000,0x3F10,0x2110,0x2110,0x2110,0x211C,0x2110,0x3F10,0x0010,0x0010,0x1FF0,0x1000,0x1000,0x1000,0x1FF0,0x0000},  /* U+B9CF */
  {0x3F10,0x2110,0x2110,0x211C,0x2110,0x2110,0x3F10,0x0000,0x1FF0,0x0010,0x0010,0x1FF0,0x1000,0x1000,0x1FF0,0x0000},  /* U+B9D0 */
  {0x3F10,0x2110,0x2110,0x211C,0x2110,0x2110,0x3F10,0x0010,0x1FF0,0x0210,0x0210,0x1E10,0x1010,0x1010,0x1F10,0x0000},  /* U+B9D1 */
  {0x3F10,0x2110,0x2110,0x211C,0x2110,0x2110,0x3F10,0x0000,0x1FF0,0x0310,0x0310,0x1F10,0x1110,0x1110,0x1FF0,0x0000},  /* U+B9D2 */
  {0x0000,0x3F10,0x2110,0x2110,0x2110,0x211C,0x2110,0x3F10,0x0010,0x0010,0x1FF0,0x1010,0x1010,0x1010,0x1FF0,0x0000},  /* U+B9D8 */
  {0x0010,0x3F10,0x2110,0x2110,0x211C,0x2110,0x2110,0x3F10,0x0000,0x1010,0x1010,0x1FF0,0x1010,0x1010,0x1FF0,0x0000},  /* U+B9D9 */
  {0x0000,0x0010,0x3F10,0x2110,0x2110,0x211C,0x2110,0x2110,0x3F10,0x0010,0x0100,0x0300,0x0280,0x0C60,0x3838,0x0000},  /* U+B9DB */
  {0x3F10,0x2110,0x2110,0x2110,0x211C,0x2110,0x3F10,0x0010,0x0010,0x07C0,0x0830,0x1010,0x1010,0x0830,0x07C0,0x0000},  /* U+B9DD */
  {0x0010,0x3F10,0x2110,0x2110,0x211C,0x2110,0x2110,0x3F10,0x0010,0x0000,0x0FF0,0x0030,0x0060,0x03E0,0x1C1C,0x0000},  /* U+B9DE */
  {0x3F10,0x2110,0x2110,0x211C,0x2110,0x2110,0x3F10,0x0000,0x1FF0,0x1000,0x1000,0x1FF0,0x1000,0x1000,0x1FF0,0x0000},  /* U+B9E1 */
  {0x3F10,0x2110,0x2110,0x211C,0x2110,0x2110,0x3F10,0x0010,0x03C0,0x0000,0x1FF8,0x03C0,0x0420,0x0420,0x03C0,0x0000},  /* U+B9E3 */
  {0x0024,0x3F24,0x2124,0x2124,0x2124,0x2124,0x213C,0x2124,0x2124,0x3F24,0x0024,0x0024,0x0024,0x0024,0x0004,0x0000},  /* U+B9E4 */
  {0x0000,0x0024,0x3F24,0x2124,0x2124,0x213C,0x2124,0x3F24,0x0024,0x0004,0x0FFC,0x0004,0x0004,0x0004,0x0004,0x0000},  /* U+B9E5 */
  {0x0000,0x0048,0x7E48,0x4248,0x4248,0x4278,0x4248,0x4248,0x7E48,0x0048,0x0848,0x0800,0x0800,0x0800,0x0FFC,0x0000},  /* U+B9E8 */
  {0x7E48,0x4248,0x4248,0x4248,0x4278,0x4248,0x7E48,0x0048,0x0000,0x0FF8,0x0008,0x0FF8,0x0800,0x0800,0x0FFC,0x0000},  /* U+B9EC */
  {0x0000,0x0024,0x3F24,0x2124,0x2124,0x213C,0x2124,0x3F24,0x0024,0x0004,0x07FC,0x0404,0x0404,0x0404,0x07FC,0x0000},  /* U+B9F4 */
  {0x0000,0x3F24,0x2124,0x2124,0x2124,0x213C,0x2124,0x3F24,0x0024,0x0404,0x0404,0x07FC,0x0404,0x0404,0x07FC,0x0000},  /* U+B9F5 */
  {0x0000,0x0048,0x7E48,0x4248,0x4248,0x4278,0x4248,0x4248,0x7E48,0x0048,0x0108,0x0180,0x02C0,0x0460,0x381C,0x0000},  /* U+B9F7 */
  {0x0000,0x0048,0x7E48,0x4248,0x4248,0x4278,0x4248,0x7E48,0x0048,0x0418,0x0410,0x0410,0x0A28,0x1B2C,0x31C6,0x0000},  /* U+B9F8 */
  {0x0024,0x3F24,0x2124,0x2124,0x213C,0x2124,0x3F24,0x0024,0x0004,0x01F0,0x0608,0x0404,0x0404,0x0608,0x01F0,0x0000},  /* U+B9F9 */
  {0x0000,0x7E48,0x4248,0x4248,0x4248,0x4278,0x4248,0x7E48,0x0048,0x0048,0x0FF8,0x0010,0x0060,0x03E0,0x1C1C,0x0000},  /* U+B9FA */
  {0x0000,0x0010,0x3F90,0x2090,0x2090,0x209C,0x2090,0x2090,0x2090,0x209C,0x3F90,0x0010,0x0010,0x0010,0x0010,0x0000},  /* U+BA00 */
  {0x0000,0x0010,0x3F10,0x2110,0x211C,0x2110,0x211C,0x3F10,0x0010,0x0000,0x1FF0,0x0010,0x0010,0x0010,0x0010,0x0000},  /* U+BA01 */
  {0x0010,0x3F10,0x2110,0x211C,0x2110,0x2110,0x211C,0x3F10,0x0010,0x1FF0,0x0010,0x0010,0x1FF0,0x1000,0x1000,0x1FF0},  /* U+BA08 */
  {0x0010,0x3F10,0x2110,0x211C,0x2110,0x2110,0x211C,0x3F10,0x0010,0x0000,0x07C0,0x0830,0x1010,0x1010,0x0830,0x07C0},  /* U+BA15 */
  {0x0000,0x0008,0x3F88,0x2088,0x2088,0x2088,0x20F8,0x2088,0x2088,0x2088,0x3F88,0x0008,0x0008,0x0008,0x0008,0x0000},  /* U+BA38 */
  {0x0008,0x0008,0x3F88,0x2088,0x20F8,0x2088,0x2088,0x3F88,0x0008,0x0000,0x0FF8,0x0008,0x0008,0x0008,0x0008,0x0000},  /* U+BA39 */
  {0x0000,0x0008,0x3F88,0x2088,0x2088,0x20F8,0x2088,0x2088,0x3F88,0x0008,0x0808,0x0808,0x0800,0x0800,0x0FF8,0x0000},  /* U+BA3C */
  {0x3F88,0x2088,0x2088,0x20F8,0x2088,0x2088,0x3F88,0x0000,0x0FF8,0x0008,0x0008,0x0FF8,0x0800,0x0800,0x0FF8,0x0000},  /* U+BA40 */
  {0x3F08,0x2108,0x2108,0x21F8,0x2108,0x2108,0x3F08,0x0008,0x1EF8,0x0288,0x0288,0x1E88,0x1088,0x1088,0x1FF8,0x0000},  /* U+BA42 */
  {0x0008,0x3F88,0x2088,0x2088,0x20F8,0x2088,0x2088,0x3F88,0x0008,0x0000,0x0FF8,0x0808,0x0808,0x0808,0x0FF8,0x0000},  /* U+BA48 */
  {0x0000,0x3F88,0x2088,0x2088,0x20F8,0x2088,0x2088,0x3F88,0x0000,0x0808,0x0808,0x0FF8,0x0808,0x0808,0x0FF8,0x0000},  /* U+BA49 */
  {0x0000,0x0008,0x3F88,0x2088,0x2088,0x20F8,0x2088,0x2088,0x3F88,0x0008,0x0080,0x0180,0x0140,0x0630,0x1C1C,0x0000},  /* U+BA4B */
  {0x0008,0x3F88,0x2088,0x2088,0x20F8,0x2088,0x2088,0x3F88,0x0008,0x0000,0x03E0,0x0C10,0x0808,0x0808,0x0C10,0x03E0},  /* U+BA4D */
  {0x0008,0x3F88,0x2088,0x2088,0x20F8,0x2088,0x2088,0x3F88,0x0008,0x0000,0x0FF8,0x0010,0x0060,0x01E0,0x0E1C,0x0000},  /* U+BA4E */
  {0x3F88,0x2088,0x2088,0x20F8,0x2088,0x2088,0x3F88,0x0008,0x03E0,0x0000,0x1FF8,0x03E0,0x0410,0x0410,0x03E0,0x0000},  /* U+BA53 */
  {0x0014,0x3F14,0x2114,0x2114,0x2114,0x21F4,0x2114,0x2114,0x2114,0x3F14,0x0014,0x0014,0x0014,0x0014,0x0004,0x0000},  /* U+BA54 */
  {0x0000,0x0004,0x3F14,0x2114,0x2114,0x21F4,0x2114,0x3F14,0x0014,0x0014,0x0FFC,0x0004,0x0004,0x0004,0x0004,0x0000},  /* U+BA55 */
  {0x0000,0x0028,0x7E28,0x4228,0x4228,0x43E8,0x4228,0x4228,0x7E28,0x0028,0x0828,0x0808,0x0800,0x0800,0x0FFC,0x0000},  /* U+BA58 */
  {0x7E28,0x4228,0x4228,0x43E8,0x4228,0x4228,0x7E28,0x0008,0x0000,0x0FF8,0x0008,0x0FF8,0x0800,0x0800,0x0FFC,0x0000},  /* U+BA5C */
  {0x0000,0x0014,0x3F14,0x2114,0x21F4,0x2114,0x2114,0x3F14,0x0014,0x0000,0x07FC,0x0404,0x0404,0x0404,0x07FC,0x0000},  /* U+BA64 */
  {0x0000,0x3F14,0x2114,0x2114,0x21F4,0x2114,0x2114,0x3F14,0x0004,0x0404,0x0404,0x07FC,0x0404,0x0404,0x07FC,0x0000},  /* U+BA65 */
  {0x0000,0x0028,0x7E28,0x4228,0x4228,0x43E8,0x4228,0x4228,0x7E28,0x0028,0x0100,0x0180,0x02C0,0x0460,0x381C,0x0000},  /* U+BA67 */
  {0x0000,0x0028,0x7E28,0x4228,0x43E8,0x4228,0x4228,0x7E28,0x0028,0x0410,0x0410,0x0410,0x0A28,0x1B6C,0x31C6,0x0000},  /* U+BA68 */
  {0x0014,0x3F14,0x2114,0x21F4,0x2114,0x2114,0x3F14,0x0014,0x0004,0x01F0,0x0608,0x0404,0x0404,0x0608,0x01F0,0x0000},  /* U+BA69 */
  {0x0000,0x0008,0x3F88,0x2088,0x20F8,0x2088,0x2088,0x2088,0x20F8,0x2088,0x3F88,0x0008,0x0008,0x0008,0x0008,0x0000},  /* U+BA70 */
  {0x0000,0x0008,0x3F88,0x20F8,0x2088,0x2088,0x20F8,0x2088,0x3F88,0x0000,0x0FF8,0x0008,0x0008,0x0008,0x0008,0x0000},  /* U+BA71 */
  {0x0008,0x0008,0x3F88,0x20F8,0x2088,0x2088,0x20F8,0x2088,0x3F88,0x0008,0x0808,0x0800,0x0800,0x0800,0x0FF8,0x0000},  /* U+BA74 */
  {0x3F88,0x2088,0x20F8,0x2088,0x2088,0x20F8,0x3F88,0x0008,0x0FF8,0x0008,0x0008,0x0FF8,0x0800,0x0800,0x0FF8,0x0000},  /* U+BA78 */
  {0x0008,0x0008,0x3F88,0x20F8,0x2088,0x2088,0x20F8,0x2088,0x3F88,0x0008,0x0080,0x0180,0x0140,0x0630,0x1C1C,0x0000},  /* U+BA83 */
  {0x0000,0x7F10,0x4110,0x41F0,0x4110,0x4110,0x41F0,0x4110,0x7F10,0x0820,0x0820,0x0820,0x1C50,0x36D8,0x630C,0x0000},  /* U+BA84 */
  {0x3F88,0x2088,0x20F8,0x2088,0x2088,0x20F8,0x2088,0x3F88,0x0008,0x03E0,0x0C10,0x0808,0x0808,0x0C10,0x03E0,0x0000},  /* U+BA85 */
  {0x3F88,0x2088,0x20F8,0x2088,0x2088,0x20F8,0x3F88,0x0008,0x03E0,0x0000,0x0FF8,0x0010,0x00E0,0x0778,0x1804,0x0000},  /* U+BA87 */
  {0x0014,0x3F14,0x2114,0x21F4,0x2114,0x2114,0x2114,0x21F4,0x2114,0x3F14,0x0014,0x0014,0x0014,0x0014,0x0004,0x0000},  /* U+BA8C */
  {0x0000,0x0000,0x1FF8,0x1004,0x1004,0x1004,0x1004,0x1004,0x1FF8,0x0080,0x0080,0x0080,0x7FFE,0x0000,0x0000,0x0000},  /* U+BAA8 */
  {0x1FF0,0x1010,0x1010,0x1010,0x1FF0,0x0100,0x0100,0x7FFE,0x0000,0x0000,0x3FF0,0x0010,0x0010,0x0010,0x0010,0x0000},  /* U+BAA9 */
  {0x1FF0,0x1010,0x1010,0x1010,0x1FF0,0x0100,0x0100,0x7FFE,0x0000,0x0020,0x3E20,0x0220,0x0250,0x02C8,0x0304,0x0000},  /* U+BAAB */
  {0x0000,0x1FF0,0x1010,0x1010,0x1010,0x1010,0x1FF0,0x0100,0x0100,0x7FFE,0x0000,0x1000,0x1000,0x1000,0x1FF8,0x0000},  /* U+BAAC */
  {0x0000,0x1FF0,0x1010,0x1010,0x1010,0x1FF0,0x0100,0x7FFE,0x0000,0x1FF0,0x0010,0x0010,0x1FF0,0x1000,0x1FF8,0x0000},  /* U+BAB0 */
  {0x1FF8,0x1008,0x1008,0x1008,0x1FF8,0x0100,0x7FFE,0x0000,0x3EF8,0x0288,0x0288,0x3E88,0x2088,0x2088,0x3EF8,0x0000},  /* U+BAB2 */
  {0x0000,0x1FF0,0x1010,0x1010,0x1010,0x1FF0,0x0100,0x0100,0x7FFE,0x0000,0x0000,0x1FF0,0x1010,0x1010,0x1FF0,0x0000},  /* U+BAB8 */
  {0x0000,0x1FF0,0x1010,0x1010,0x1010,0x1FF0,0x0100,0x0100,0x7FFE,0x0000,0x1010,0x1010,0x1FF0,0x1010,0x1FF0,0x0000},  /* U+BAB9 */
  {0x1FF0,0x1010,0x1010,0x1010,0x1FF0,0x0100,0x0100,0x7FFE,0x0000,0x0100,0x0100,0x0280,0x0440,0x3838,0x2000,0x0000},  /* U+BABB */
  {0x1FF0,0x1010,0x1010,0x1010,0x1FF0,0x0100,0x0100,0x7FFE,0x0000,0x07C0,0x1830,0x1010,0x1010,0x1830,0x07C0,0x0000},  /* U+BABD */
  {0x0000,0x0010,0x3F90,0x2090,0x2090,0x2090,0x2090,0x3F9C,0x0410,0x0410,0x0410,0x0410,0x7FD0,0x0010,0x0010,0x0000},  /* U+BAC4 */
  {0x0000,0x0010,0x3F90,0x2090,0x2090,0x2090,0x3F9C,0x0410,0x0410,0x7FF0,0x0010,0x1010,0x1000,0x1000,0x1FF8,0x0000},  /* U+BAC8 */
  {0x0010,0x3F90,0x2090,0x2090,0x2090,0x209C,0x3F90,0x0410,0x7FF0,0x0000,0x0420,0x0420,0x0C30,0x1A50,0x318C,0x0000},  /* U+BAD8 */
  {0x0010,0x3F90,0x2090,0x2090,0x2090,0x209C,0x3F90,0x0410,0x7FF0,0x0010,0x07C0,0x1830,0x1010,0x1010,0x1830,0x07C0},  /* U+BAD9 */
  {0x0004,0x1FC4,0x1044,0x1044,0x1044,0x1044,0x1044,0x1FC4,0x0204,0x0204,0x0204,0x3FE4,0x0004,0x0004,0x0004,0x0000},  /* U+BAFC */
  {0x0000,0x0008,0x3F88,0x2088,0x2088,0x2088,0x3F88,0x0408,0x0408,0x7FE8,0x0008,0x0808,0x0800,0x0800,0x0FFC,0x0000},  /* U+BB00 */
  {0x1FC4,0x1044,0x1044,0x1044,0x1FC4,0x0204,0x0204,0x3FF4,0x0000,0x0FFC,0x0004,0x0FFC,0x0800,0x0800,0x0FFC,0x0000},  /* U+BB04 */
  {0x0000,0x1FC4,0x1044,0x1044,0x1044,0x1FC4,0x0204,0x0204,0x3FF4,0x0000,0x0804,0x0804,0x0FFC,0x0804,0x0FFC,0x0000},  /* U+BB0D */
  {0x0000,0x3F88,0x2088,0x2088,0x2088,0x2088,0x3F88,0x0408,0x7FE8,0x0008,0x0088,0x0180,0x03C0,0x0660,0x381C,0x0000},  /* U+BB0F */
  {0x1FC4,0x1044,0x1044,0x1044,0x1044,0x1FC4,0x0204,0x3FF4,0x0004,0x03F0,0x0C08,0x0804,0x0804,0x0408,0x03F0,0x0000},  /* U+BB11 */
  {0x0000,0x0000,0x1FF0,0x1010,0x1010,0x1010,0x1010,0x1010,0x1FF0,0x0440,0x0440,0x0440,0x7FFC,0x0000,0x0000,0x0000},  /* U+BB18 */
  {0x0000,0x1FF0,0x1010,0x1010,0x1010,0x1010,0x1FF0,0x0440,0x0440,0x7FFC,0x0000,0x1000,0x1000,0x1000,0x1FF8,0x0000},  /* U+BB1C */
  {0x0000,0x1FF0,0x1010,0x1010,0x1010,0x1FF0,0x0440,0x7FFC,0x0000,0x1FF0,0x0010,0x0010,0x1FF0,0x1000,0x1FF8,0x0000},  /* U+BB20 */
  {0x0000,0x1FF0,0x1010,0x1010,0x1010,0x1FF0,0x0440,0x0440,0x7FFC,0x0000,0x1010,0x1010,0x1FF0,0x1010,0x1FF0,0x0000},  /* U+BB29 */
  {0x1FF0,0x1010,0x1010,0x1010,0x1FF0,0x0440,0x0440,0x7FFC,0x0000,0x0100,0x0100,0x0280,0x0440,0x3838,0x2000,0x0000},  /* U+BB2B */
  {0x0000,0x1FF8,0x1004,0x1004,0x1004,0x1004,0x1FF8,0x0000,0x0000,0x7FFE,0x0080,0x0080,0x0080,0x0080,0x0080,0x0000},  /* U+BB34 */
  {0x1FF0,0x1010,0x1010,0x1010,0x1FF0,0x0000,0x0000,0x7FFE,0x0100,0x0100,0x3FF0,0x0010,0x0010,0x0010,0x0010,0x0000},  /* U+BB35 */
  {0x1FF0,0x1010,0x1010,0x1010,0x1FF0,0x0000,0x0000,0x7FFE,0x0100,0x0100,0x3FF0,0x0210,0x0210,0x0210,0x0210,0x0000},  /* U+BB36 */
  {0x0000,0x0FF8,0x0808,0x0808,0x0808,0x0808,0x0FF8,0x0000,0x7FFE,0x0080,0x0880,0x0880,0x0880,0x0800,0x0FFC,0x0000},  /* U+BB38 */
  {0x0000,0x1FF0,0x1010,0x1010,0x1010,0x1FF0,0x0000,0x0000,0x7FFE,0x0100,0x0100,0x1FF0,0x1000,0x1000,0x1FF8,0x0000},  /* U+BB3B */
  {0x0000,0x1FF0,0x1010,0x1010,0x1010,0x1FF0,0x0000,0x7FFE,0x0100,0x0100,0x1FF0,0x0010,0x1FF0,0x1000,0x1FF8,0x0000},  /* U+BB3C */
  {0x1FF8,0x1008,0x1008,0x1008,0x1FF8,0x0000,0xFFFE,0x0100,0x0100,0x1FF8,0x0208,0x1E08,0x1008,0x1008,0x1E08,0x0000},  /* U+BB3D */
  {0x1FF8,0x1008,0x1008,0x1008,0x1FF8,0x0000,0x7FFE,0x0100,0x0100,0x3EF8,0x0288,0x3E88,0x2088,0x2088,0x3EF8,0x0000},  /* U+BB3E */
  {0x0000,0x1FF0,0x1010,0x1010,0x1010,0x1FF0,0x0000,0x0000,0x7FFE,0x0100,0x0100,0x1FF0,0x1010,0x1010,0x1FF0,0x0000},  /* U+BB44 */
  {0x0000,0x1FF0,0x1010,0x1010,0x1010,0x1FF0,0x0000,0x0000,0x7FFE,0x0100,0x1110,0x1010,0x1FF0,0x1010,0x1FF0,0x0000},  /* U+BB45 */
  {0x1FF0,0x1010,0x1010,0x1010,0x1FF0,0x0000,0x0000,0x7FFE,0x0100,0x0100,0x0100,0x0280,0x0440,0x3838,0x2000,0x0000},  /* U+BB47 */
  {0x1FF0,0x1010,0x1010,0x1010,0x1FF0,0x0000,0x0000,0x7FFE,0x0100,0x0100,0x07E0,0x1830,0x1010,0x1810,0x07E0,0x0000},  /* U+BB49 */
  {0x0000,0x1FF0,0x1010,0x1010,0x1010,0x1FF0,0x0000,0x7FFE,0x0100,0x0100,0x1FF0,0x1000,0x1FF0,0x1000,0x1FF8,0x0000},  /* U+BB4D */
  {0x1FF0,0x1010,0x1010,0x1010,0x1FF0,0x0000,0x7FFE,0x0100,0x07C0,0x0000,0x1FF8,0x07C0,0x0820,0x0820,0x07C0,0x0000},  /* U+BB4F */
  {0x0004,0x0004,0x1FC4,0x1044,0x1044,0x1044,0x1044,0x1FC4,0x0034,0x3FC4,0x0204,0x023C,0x0204,0x0204,0x0204,0x0000},  /* U+BB50 */
  {0x0000,0x1FC4,0x1044,0x1044,0x1044,0x1FC4,0x0004,0x0004,0x3FF4,0x0204,0x023C,0x0A04,0x0804,0x0800,0x0FFC,0x0000},  /* U+BB54 */
  {0x1FC4,0x1044,0x1044,0x1FC4,0x0004,0x0004,0x3FF4,0x023C,0x0200,0x0FFC,0x0004,0x0FFC,0x0800,0x0800,0x0FFC,0x0000},  /* U+BB58 */
  {0x0000,0x1FC4,0x1044,0x1044,0x1044,0x1FC4,0x0004,0x3FF4,0x023C,0x0204,0x0000,0x0804,0x0FFC,0x0804,0x0FFC,0x0000},  /* U+BB61 */
  {0x0000,0x3F88,0x2088,0x2088,0x2088,0x3F88,0x0008,0x7FE8,0x0408,0x0478,0x0488,0x0088,0x01C0,0x0320,0x1C1C,0x0000},  /* U+BB63 */
  {0x0014,0x3F14,0x2114,0x2114,0x2114,0x3F14,0x0014,0x0014,0x7F94,0x0414,0x04F4,0x0414,0x0414,0x0414,0x0004,0x0000},  /* U+BB6C */
  {0x0004,0x1FC4,0x1044,0x1044,0x1044,0x1044,0x1FC4,0x0014,0x3FE4,0x0204,0x0204,0x0204,0x0204,0x0204,0x0004,0x0000},  /* U+BB88 */
  {0x0000,0x1FC4,0x1044,0x1044,0x1044,0x1FC4,0x0004,0x0004,0x7FE4,0x0204,0x0204,0x0A04,0x0800,0x0800,0x0FFC,0x0000},  /* U+BB8C */
  {0x1FC4,0x1044,0x1044,0x1044,0x1FC4,0x0004,0x3FE4,0x0204,0x0200,0x0FFC,0x0004,0x0FFC,0x0800,0x0800,0x0FFC,0x0000},  /* U+BB90 */
  {0x0000,0x0FF8,0x0808,0x0808,0x0808,0x0808,0x0FF8,0x0000,0x0000,0x7FFE,0x0420,0x0420,0x0420,0x0420,0x0420,0x0000},  /* U+BBA4 */
  {0x0000,0x0FF8,0x0808,0x0808,0x0808,0x0808,0x0FF8,0x0000,0x7FFE,0x0220,0x0A20,0x0A20,0x0800,0x0800,0x0FFC,0x0000},  /* U+BBA8 */
  {0x0000,0x1FF0,0x1010,0x1010,0x1010,0x1FF0,0x0000,0x7FFC,0x0440,0x0440,0x1FF0,0x0010,0x1FF0,0x1000,0x1FF8,0x0000},  /* U+BBAC */
  {0x0000,0x1FF0,0x1010,0x1010,0x1010,0x1FF0,0x0000,0x0000,0x7FFC,0x0440,0x0440,0x1FF0,0x1010,0x1010,0x1FF0,0x0000},  /* U+BBB4 */
  {0x1FF0,0x1010,0x1010,0x1010,0x1FF0,0x0000,0x0000,0xFFFE,0x0820,0x0820,0x0920,0x0380,0x06C0,0x3838,0x2000,0x0000},  /* U+BBB7 */
  {0x0000,0x0000,0x1FF0,0x1010,0x1010,0x1010,0x1010,0x1010,0x1FF0,0x0000,0x0000,0x0000,0xFFFE,0x0000,0x0000,0x0000},  /* U+BBC0 */
  {0x0000,0x1FF0,0x1010,0x1010,0x1010,0x1010,0x1FF0,0x0000,0xFFFE,0x0000,0x1000,0x1000,0x1000,0x1000,0x1FF8,0x0000},  /* U+BBC4 */
  {0x0000,0x1FF0,0x1010,0x1010,0x1010,0x1FF0,0x0000,0xFFFE,0x0000,0x1FF0,0x0010,0x0010,0x1FF0,0x1000,0x1FF8,0x0000},  /* U+BBC8 */
  {0x0000,0x1FF0,0x1010,0x1010,0x1010,0x1FF0,0x0000,0x0000,0xFFFE,0x0000,0x1FF0,0x1010,0x1010,0x1010,0x1FF0,0x0000},  /* U+BBD0 */
  {0x1FF0,0x1010,0x1010,0x1010,0x1010,0x1FF0,0x0000,0xFFFE,0x0000,0x0100,0x0100,0x0280,0x0440,0x3838,0x2000,0x0000},  /* U+BBD3 */
  {0x0008,0x3F88,0x2088,0x2088,0x2088,0x2088,0x2088,0x2088,0x2088,0x3F88,0x0008,0x0008,0x0008,0x0008,0x0008,0x0000},  /* U+BBF8 */
  {0x3F88,0x2088,0x2088,0x2088,0x2088,0x2088,0x3F88,0x0008,0x0000,0x0FF8,0x0008,0x0008,0x0008,0x0008,0x0008,0x0000},  /* U+BBF9 */
  {0x0000,0x0008,0x3F88,0x2088,0x2088,0x2088,0x2088,0x2088,0x3F88,0x0008,0x0808,0x0800,0x0800,0x0800,0x0FF8,0x0000},  /* U+BBFC */
  {0x0000,0x3F88,0x2088,0x2088,0x2088,0x2088,0x2088,0x3F88,0x0008,0x0000,0x0FF8,0x0800,0x0800,0x0800,0x0FF8,0x0000},  /* U+BBFF */
  {0x3F88,0x2088,0x2088,0x2088,0x2088,0x2088,0x3F88,0x0008,0x0FF8,0x0008,0x0008,0x0FF8,0x0800,0x0800,0x0FF8,0x0000},  /* U+BC00 */
  {0x3F88,0x2088,0x2088,0x2088,0x2088,0x2088,0x3F88,0x0008,0x1E78,0x0248,0x0248,0x1E48,0x1048,0x1048,0x1F78,0x0000},  /* U+BC02 */
  {0x0000,0x3F88,0x2088,0x2088,0x2088,0x2088,0x2088,0x3F88,0x0008,0x0000,0x0FF8,0x0808,0x0808,0x0808,0x0FF8,0x0000},  /* U+BC08 */
  {0x0000,0x3F88,0x2088,0x2088,0x2088,0x2088,0x2088,0x3F88,0x0008,0x0808,0x0808,0x0FF8,0x0808,0x0808,0x0FF8,0x0000},  /* U+BC09 */
  {0x0000,0x0008,0x3F88,0x2088,0x2088,0x2088,0x2088,0x3F88,0x0008,0x0008,0x0080,0x0180,0x0140,0x0630,0x1C1C,0x0000},  /* U+BC0B */
  {0x0000,0x7F10,0x4110,0x4110,0x4110,0x4110,0x4110,0x7F10,0x0010,0x0820,0x0820,0x0820,0x1C50,0x36D8,0x630C,0x0000},  /* U+BC0C */
  {0x3F88,0x2088,0x2088,0x2088,0x2088,0x2088,0x3F88,0x0008,0x0008,0x03E0,0x0C10,0x0808,0x0808,0x0C10,0x03E0,0x0000},  /* U+BC0D */
  {0x3F88,0x2088,0x2088,0x2088,0x2088,0x2088,0x3F88,0x0008,0x03E0,0x0000,0x0FF8,0x0010,0x00E0,0x0778,0x1804,0x0000},  /* U+BC0F */
  {0x3F88,0x2088,0x2088,0x2088,0x2088,0x2088,0x3F88,0x0008,0x0FF8,0x0800,0x0800,0x0FF8,0x0800,0x0800,0x0FF8,0x0000},  /* U+BC11 */
  {0x2110,0x2110,0x2110,0x2110,0x3F10,0x2110,0x211C,0x2110,0x2110,0x3F10,0x0010,0x0010,0x0010,0x0010,0x0010,0x0000},  /* U+BC14 */
  {0x0000,0x2110,0x2110,0x2110,0x3F10,0x211C,0x2110,0x3F10,0x0010,0x0000,0x1FF0,0x0010,0x0010,0x0010,0x0010,0x0000},  /* U+BC15 */
  {0x0000,0x2110,0x2110,0x2110,0x3F10,0x211C,0x2110,0x3F10,0x0010,0x0010,0x1EF0,0x0210,0x0210,0x0210,0x0210,0x0000},  /* U+BC16 */
  {0x2110,0x2110,0x2110,0x3F10,0x211C,0x2110,0x3F10,0x0010,0x0000,0x3E20,0x0220,0x0220,0x0250,0x02C8,0x0080,0x0000},  /* U+BC17 */
  {0x0010,0x2110,0x2110,0x2110,0x3F10,0x211C,0x2110,0x2110,0x3F10,0x0010,0x1010,0x1000,0x1000,0x1000,0x1FF8,0x0000},  /* U+BC18 */
  {0x0000,0x2110,0x2110,0x2110,0x3F10,0x211C,0x2110,0x3F10,0x0010,0x0010,0x1FF0,0x1000,0x1000,0x1000,0x1FF0,0x0000},  /* U+BC1B */
  {0x2110,0x2110,0x2110,0x3F1C,0x2110,0x2110,0x3F10,0x0000,0x1FF0,0x0010,0x0010,0x1FF0,0x1000,0x1000,0x1FF0,0x0000},  /* U+BC1C */
  {0x2110,0x2110,0x2110,0x3F1C,0x2110,0x2110,0x3F10,0x0010,0x1FF0,0x0210,0x0210,0x1E10,0x1010,0x1010,0x1F10,0x0000},  /* U+BC1D */
  {0x2110,0x2110,0x2110,0x3F1C,0x2110,0x2110,0x3F10,0x0010,0x1FF0,0x0310,0x0310,0x1F10,0x1110,0x1110,0x1FF0,0x0000},  /* U+BC1E */
  {0x2110,0x2110,0x2110,0x3F1C,0x2110,0x2110,0x3F10,0x0010,0x0000,0x1F10,0x0310,0x1FF0,0x1110,0x1110,0x1FF0,0x0000},  /* U+BC1F */
  {0x0000,0x2110,0x2110,0x2110,0x3F10,0x211C,0x2110,0x3F10,0x0010,0x0000,0x1FF0,0x1010,0x1010,0x1010,0x1FF0,0x0000},  /* U+BC24 */
  {0x0010,0x2110,0x2110,0x2110,0x3F1C,0x2110,0x2110,0x3F10,0x0000,0x1010,0x1010,0x1FF0,0x1010,0x1010,0x1FF0,0x0000},  /* U+BC25 */
  {0x0000,0x2110,0x2110,0x2110,0x3F10,0x211C,0x2110,0x2110,0x3F10,0x0010,0x0100,0x0300,0x0280,0x0C60,0x3838,0x0000},  /* U+BC27 */
  {0x2110,0x2110,0x2110,0x3F10,0x211C,0x2110,0x3F10,0x0010,0x0010,0x07C0,0x0830,0x1010,0x1010,0x0830,0x07C0,0x0000},  /* U+BC29 */
  {0x2110,0x2110,0x2110,0x3F1C,0x2110,0x2110,0x3F10,0x0000,0x1FF0,0x1000,0x1000,0x1FF0,0x1000,0x1000,0x1FF0,0x0000},  /* U+BC2D */
  {0x0024,0x2124,0x2124,0x2124,0x2124,0x3F24,0x213C,0x2124,0x2124,0x3F24,0x0024,0x0024,0x0024,0x0024,0x0004,0x0000},  /* U+BC30 */
  {0x0000,0x2124,0x2124,0x2124,0x3F24,0x213C,0x2124,0x3F24,0x0024,0x0024,0x0FFC,0x0004,0x0004,0x0004,0x0004,0x0000},  /* U+BC31 */
  {0x0008,0x4248,0x4248,0x4248,0x7E48,0x4278,0x4248,0x4248,0x7E48,0x0048,0x0848,0x0800,0x0800,0x0800,0x0FFC,0x0000},  /* U+BC34 */
  {0x4248,0x4248,0x4248,0x7E48,0x4278,0x4248,0x7E48,0x0048,0x0000,0x0FF8,0x0008,0x0FF8,0x0800,0x0800,0x0FFC,0x0000},  /* U+BC38 */
  {0x0000,0x2124,0x2124,0x2124,0x3F24,0x213C,0x2124,0x3F24,0x0024,0x0004,0x07FC,0x0404,0x0404,0x0404,0x07FC,0x0000},  /* U+BC40 */
  {0x0000,0x2124,0x2124,0x2124,0x3F24,0x213C,0x2124,0x3F24,0x0024,0x0404,0x0404,0x07FC,0x0404,0x0404,0x07FC,0x0000},  /* U+BC41 */
  {0x0000,0x4248,0x4248,0x4248,0x7E48,0x4278,0x4248,0x4248,0x7E48,0x0048,0x0108,0x0180,0x02C0,0x0460,0x381C,0x0000},  /* U+BC43 */
  {0x0000,0x4248,0x4248,0x4248,0x7E48,0x4278,0x4248,0x7E48,0x0048,0x0418,0x0410,0x0410,0x0A28,0x1B2C,0x31C6,0x0000},  /* U+BC44 */
  {0x2124,0x2124,0x2124,0x3F24,0x213C,0x2124,0x3F24,0x0024,0x0004,0x01F0,0x0608,0x0404,0x0404,0x0608,0x01F0,0x0000},  /* U+BC45 */
  {0x4248,0x4248,0x4248,0x7E48,0x4278,0x4248,0x7E48,0x0048,0x0000,0x0FF8,0x0800,0x0FF8,0x0800,0x0800,0x0FFC,0x0000},  /* U+BC49 */
  {0x0000,0x2110,0x2110,0x2110,0x2110,0x3F1C,0x2110,0x2110,0x2110,0x211C,0x3F10,0x0010,0x0010,0x0010,0x0010,0x0000},  /* U+BC4C */
  {0x0000,0x2110,0x2110,0x2110,0x3F1C,0x2110,0x211C,0x3F10,0x0010,0x0000,0x1FF0,0x0010,0x0010,0x0010,0x0010,0x0000},  /* U+BC4D */
  {0x0000,0x2110,0x2110,0x2110,0x3F1C,0x2110,0x2110,0x211C,0x3F10,0x0010,0x1010,0x1000,0x1000,0x1000,0x1FF8,0x0000},  /* U+BC50 */
  {0x0010,0x2110,0x2110,0x211C,0x3F10,0x2110,0x211C,0x3F10,0x0010,0x1010,0x1010,0x1FF0,0x1010,0x1010,0x1FF0,0x0000},  /* U+BC5D */
  {0x2088,0x2088,0x2088,0x2088,0x3F88,0x20F8,0x2088,0x2088,0x2088,0x3F88,0x0008,0x0008,0x0008,0x0008,0x0008,0x0000},  /* U+BC84 */
  {0x0008,0x2088,0x2088,0x2088,0x3FF8,0x2088,0x2088,0x3F88,0x0008,0x0000,0x0FF8,0x0008,0x0008,0x0008,0x0008,0x0000},  /* U+BC85 */
  {0x0000,0x2088,0x2088,0x2088,0x3F88,0x20F8,0x2088,0x2088,0x3F88,0x0008,0x0808,0x0808,0x0800,0x0800,0x0FFC,0x0000},  /* U+BC88 */
  {0x0000,0x2088,0x2088,0x2088,0x3FF8,0x2088,0x2088,0x3F88,0x0008,0x0000,0x0FF8,0x0800,0x0800,0x0800,0x0FF8,0x0000},  /* U+BC8B */
  {0x2088,0x2088,0x2088,0x3FF8,0x2088,0x2088,0x3F88,0x0000,0x0FF8,0x0008,0x0008,0x0FF8,0x0800,0x0800,0x0FF8,0x0000},  /* U+BC8C */
  {0x2108,0x2108,0x2108,0x3FF8,0x2108,0x2108,0x3F08,0x0000,0x1EF8,0x0288,0x0288,0x1E88,0x1088,0x1088,0x1FF8,0x0000},  /* U+BC8E */
  {0x0008,0x2088,0x2088,0x2088,0x3FF8,0x2088,0x2088,0x3F88,0x0008,0x0000,0x0FF8,0x0808,0x0808,0x0808,0x0FF8,0x0000},  /* U+BC94 */
  {0x0000,0x2088,0x2088,0x2088,0x3FF8,0x2088,0x2088,0x3F88,0x0000,0x0808,0x0808,0x0FF8,0x0808,0x0808,0x0FF8,0x0000},  /* U+BC95 */
  {0x0000,0x2088,0x2088,0x2088,0x3F88,0x20F8,0x2088,0x2088,0x3F88,0x0008,0x0080,0x0180,0x0140,0x0630,0x1C1C,0x0000},  /* U+BC97 */
  {0x0008,0x2088,0x2088,0x2088,0x3FF8,0x2088,0x2088,0x3F88,0x0008,0x0000,0x03E0,0x0C10,0x0808,0x0808,0x0C10,0x03E0},  /* U+BC99 */
  {0x0008,0x2088,0x2088,0x2088,0x3FF8,0x2088,0x2088,0x3F88,0x0008,0x0000,0x0FF8,0x0010,0x0060,0x01E0,0x0E1C,0x0000},  /* U+BC9A */
  {0x0014,0x2114,0x2114,0x2114,0x2114,0x3FF4,0x2114,0x2114,0x2114,0x3F14,0x0014,0x0014,0x0014,0x0014,0x0004,0x0000},  /* U+BCA0 */
  {0x0000,0x2114,0x2114,0x2114,0x3F14,0x21F4,0x2114,0x3F14,0x0014,0x0010,0x0FFC,0x0004,0x0004,0x0004,0x0004,0x0000},  /* U+BCA1 */
  {0x0000,0x4228,0x4228,0x4228,0x7E28,0x43E8,0x4228,0x4228,0x7E28,0x0028,0x0828,0x0808,0x0800,0x0800,0x0FFC,0x0000},  /* U+BCA4 */
  {0x0000,0x4228,0x4228,0x4228,0x7E28,0x43E8,0x4228,0x7E28,0x0028,0x0020,0x0FF8,0x0800,0x0800,0x0800,0x0FFC,0x0000},  /* U+BCA7 */
  {0x4228,0x4228,0x4228,0x7FE8,0x4228,0x4228,0x7E28,0x0008,0x0000,0x0FF8,0x0008,0x0FF8,0x0800,0x0800,0x0FFC,0x0000},  /* U+BCA8 */
  {0x0000,0x2114,0x2114,0x2114,0x3F14,0x21F4,0x2114,0x3F14,0x0014,0x0010,0x07FC,0x0404,0x0404,0x0404,0x07FC,0x0000},  /* U+BCB0 */
  {0x0000,0x2114,0x2114,0x2114,0x3FF4,0x2114,0x2114,0x3F14,0x0004,0x0404,0x0404,0x07FC,0x0404,0x0404,0x07FC,0x0000},  /* U+BCB1 */
  {0x0000,0x4228,0x4228,0x4228,0x7E28,0x43E8,0x4228,0x4228,0x7E28,0x0028,0x0100,0x0180,0x02C0,0x0460,0x381C,0x0000},  /* U+BCB3 */
  {0x0000,0x4228,0x4228,0x4228,0x7E28,0x43E8,0x4228,0x7E28,0x0028,0x0410,0x0410,0x0410,0x0A28,0x1B6C,0x31C6,0x0000},  /* U+BCB4 */
  {0x2114,0x2114,0x2114,0x3F14,0x21F4,0x2114,0x3F14,0x0014,0x0014,0x01F0,0x0608,0x0404,0x0404,0x0608,0x01F0,0x0000},  /* U+BCB5 */
  {0x0008,0x2088,0x2088,0x2088,0x20F8,0x3F88,0x2088,0x2088,0x20F8,0x2088,0x3F88,0x0008,0x0008,0x0008,0x0008,0x0000},  /* U+BCBC */
  {0x0008,0x2088,0x2088,0x20F8,0x3F88,0x2088,0x20F8,0x2088,0x3F88,0x0000,0x0FF8,0x0008,0x0008,0x0008,0x0008,0x0000},  /* U+BCBD */
  {0x0008,0x2088,0x2088,0x20F8,0x3F88,0x2088,0x20F8,0x2088,0x3F88,0x0008,0x0808,0x0800,0x0800,0x0800,0x0FFC,0x0000},  /* U+BCC0 */
  {0x2088,0x2088,0x20F8,0x3F88,0x2088,0x20F8,0x3F88,0x0008,0x0FF8,0x0008,0x0008,0x0FF8,0x0800,0x0800,0x0FF8,0x0000},  /* U+BCC4 */
  {0x0000,0x2088,0x2088,0x20F8,0x3F88,0x2088,0x20F8,0x3F88,0x0008,0x0808,0x0808,0x0FF8,0x0808,0x0808,0x0FF8,0x0000},  /* U+BCCD */
  {0x0008,0x2088,0x2088,0x20F8,0x3F88,0x2088,0x20F8,0x2088,0x3F88,0x0008,0x0080,0x0180,0x0140,0x0630,0x1C1C,0x0000},  /* U+BCCF */
  {0x0010,0x4110,0x4110,0x41F0,0x7F10,0x4110,0x41F0,0x4110,0x7F10,0x0820,0x0820,0x0820,0x1C50,0x36D8,0x630C,0x0000},  /* U+BCD0 */
  {0x0008,0x2088,0x2088,0x20F8,0x3F88,0x2088,0x20F8,0x2088,0x3F88,0x0008,0x03E0,0x0C10,0x0808,0x0808,0x0C10,0x03E0},  /* U+BCD1 */
  {0x2088,0x2088,0x20F8,0x3F88,0x2088,0x20F8,0x3F88,0x0008,0x0FF8,0x0800,0x0800,0x0FF8,0x0800,0x0800,0x0FF8,0x0000},  /* U+BCD5 */
  {0x0114,0x2114,0x2114,0x21F4,0x2114,0x3F14,0x2114,0x21F4,0x2114,0x3F14,0x0014,0x0014,0x0014,0x0014,0x0004,0x0000},  /* U+BCD8 */
  {0x0000,0x4228,0x4228,0x43E8,0x7E28,0x4228,0x43E8,0x4228,0x7E28,0x0028,0x0828,0x0808,0x0800,0x0800,0x0FFC,0x0000},  /* U+BCDC */
  {0x0000,0x0000,0x1808,0x1808,0x1808,0x1FF8,0x1808,0x1808,0x1808,0x0FF0,0x0080,0x0080,0x0080,0x7FFE,0x0000,0x0000},  /* U+BCF4 */
  {0x1010,0x1010,0x1FF0,0x1010,0x1010,0x1FF0,0x0100,0x7FFE,0x0000,0x0000,0x3FF0,0x0010,0x0010,0x0010,0x0010,0x0000},  /* U+BCF5 */
  {0x0808,0x0808,0x0FF8,0x0808,0x0808,0x0FF8,0x0100,0x7FFE,0x0000,0x0000,0x1FF8,0x0108,0x0108,0x0108,0x0108,0x0000},  /* U+BCF6 */
  {0x0000,0x0808,0x0808,0x0FF8,0x0808,0x0808,0x0FF8,0x0080,0x0080,0x7FFE,0x0000,0x0800,0x0800,0x0800,0x0FFC,0x0000},  /* U+BCF8 */
  {0x1010,0x1010,0x1FF0,0x1010,0x1010,0x1FF0,0x0100,0x7FFE,0x0000,0x3FF0,0x0010,0x0010,0x1FF0,0x1000,0x1FF8,0x0000},  /* U+BCFC */
  {0x0000,0x1010,0x1010,0x1FF0,0x1010,0x1010,0x1FF0,0x0100,0x7FFE,0x0000,0x0000,0x1FF0,0x1010,0x1010,0x1FF0,0x0000},  /* U+BD04 */
  {0x0000,0x1010,0x1010,0x1FF0,0x1010,0x1010,0x1FF0,0x0100,0x7FFE,0x0000,0x1010,0x1010,0x1FF0,0x1010,0x1FF0,0x0000},  /* U+BD05 */
  {0x1010,0x1010,0x1FF0,0x1010,0x1010,0x1FF0,0x0100,0x7FFE,0x0000,0x0100,0x0100,0x0280,0x0440,0x3838,0x2000,0x0000},  /* U+BD07 */
  {0x1010,0x1010,0x1FF0,0x1010,0x1010,0x1FF0,0x0100,0x7FFE,0x0000,0x07C0,0x1830,0x1010,0x1010,0x1830,0x07C0,0x0000},  /* U+BD09 */
  {0x0000,0x0010,0x2090,0x2090,0x3F90,0x2090,0x2090,0x209C,0x3F90,0x0410,0x0410,0x0410,0x7FD0,0x0010,0x0010,0x0000},  /* U+BD10 */
  {0x0000,0x2090,0x2090,0x3F90,0x2090,0x2090,0x3F9C,0x0410,0x0410,0x7FF0,0x0010,0x1010,0x1000,0x1000,0x1FF8,0x0000},  /* U+BD14 */
  {0x0010,0x2090,0x2090,0x3F90,0x2090,0x209C,0x3F90,0x0410,0x7FF0,0x0000,0x0420,0x0420,0x0C30,0x1A50,0x318C,0x0000},  /* U+BD24 */
  {0x0024,0x2124,0x2124,0x3F24,0x2124,0x2124,0x213C,0x3F24,0x0424,0x0424,0x3FE4,0x0024,0x0024,0x0024,0x0004,0x0000},  /* U+BD2C */
  {0x0000,0x4248,0x4248,0x7E48,0x4248,0x4278,0x7E48,0x0848,0x7F48,0x0008,0x0410,0x0410,0x0E18,0x1B28,0x31C6,0x0000},  /* U+BD40 */
  {0x0004,0x1044,0x1044,0x1FC4,0x1044,0x1044,0x1044,0x1FC4,0x0204,0x0204,0x0204,0x3FE4,0x0004,0x0004,0x0004,0x0000},  /* U+BD48 */
  {0x1044,0x1044,0x1FC4,0x1044,0x1044,0x1FC4,0x0204,0x3FF4,0x0004,0x0000,0x0FFC,0x0004,0x0004,0x0004,0x0004,0x0000},  /* U+BD49 */
  {0x0000,0x2088,0x2088,0x3F88,0x2088,0x2088,0x3F88,0x0408,0x0408,0x7FE8,0x0008,0x0808,0x0800,0x0800,0x0FFC,0x0000},  /* U+BD4C */
  {0x1044,0x1044,0x1FC4,0x1044,0x1FC4,0x0204,0x0204,0x3FF4,0x0000,0x0FFC,0x0004,0x0FFC,0x0800,0x0800,0x0FFC,0x0000},  /* U+BD50 */
  {0x0000,0x1044,0x1044,0x1FC4,0x1044,0x1044,0x1FC4,0x0204,0x3FF4,0x0004,0x0000,0x0FFC,0x0804,0x0804,0x0FFC,0x0000},  /* U+BD58 */
  {0x0000,0x1044,0x1044,0x1FC4,0x1044,0x1044,0x1FC4,0x0204,0x3FF4,0x0000,0x0804,0x0804,0x0FFC,0x0804,0x0FFC,0x0000},  /* U+BD59 */
  {0x0000,0x0000,0x1010,0x1010,0x1010,0x1FF0,0x1010,0x1010,0x1010,0x1FF0,0x0440,0x0440,0x0440,0x7FFC,0x0000,0x0000},  /* U+BD64 */
  {0x0000,0x1010,0x1010,0x1FF0,0x1010,0x1010,0x1FF0,0x0440,0x0440,0x7FFC,0x0000,0x1000,0x1000,0x1000,0x1FF8,0x0000},  /* U+BD68 */
  {0x0000,0x1808,0x1808,0x1FF8,0x1808,0x1808,0x0FF0,0x0000,0x0000,0x7FFE,0x0080,0x0080,0x0080,0x0080,0x0080,0x0000},  /* U+BD80 */
  {0x1010,0x1010,0x1FF0,0x1010,0x1FF0,0x0000,0x0000,0x7FFE,0x0100,0x0100,0x3FF0,0x0010,0x0010,0x0010,0x0010,0x0000},  /* U+BD81 */
  {0x0000,0x0808,0x0808,0x0FF8,0x0808,0x0808,0x0FF8,0x0000,0x7FFE,0x0080,0x0880,0x0880,0x0800,0x0800,0x0FFC,0x0000},  /* U+BD84 */
  {0x0000,0x1010,0x1010,0x1FF0,0x1010,0x1FF0,0x0000,0x0000,0x7FFE,0x0100,0x0100,0x1FF0,0x1000,0x1000,0x1FF8,0x0000},  /* U+BD87 */
  {0x1010,0x1010,0x1FF0,0x1010,0x1010,0x1FF0,0x0000,0x7FFE,0x0100,0x0100,0x1FF0,0x0010,0x1FF0,0x1000,0x1FF8,0x0000},  /* U+BD88 */
  {0x1008,0x1008,0x1FF8,0x1008,0x1008,0x1FF8,0x0000,0x7FFE,0x0100,0x0100,0x1EF8,0x0208,0x1E08,0x1008,0x1008,0x1F08},  /* U+BD89 */
  {0x1008,0x1008,0x1FF8,0x1008,0x1008,0x1FF8,0x0000,0x7FFE,0x0100,0x0100,0x3EF8,0x0288,0x3E88,0x2088,0x2088,0x3EF8},  /* U+BD8A */
  {0x0000,0x1010,0x1010,0x1FF0,0x1010,0x1FF0,0x0000,0x0000,0x7FFE,0x0100,0x0100,0x1FF0,0x1010,0x1010,0x1FF0,0x0000},  /* U+BD90 */
  {0x0000,0x1010,0x1010,0x1FF0,0x1010,0x1FF0,0x0000,0x0000,0x7FFE,0x0100,0x1110,0x1010,0x1FF0,0x1010,0x1FF0,0x0000},  /* U+BD91 */
  {0x1010,0x1010,0x1FF0,0x1010,0x1FF0,0x0000,0x0000,0x7FFE,0x0100,0x0100,0x0100,0x0280,0x0440,0x3838,0x2000,0x0000},  /* U+BD93 */
  {0x1010,0x1010,0x1FF0,0x1010,0x1FF0,0x0000,0x0000,0x7FFE,0x0100,0x0100,0x07E0,0x1830,0x1010,0x1810,0x07E0,0x0000},  /* U+BD95 */
  {0x1010,0x1010,0x1FF0,0x1010,0x1010,0x1FF0,0x0000,0x7FFE,0x0100,0x0100,0x1FF0,0x1000,0x1FF0,0x1000,0x1FF8,0x0000},  /* U+BD99 */
  {0x0000,0x1010,0x1010,0x1FF0,0x1010,0x1FF0,0x0000,0x0000,0x7FFE,0x0100,0x0100,0x1FF0,0x0440,0x0440,0x1FF0,0x0000},  /* U+BD9A */
  {0x0000,0x0004,0x1044,0x1044,0x1FC4,0x1044,0x1044,0x1FC4,0x0034,0x3FC4,0x0204,0x023C,0x0204,0x0204,0x0204,0x0000},  /* U+BD9C */
  {0x1044,0x1FC4,0x1044,0x1044,0x1FC4,0x0004,0x3FF4,0x023C,0x0200,0x0FFC,0x0004,0x0FFC,0x0800,0x0800,0x0FFC,0x0000},  /* U+BDA4 */
  {0x0008,0x2088,0x3F88,0x2088,0x2088,0x3F88,0x0008,0x7FE8,0x0478,0x0408,0x0410,0x0410,0x0618,0x1B2C,0x31C6,0x2000},  /* U+BDB0 */
  {0x0014,0x2114,0x2114,0x3F14,0x2114,0x3F14,0x0014,0x0014,0x7F94,0x0414,0x04F4,0x0414,0x0414,0x0414,0x0004,0x0000},  /* U+BDB8 */
  {0x0004,0x1044,0x1044,0x1FC4,0x1044,0x1044,0x1FC4,0x0014,0x3FE4,0x0204,0x0204,0x0204,0x0204,0x0204,0x0004,0x0000},  /* U+BDD4 */
  {0x1044,0x1044,0x1FC4,0x1044,0x1FC4,0x0004,0x0004,0x3FE4,0x0204,0x0200,0x0FFC,0x0004,0x0004,0x0004,0x0004,0x0000},  /* U+BDD5 */
  {0x0000,0x1044,0x1044,0x1FC4,0x1044,0x1044,0x1FC4,0x0004,0x7FE4,0x0204,0x0204,0x0A04,0x0800,0x0800,0x0FFC,0x0000},  /* U+BDD8 */
  {0x1044,0x1FC4,0x1044,0x1044,0x1FC4,0x0004,0x3FE4,0x0204,0x0200,0x0FFC,0x0004,0x0FFC,0x0800,0x0800,0x0FFC,0x0000},  /* U+BDDC */
  {0x1044,0x1044,0x1FC4,0x1044,0x1FC4,0x0004,0x0004,0x3FE4,0x0204,0x0204,0x03F0,0x0C0C,0x0804,0x0C0C,0x03F0,0x0000},  /* U+BDE9 */
  {0x0000,0x0808,0x0808,0x0FF8,0x0808,0x0808,0x0FF8,0x0000,0x0000,0x7FFE,0x0420,0x0420,0x0420,0x0420,0x0420,0x0000},  /* U+BDF0 */
  {0x0000,0x0808,0x0808,0x0FF8,0x0808,0x0808,0x0FF8,0x0000,0x7FFE,0x0220,0x0A20,0x0A20,0x0800,0x0800,0x0FFC,0x0000},  /* U+BDF4 */
  {0x1010,0x1010,0x1FF0,0x1010,0x1010,0x1FF0,0x0000,0x7FFC,0x0440,0x0440,0x1FF0,0x0010,0x1FF0,0x1000,0x1FF8,0x0000},  /* U+BDF8 */
  {0x0000,0x1010,0x1010,0x1FF0,0x1010,0x1FF0,0x0000,0x0000,0x7FFC,0x0440,0x0440,0x1FF0,0x1010,0x1010,0x1FF0,0x0000},  /* U+BE00 */
  {0x1010,0x1010,0x1FF0,0x1010,0x1FF0,0x0000,0x0000,0xFFFE,0x0820,0x0820,0x0100,0x0380,0x06C0,0x3838,0x2000,0x0000},  /* U+BE03 */
  {0x1010,0x1010,0x1FF0,0x1010,0x1FF0,0x0000,0x0000,0x7FFC,0x0440,0x0440,0x0FE0,0x1830,0x1010,0x1810,0x07E0,0x0000},  /* U+BE05 */
  {0x0000,0x0000,0x1010,0x1010,0x1010,0x1FF0,0x1010,0x1010,0x1010,0x1FF0,0x0000,0x0000,0x0000,0xFFFE,0x0000,0x0000},  /* U+BE0C */
  {0x1010,0x1010,0x1FF0,0x1010,0x1010,0x1FF0,0x0000,0xFFFE,0x0000,0x0000,0x3FF0,0x0010,0x0010,0x0010,0x0010,0x0000},  /* U+BE0D */
  {0x0000,0x1010,0x1010,0x1FF0,0x1010,0x1010,0x1FF0,0x0000,0x0000,0xFFFE,0x0000,0x1000,0x1000,0x1000,0x1FF8,0x0000},  /* U+BE10 */
  {0x1010,0x1010,0x1FF0,0x1010,0x1010,0x1FF0,0x0000,0xFFFE,0x0000,0x3FF0,0x0010,0x0010,0x1FF0,0x1000,0x1FF8,0x0000},  /* U+BE14 */
  {0x0000,0x1010,0x1010,0x1FF0,0x1010,0x1010,0x1FF0,0x0000,0xFFFE,0x0000,0x0000,0x1FF0,0x1010,0x1010,0x1FF0,0x0000},  /* U+BE1C */
  {0x0000,0x1010,0x1010,0x1FF0,0x1010,0x1010,0x1FF0,0x0000,0xFFFE,0x0000,0x1010,0x1010,0x1FF0,0x1010,0x1FF0,0x0000},  /* U+BE1D */
  {0x1010,0x1010,0x1FF0,0x1010,0x1010,0x1FF0,0x0000,0xFFFE,0x0000,0x0100,0x0100,0x0280,0x0440,0x3838,0x2000,0x0000},  /* U+BE1F */
  {0x2088,0x2088,0x2088,0x2088,0x3F88,0x2088,0x2088,0x2088,0x2088,0x3F88,0x0008,0x0008,0x0008,0x0008,0x0008,0x0000},  /* U+BE44 */
  {0x0000,0x2088,0x2088,0x2088,0x3F88,0x2088,0x2088,0x3F88,0x0008,0x0000,0x0FF8,0x0008,0x0008,0x0008,0x0008,0x0000},  /* U+BE45 */
  {0x0000,0x2088,0x2088,0x2088,0x3F88,0x2088,0x2088,0x2088,0x3F88,0x0008,0x0808,0x0800,0x0800,0x0800,0x0FFC,0x0000},  /* U+BE48 */
  {0x2088,0x2088,0x2088,0x3F88,0x2088,0x2088,0x3F88,0x0008,0x0FF8,0x0008,0x0008,0x0FF8,0x0800,0x0800,0x0FF8,0x0000},  /* U+BE4C */
  {0x2088,0x2088,0x2088,0x3F88,0x2088,0x2088,0x3F88,0x0008,0x1E78,0x0248,0x0248,0x1E48,0x1048,0x1048,0x1F78,0x0000},  /* U+BE4E */
  {0x0000,0x2088,0x2088,0x2088,0x3F88,0x2088,0x2088,0x3F88,0x0008,0x0000,0x0FF8,0x0808,0x0808,0x0808,0x0FF8,0x0000},  /* U+BE54 */
  {0x0000,0x2088,0x2088,0x2088,0x3F88,0x2088,0x2088,0x3F88,0x0008,0x0808,0x0808,0x0FF8,0x0808,0x0808,0x0FF8,0x0000},  /* U+BE55 */
  {0x0000,0x2088,0x2088,0x2088,0x3F88,0x2088,0x2088,0x2088,0x3F88,0x0008,0x0080,0x0180,0x0140,0x0630,0x1C1C,0x0000},  /* U+BE57 */
  {0x2088,0x2088,0x2088,0x3F88,0x2088,0x2088,0x3F88,0x0008,0x0008,0x03E0,0x0C10,0x0808,0x0808,0x0C10,0x03E0,0x0000},  /* U+BE59 */
  {0x0000,0x2088,0x2088,0x2088,0x3F88,0x2088,0x2088,0x3F88,0x0008,0x0000,0x0FF8,0x0010,0x0060,0x01E0,0x0E1C,0x0000},  /* U+BE5A */
  {0x2088,0x2088,0x2088,0x3F88,0x2088,0x2088,0x3F88,0x0008,0x03E0,0x0000,0x0FF8,0x0010,0x00E0,0x0778,0x1804,0x0000},  /* U+BE5B */
  {0x4A50,0x4A50,0x4A50,0x4A50,0x7BD0,0x4A50,0x4A5C,0x4A50,0x4A50,0x7BD0,0x0010,0x0010,0x0010,0x0010,0x0010,0x0000},  /* U+BE60 */
  {0x0000,0x4A90,0x4A90,0x4A90,0x7B90,0x4A9C,0x4A90,0x7B90,0x0010,0x0010,0x1FF0,0x0010,0x0010,0x0010,0x0010,0x0000},  /* U+BE61 */
  {0x0010,0x4A90,0x4A90,0x4A90,0x7B90,0x4A9C,0x4A90,0x4A90,0x7B90,0x0010,0x1010,0x1000,0x1000,0x1000,0x1FF8,0x0000},  /* U+BE64 */
  {0x0010,0x4A90,0x4A90,0x7B9C,0x4A90,0x4A90,0x7B90,0x0000,0x1FF0,0x0010,0x0010,0x1FF0,0x1000,0x1000,0x1FF0,0x0000},  /* U+BE68 */
  {0x0010,0x4A90,0x4A90,0x7B9C,0x4A90,0x4A90,0x7B90,0x0010,0x3FF0,0x0310,0x0310,0x3F10,0x2110,0x2110,0x3FF0,0x0000},  /* U+BE6A */
  {0x0000,0x4A90,0x4A90,0x4A90,0x7B90,0x4A9C,0x4A90,0x7B90,0x0010,0x0000,0x1FF0,0x1010,0x1010,0x1010,0x1FF0,0x0000},  /* U+BE70 */
  {0x0010,0x0010,0x4A90,0x4A90,0x7B9C,0x4A90,0x4A90,0x7B90,0x0000,0x1010,0x1010,0x1FF0,0x1010,0x1010,0x1FF0,0x0000},  /* U+BE71 */
  {0x0000,0x4A90,0x4A90,0x4A90,0x7B90,0x4A9C,0x4A90,0x4A90,0x7B90,0x0010,0x0100,0x0100,0x0280,0x0C60,0x3838,0x0000},  /* U+BE73 */
  {0x0000,0x4A90,0x4A90,0x4A90,0x7B90,0x4A9C,0x4A90,0x7B90,0x0010,0x0420,0x0420,0x0420,0x0A50,0x1A58,0x318C,0x0000},  /* U+BE74 */
  {0x4A90,0x4A90,0x4A90,0x7B90,0x4A9C,0x4A90,0x7B90,0x0010,0x0010,0x03E0,0x0C30,0x0810,0x0810,0x0C30,0x03E0,0x0000},  /* U+BE75 */
  {0x0010,0x4A90,0x4A90,0x7B9C,0x4A90,0x4A90,0x7B90,0x0010,0x03E0,0x0000,0x1FF8,0x03C0,0x0420,0x0420,0x03C0,0x0000},  /* U+BE7B */
  {0x2A94,0x2A94,0x2A94,0x2A94,0x3B94,0x2A94,0x2A9C,0x2A94,0x2A94,0x3B94,0x0014,0x0014,0x0014,0x0014,0x0004,0x0000},  /* U+BE7C */
  {0x0000,0x2A54,0x2A54,0x2A54,0x3BD4,0x2A5C,0x2A54,0x3BD4,0x0014,0x0004,0x0FFC,0x0004,0x0004,0x0004,0x0004,0x0000},  /* U+BE7D */
  {0x0004,0x2A54,0x2A54,0x2A54,0x3BD4,0x2A5C,0x2A54,0x2A54,0x3BD4,0x0014,0x0814,0x0800,0x0800,0x0800,0x0FFC,0x0000},  /* U+BE80 */
  {0x0004,0x0014,0x2A54,0x2A54,0x3BDC,0x2A54,0x2A54,0x3BD4,0x0000,0x0000,0x0FFC,0x0004,0x0FFC,0x0800,0x0800,0x0FFC},  /* U+BE84 */
  {0x0000,0x2A54,0x2A54,0x2A54,0x3BD4,0x2A5C,0x2A54,0x3BD4,0x0014,0x0004,0x0FFC,0x0804,0x0804,0x0804,0x0FFC,0x0000},  /* U+BE8C */
  {0x0004,0x0014,0x2A54,0x2A54,0x3BDC,0x2A54,0x2A54,0x3BD4,0x0000,0x0804,0x0804,0x0FFC,0x0804,0x0804,0x0FFC,0x0000},  /* U+BE8D */
  {0x0000,0x54A8,0x54A8,0x54A8,0x77A8,0x54B8,0x54A8,0x54A8,0x77A8,0x0028,0x0088,0x00C0,0x0160,0x0630,0x1C0C,0x0000},  /* U+BE8F */
  {0x0000,0x54A8,0x54A8,0x54A8,0x77A8,0x54B8,0x54A8,0x77A8,0x0028,0x0418,0x0410,0x0410,0x0E28,0x1B6C,0x31C6,0x0000},  /* U+BE90 */
  {0x2A54,0x2A54,0x2A54,0x3BD4,0x2A5C,0x2A54,0x3BD4,0x0014,0x0004,0x03F0,0x0408,0x0804,0x0804,0x0408,0x03F0,0x0000},  /* U+BE91 */
  {0x0000,0x4A50,0x4A50,0x4A50,0x4A50,0x7BDC,0x4A50,0x4A50,0x4A50,0x4A5C,0x7BD0,0x0010,0x0010,0x0010,0x0010,0x0000},  /* U+BE98 */
  {0x0000,0x4A90,0x4A90,0x4A90,0x7B9C,0x4A90,0x4A9C,0x7B90,0x0010,0x0000,0x1FF0,0x0010,0x0010,0x0010,0x0010,0x0000},  /* U+BE99 */
  {0x0000,0x4A90,0x4A90,0x4A90,0x7B9C,0x4A90,0x4A9C,0x7B90,0x0010,0x0000,0x1FF0,0x1010,0x1010,0x1010,0x1FF0,0x0000},  /* U+BEA8 */
  {0x2524,0x2524,0x2524,0x2524,0x3DE4,0x253C,0x2524,0x2524,0x2524,0x3DE4,0x0004,0x0004,0x0004,0x0004,0x0004,0x0000},  /* U+BED0 */
  {0x0004,0x2524,0x2524,0x2524,0x3DFC,0x2524,0x2524,0x3DE4,0x0004,0x0000,0x07FC,0x0004,0x0004,0x0004,0x0004,0x0000},  /* U+BED1 */
  {0x0000,0x4A48,0x4A48,0x4A48,0x7BC8,0x4A78,0x4A48,0x4A48,0x7BC8,0x0008,0x0808,0x0808,0x0800,0x0800,0x0FFC,0x0000},  /* U+BED4 */
  {0x0000,0x2524,0x2524,0x2524,0x3DFC,0x2524,0x2524,0x3DE4,0x0004,0x0000,0x07FC,0x0400,0x0400,0x0400,0x07FC,0x0000},  /* U+BED7 */
  {0x0004,0x2524,0x2524,0x3DFC,0x2524,0x2524,0x3DE4,0x0004,0x07FC,0x0004,0x0004,0x07FC,0x0400,0x0400,0x07FC,0x0000},  /* U+BED8 */
  {0x0000,0x2524,0x2524,0x2524,0x3DFC,0x2524,0x2524,0x3DE4,0x0004,0x0000,0x07FC,0x0404,0x0404,0x0404,0x07FC,0x0000},  /* U+BEE0 */
  {0x0000,0x4A48,0x4A48,0x4A48,0x7BC8,0x4A78,0x4A48,0x4A48,0x7BC8,0x0008,0x0180,0x0180,0x0340,0x0630,0x381C,0x0000},  /* U+BEE3 */
  {0x0000,0x4A48,0x4A48,0x4A48,0x7BF8,0x4A48,0x4A48,0x7BC8,0x0008,0x0410,0x0410,0x0410,0x0A28,0x1B2C,0x31C6,0x0000},  /* U+BEE4 */
  {0x2524,0x2524,0x2524,0x3DFC,0x2524,0x2524,0x3DE4,0x0004,0x0000,0x01F0,0x0608,0x0404,0x0404,0x0608,0x01F0,0x0000},  /* U+BEE5 */
  {0x2A54,0x2A54,0x2A54,0x2A54,0x3BD4,0x2A74,0x2A54,0x2A54,0x2A54,0x3BD4,0x0014,0x0014,0x0014,0x0014,0x0004,0x0000},  /* U+BEEC */
  {0x2A54,0x2A54,0x2A54,0x3BF4,0x2A54,0x2A54,0x3BD4,0x0014,0x0004,0x03F0,0x0408,0x0804,0x0804,0x0408,0x03F0,0x0000},  /* U+BF01 */
  {0x0004,0x2524,0x2524,0x2524,0x253C,0x3DE4,0x2524,0x2524,0x253C,0x2524,0x3DE4,0x0004,0x0004,0x0004,0x0004,0x0000},  /* U+BF08 */
  {0x0000,0x2524,0x2524,0x253C,0x3DE4,0x2524,0x253C,0x3DE4,0x0004,0x0000,0x07FC,0x0004,0x0004,0x0004,0x0004,0x0000},  /* U+BF09 */
  {0x0000,0x2524,0x2524,0x253C,0x3DE4,0x2524,0x253C,0x3DE4,0x0004,0x0004,0x07FC,0x0404,0x0404,0x0404,0x07FC,0x0000},  /* U+BF18 */
  {0x0000,0x0024,0x2524,0x253C,0x3DE4,0x2524,0x253C,0x3DE4,0x0004,0x0404,0x0404,0x07FC,0x0404,0x0404,0x07FC,0x0000},  /* U+BF19 */
  {0x0008,0x4A48,0x4A48,0x4A78,0x7BC8,0x4A48,0x4A78,0x4A48,0x7BC8,0x0008,0x0180,0x0180,0x0340,0x0630,0x381C,0x0000},  /* U+BF1B */
  {0x0000,0x4A48,0x4A48,0x4A78,0x7BC8,0x4A48,0x4A78,0x7BC8,0x0008,0x0410,0x0410,0x0410,0x0A28,0x1B6C,0x3186,0x0000},  /* U+BF1C */
  {0x2524,0x2524,0x253C,0x3DE4,0x2524,0x253C,0x3DE4,0x0004,0x0004,0x01F0,0x0608,0x0404,0x0404,0x0608,0x01F0,0x0000},  /* U+BF1D */
  {0x0000,0x0000,0x2288,0x2288,0x2288,0x3EF8,0x2288,0x2288,0x2288,0x3EF8,0x0100,0x0100,0x0100,0x7FFE,0x0000,0x0000},  /* U+BF40 */
  {0x2288,0x2288,0x3EF8,0x2288,0x2288,0x3EF8,0x0100,0x7FFE,0x0000,0x0000,0x1FF8,0x0008,0x0008,0x0008,0x0008,0x0000},  /* U+BF41 */
  {0x0000,0x2288,0x2288,0x3EF8,0x2288,0x2288,0x3EF8,0x0100,0x0100,0x7FFE,0x0000,0x2000,0x2000,0x2000,0x3FF8,0x0000},  /* U+BF44 */
  {0x2288,0x2288,0x3EF8,0x2288,0x2288,0x3EF8,0x0100,0x7FFE,0x0000,0x3FF8,0x0008,0x0008,0x3FF8,0x2000,0x3FF8,0x0000},  /* U+BF48 */
  {0x0000,0x2288,0x2288,0x3EF8,0x2288,0x2288,0x3EF8,0x0100,0x7FFE,0x0000,0x0000,0x3FF8,0x2008,0x2008,0x3FF8,0x0000},  /* U+BF50 */
  {0x0000,0x2288,0x2288,0x3EF8,0x2288,0x3EF8,0x0100,0x0100,0x7FFE,0x0000,0x2008,0x2008,0x3FF8,0x2008,0x3FF8,0x0000},  /* U+BF51 */
  {0x2288,0x2288,0x3EF8,0x2288,0x2288,0x3EF8,0x0100,0x7FFE,0x0000,0x0FE0,0x1010,0x2008,0x2008,0x1010,0x0FE0,0x0000},  /* U+BF55 */
  {0x0004,0x2524,0x2524,0x3DE4,0x2524,0x2524,0x2524,0x3DE4,0x0204,0x0204,0x0204,0x3FE4,0x0004,0x0004,0x0004,0x0000},  /* U+BF94 */
  {0x0000,0x0000,0x2288,0x2288,0x2288,0x3EF8,0x2288,0x2288,0x2288,0x3EF8,0x0420,0x0420,0x0420,0x7FFE,0x0000,0x0000},  /* U+BFB0 */
  {0x2288,0x2288,0x3EF8,0x2288,0x3EF8,0x0000,0x0440,0x0440,0x7FFC,0x0FE0,0x1010,0x2008,0x2008,0x1010,0x0FE0,0x0000},  /* U+BFC5 */
  {0x0000,0x2288,0x2288,0x3EF8,0x2288,0x2288,0x3EF8,0x0000,0x0000,0x7FFE,0x0100,0x0100,0x0100,0x0100,0x0100,0x0000},  /* U+BFCC */
  {0x2288,0x2288,0x3EF8,0x2288,0x3EF8,0x0000,0x0000,0x7FFE,0x0100,0x0100,0x3FF8,0x0008,0x0008,0x0008,0x0008,0x0000},  /* U+BFCD */
  {0x0000,0x1144,0x1144,0x1F7C,0x1144,0x1144,0x1F7C,0x0000,0x7FFE,0x0080,0x1080,0x1080,0x1000,0x1000,0x1FFC,0x0000},  /* U+BFD0 */
  {0x2288,0x2288,0x3EF8,0x2288,0x2288,0x3EF8,0x0000,0x7FFE,0x0100,0x0100,0x3FF8,0x0008,0x3FF8,0x2000,0x3FF8,0x0000},  /* U+BFD4 */
  {0x0000,0x2288,0x2288,0x3EF8,0x2288,0x3EF8,0x0000,0x0000,0x7FFE,0x0100,0x0100,0x3FF8,0x2008,0x2008,0x3FF8,0x0000},  /* U+BFDC */
  {0x2288,0x2288,0x3EF8,0x2288,0x2288,0x3EF8,0x0000,0x7FFE,0x0100,0x0100,0x0100,0x0280,0x0440,0x3838,0x2000,0x0000},  /* U+BFDF */
  {0x2288,0x2288,0x3EF8,0x2288,0x3EF8,0x0000,0x0000,0x7FFE,0x0100,0x0100,0x0FE0,0x3018,0x2008,0x3018,0x0FE0,0x0000},  /* U+BFE1 */
  {0x0000,0x1144,0x1144,0x1F7C,0x1144,0x1144,0x1F7C,0x0000,0x0000,0x7FFE,0x0420,0x0420,0x0420,0x0420,0x0420,0x0000},  /* U+C03C */
  {0x2288,0x2288,0x3EF8,0x2288,0x3EF8,0x0000,0x0000,0xFFFE,0x0820,0x0820,0x0FE0,0x3018,0x2008,0x3018,0x0FE0,0x0000},  /* U+C051 */
  {0x0000,0x0000,0x2288,0x2288,0x2288,0x3EF8,0x2288,0x2288,0x2288,0x3EF8,0x0000,0x0000,0x0000,0xFFFE,0x0000,0x0000},  /* U+C058 */
  {0x0000,0x2288,0x2288,0x3EF8,0x2288,0x2288,0x3EF8,0x0000,0x0000,0xFFFE,0x0000,0x2000,0x2000,0x2000,0x3FF8,0x0000},  /* U+C05C */
  {0x2288,0x2288,0x3EF8,0x2288,0x2288,0x3EF8,0x0000,0xFFFE,0x0000,0x3FF8,0x0008,0x0008,0x3FF8,0x2000,0x3FF8,0x0000},  /* U+C060 */
  {0x0000,0x2288,0x2288,0x3EF8,0x2288,0x2288,0x3EF8,0x0000,0xFFFE,0x0000,0x0000,0x3FF8,0x2008,0x2008,0x3FF8,0x0000},  /* U+C068 */
  {0x0000,0x2288,0x2288,0x3EF8,0x2288,0x3EF8,0x0000,0x0000,0xFFFE,0x0000,0x2008,0x2008,0x3FF8,0x2008,0x3FF8,0x0000},  /* U+C069 */
  {0x2524,0x2524,0x2524,0x2524,0x3DE4,0x2524,0x2524,0x2524,0x2524,0x3DE4,0x0004,0x0004,0x0004,0x0004,0x0004,0x0000},  /* U+C090 */
  {0x0000,0x2524,0x2524,0x2524,0x3DE4,0x2524,0x2524,0x3DE4,0x0004,0x0000,0x07FC,0x0004,0x0004,0x0004,0x0004,0x0000},  /* U+C091 */
  {0x0000,0x4A48,0x4A48,0x4A48,0x7BC8,0x4A48,0x4A48,0x4A48,0x7BC8,0x0008,0x0808,0x0800,0x0800,0x0800,0x0FFC,0x0000},  /* U+C094 */
  {0x0004,0x2524,0x2524,0x3DE4,0x2524,0x2524,0x3DE4,0x0004,0x07FC,0x0004,0x0004,0x07FC,0x0400,0x0400,0x07FC,0x0000},  /* U+C098 */
  {0x0000,0x2524,0x2524,0x2524,0x3DE4,0x2524,0x2524,0x3DE4,0x0004,0x0000,0x07FC,0x0404,0x0404,0x0404,0x07FC,0x0000},  /* U+C0A0 */
  {0x0000,0x0004,0x2524,0x2524,0x3DE4,0x2524,0x2524,0x3DE4,0x0004,0x0404,0x0404,0x07FC,0x0404,0x0404,0x07FC,0x0000},  /* U+C0A1 */
  {0x0000,0x4A48,0x4A48,0x4A48,0x7BC8,0x4A48,0x4A48,0x4A48,0x7BC8,0x0008,0x0180,0x0180,0x0340,0x0620,0x381C,0x0000},  /* U+C0A3 */
  {0x2524,0x2524,0x2524,0x3DE4,0x2524,0x2524,0x3DE4,0x0004,0x0004,0x01F0,0x0608,0x0404,0x0404,0x0608,0x01F0,0x0000},  /* U+C0A5 */
  {0x0010,0x0410,0x0410,0x0410,0x0410,0x0C10,0x0C1C,0x0A10,0x1210,0x3110,0x2090,0x0010,0x0010,0x0010,0x0010,0x0000},  /* U+C0AC */
  {0x0000,0x0410,0x0410,0x0410,0x0410,0x0C1C,0x1A10,0x1110,0x6090,0x0000,0x1FF0,0x0010,0x0010,0x0010,0x0010,0x0000},  /* U+C0AD */
  {0x0410,0x0410,0x0410,0x0410,0x0C1C,0x1A10,0x3110,0x6090,0x0000,0x1F20,0x0120,0x0120,0x0150,0x01C8,0x0080,0x0000},  /* U+C0AF */
  {0x0010,0x0410,0x0410,0x0410,0x0410,0x0C1C,0x0A10,0x1110,0x2090,0x4010,0x1010,0x1000,0x1000,0x1000,0x1FF8,0x0000},  /* U+C0B0 */
  {0x0000,0x0410,0x0410,0x0410,0x0C10,0x0C1C,0x1A10,0x3190,0x6090,0x0000,0x1FF0,0x1000,0x1000,0x1000,0x1FF0,0x0000},  /* U+C0B3 */
  {0x0410,0x0410,0x0410,0x0C1C,0x1A10,0x3190,0x4090,0x0000,0x1FF0,0x0010,0x0010,0x1FF0,0x1000,0x1000,0x1FF0,0x0000},  /* U+C0B4 */
  {0x0410,0x0410,0x0410,0x0C1C,0x1A10,0x3190,0x4090,0x0010,0x1FF0,0x0210,0x0210,0x1E10,0x1010,0x1010,0x1F10,0x0000},  /* U+C0B5 */
  {0x0410,0x0410,0x0410,0x0E1C,0x1A10,0x3190,0x4010,0x0000,0x3EF0,0x0290,0x0290,0x3E90,0x2090,0x2090,0x3EF0,0x0000},  /* U+C0B6 */
  {0x0000,0x0410,0x0410,0x0410,0x0C10,0x0C1C,0x1A10,0x3190,0x6090,0x0000,0x1FF0,0x1010,0x1010,0x1010,0x1FF0,0x0000},  /* U+C0BC */
  {0x0000,0x0410,0x0410,0x0410,0x0C1C,0x0A10,0x1310,0x2090,0x4000,0x1010,0x1010,0x1FF0,0x1010,0x1010,0x1FF0,0x0000},  /* U+C0BD */
  {0x0000,0x0410,0x0410,0x0410,0x0410,0x0C1C,0x1A10,0x3110,0x6090,0x0010,0x0100,0x0180,0x02C0,0x0460,0x381C,0x0000},  /* U+C0BF */
  {0x0000,0x0410,0x0410,0x0410,0x0410,0x0C1C,0x1A10,0x3110,0x6090,0x0420,0x0420,0x0420,0x0E50,0x1A58,0x318C,0x0000},  /* U+C0C0 */
  {0x0410,0x0410,0x0410,0x0C10,0x0C1C,0x1A10,0x3190,0x6090,0x0010,0x07C0,0x0830,0x1010,0x1010,0x0830,0x07C0,0x0000},  /* U+C0C1 */
  {0x0410,0x0410,0x0410,0x0C1C,0x1A10,0x3190,0x4090,0x0000,0x1FF0,0x1000,0x1000,0x1FF0,0x1000,0x1000,0x1FF0,0x0000},  /* U+C0C5 */
  {0x0024,0x0424,0x0424,0x0424,0x0424,0x0424,0x0C3C,0x0C24,0x0A24,0x1324,0x2124,0x0024,0x0024,0x0024,0x0004,0x0000},  /* U+C0C8 */
  {0x0000,0x0024,0x0424,0x0424,0x0424,0x0C3C,0x1A24,0x1124,0x2024,0x0004,0x0FFC,0x0004,0x0004,0x0004,0x0004,0x0000},  /* U+C0C9 */
  {0x0008,0x0848,0x0848,0x0848,0x1848,0x1478,0x3448,0x6348,0x4048,0x0048,0x0848,0x0800,0x0800,0x0800,0x0FFC,0x0000},  /* U+C0CC */
  {0x0848,0x0848,0x0848,0x1848,0x1478,0x2448,0x6348,0x4048,0x0000,0x0FF8,0x0008,0x0FF8,0x0800,0x0800,0x0FFC,0x0000},  /* U+C0D0 */
  {0x0000,0x0024,0x0424,0x0424,0x0424,0x0C3C,0x1A24,0x1124,0x2024,0x0004,0x07FC,0x0404,0x0404,0x0404,0x07FC,0x0000},  /* U+C0D8 */
  {0x0000,0x0024,0x0424,0x0424,0x0C24,0x0A3C,0x1A24,0x31A4,0x2024,0x0404,0x0404,0x07FC,0x0404,0x0404,0x07FC,0x0000},  /* U+C0D9 */
  {0x0000,0x0048,0x0848,0x0848,0x0848,0x1878,0x1448,0x2448,0x4348,0x0048,0x0188,0x0180,0x0340,0x0620,0x381C,0x0000},  /* U+C0DB */
  {0x0000,0x0048,0x0848,0x0848,0x0848,0x1878,0x1448,0x2648,0x4048,0x0418,0x0410,0x0410,0x0E28,0x1B2C,0x21C6,0x0000},  /* U+C0DC */
  {0x0424,0x0424,0x0424,0x0C24,0x0A3C,0x1A24,0x3124,0x2024,0x0004,0x01F0,0x0608,0x0404,0x0404,0x0608,0x01F0,0x0000},  /* U+C0DD */
  {0x0000,0x0010,0x0410,0x0410,0x0410,0x041C,0x0C10,0x0C10,0x0A10,0x121C,0x3110,0x6090,0x0010,0x0010,0x0010,0x0000},  /* U+C0E4 */
  {0x0000,0x0410,0x0410,0x0410,0x0C1C,0x0C10,0x1A1C,0x3190,0x6090,0x0000,0x1FF0,0x0010,0x0010,0x0010,0x0010,0x0000},  /* U+C0E5 */
  {0x0000,0x0410,0x0410,0x0410,0x041C,0x0C10,0x0A10,0x111C,0x2090,0x4010,0x1010,0x1000,0x1000,0x1000,0x1FF8,0x0000},  /* U+C0E8 */
  {0x0010,0x0410,0x0410,0x041C,0x0C10,0x1A10,0x311C,0x6090,0x0010,0x1FF0,0x0010,0x0010,0x1FF0,0x1000,0x1000,0x1FF0},  /* U+C0EC */
  {0x0000,0x0410,0x0410,0x0410,0x0C1C,0x0C10,0x1A1C,0x3190,0x6090,0x0000,0x1FF0,0x1010,0x1010,0x1010,0x1FF0,0x0000},  /* U+C0F4 */
  {0x0010,0x0410,0x0410,0x041C,0x0C10,0x0A10,0x131C,0x2190,0x4010,0x1010,0x1010,0x1FF0,0x1010,0x1010,0x1FF0,0x0000},  /* U+C0F5 */
  {0x0000,0x0410,0x0410,0x0410,0x041C,0x0C10,0x1A10,0x319C,0x6090,0x0010,0x0180,0x0180,0x0340,0x0620,0x381C,0x0000},  /* U+C0F7 */
  {0x0410,0x0410,0x0410,0x0C1C,0x0C10,0x1A1C,0x3190,0x6090,0x0010,0x07C0,0x0830,0x1010,0x1010,0x0830,0x07C0,0x0000},  /* U+C0F9 */
  {0x0024,0x0424,0x0424,0x0424,0x043C,0x0424,0x0C24,0x0A24,0x1A3C,0x1124,0x2124,0x0024,0x0024,0x0024,0x0004,0x0000},  /* U+C100 */
  {0x0000,0x0848,0x0848,0x0848,0x0878,0x1848,0x1448,0x2278,0x4148,0x0048,0x0848,0x0800,0x0800,0x0800,0x0FFC,0x0000},  /* U+C104 */
  {0x0848,0x0848,0x0878,0x1848,0x1448,0x2278,0x4148,0x0048,0x0000,0x0FF8,0x0008,0x0FF8,0x0800,0x0800,0x0FFC,0x0000},  /* U+C108 */
  {0x0004,0x0424,0x0424,0x043C,0x0C24,0x0A24,0x1A3C,0x31A4,0x2024,0x0000,0x07FC,0x0404,0x0404,0x0404,0x07FC,0x0000},  /* U+C110 */
  {0x0004,0x0424,0x0424,0x043C,0x0C24,0x0A24,0x1A3C,0x31A4,0x2024,0x0004,0x01F0,0x0608,0x0404,0x0404,0x0608,0x01F0},  /* U+C115 */
  {0x0004,0x0204,0x0204,0x0204,0x0204,0x067C,0x0604,0x0504,0x0904,0x1884,0x3044,0x0004,0x0004,0x0004,0x0004,0x0000},  /* U+C11C */
  {0x0000,0x0204,0x0204,0x0204,0x067C,0x0604,0x0D04,0x18C4,0x3044,0x0000,0x07FC,0x0004,0x0004,0x0004,0x0004,0x0000},  /* U+C11D */
  {0x0000,0x0204,0x0204,0x0204,0x067C,0x0604,0x0D04,0x18C4,0x3044,0x0000,0x0FBC,0x0084,0x0084,0x0084,0x0084,0x0000},  /* U+C11E */
  {0x0000,0x0408,0x0408,0x0408,0x0CF8,0x0C08,0x1A08,0x3188,0x6088,0x0000,0x1F10,0x0110,0x0110,0x0128,0x0144,0x0000},  /* U+C11F */
  {0x0000,0x0004,0x0204,0x0204,0x0204,0x067C,0x0504,0x0984,0x18C4,0x3004,0x0404,0x0404,0x0400,0x0400,0x07FC,0x0000},  /* U+C120 */
  {0x0000,0x0204,0x0204,0x0204,0x067C,0x0504,0x0984,0x18C4,0x2004,0x0000,0x07FC,0x0400,0x0400,0x0400,0x07FC,0x0000},  /* U+C123 */
  {0x0204,0x0204,0x0204,0x067C,0x0504,0x0984,0x3044,0x0004,0x07FC,0x0004,0x0004,0x07FC,0x0400,0x0400,0x07FC,0x0000},  /* U+C124 */
  {0x0204,0x0204,0x0204,0x067C,0x0704,0x0984,0x30C4,0x0004,0x0F7C,0x0144,0x0144,0x0F44,0x0844,0x0844,0x0FFC,0x0000},  /* U+C126 */
  {0x0204,0x0204,0x0204,0x067C,0x0704,0x0984,0x30C4,0x0004,0x0000,0x0F44,0x0144,0x0F7C,0x0844,0x0844,0x0FFC,0x0000},  /* U+C127 */
  {0x0004,0x0204,0x0204,0x0204,0x063C,0x0504,0x0884,0x1044,0x2004,0x0000,0x07FC,0x0404,0x0404,0x0404,0x07FC,0x0000},  /* U+C12C */
  {0x0000,0x0204,0x0204,0x0204,0x063C,0x0504,0x0884,0x1044,0x2004,0x0404,0x0404,0x07FC,0x0404,0x0404,0x07FC,0x0000},  /* U+C12D */
  {0x0000,0x0008,0x0408,0x0408,0x0408,0x0C78,0x0A08,0x1308,0x2188,0x4008,0x0088,0x0180,0x0340,0x0630,0x181C,0x0000},  /* U+C12F */
  {0x0000,0x0408,0x0408,0x0408,0x0CF8,0x0E08,0x1308,0x3188,0x4008,0x0410,0x0410,0x0410,0x0E28,0x1B6C,0x30C6,0x0000},  /* U+C130 */
  {0x0204,0x0204,0x0204,0x067C,0x0704,0x0984,0x18C4,0x2004,0x0004,0x01F0,0x0608,0x0404,0x0404,0x0608,0x01F0,0x0000},  /* U+C131 */
  {0x0000,0x0204,0x0204,0x0204,0x067C,0x0504,0x0984,0x18C4,0x2004,0x0000,0x07FC,0x0110,0x0110,0x0110,0x07FC,0x0000},  /* U+C136 */
  {0x0014,0x0414,0x0414,0x0414,0x0414,0x04F4,0x0C14,0x0A14,0x1A14,0x1114,0x2114,0x0014,0x0014,0x0014,0x0004,0x0000},  /* U+C138 */
  {0x0000,0x0414,0x0414,0x0414,0x0C74,0x0C14,0x1214,0x2194,0x0014,0x0000,0x0FFC,0x0004,0x0004,0x0004,0x0004,0x0000},  /* U+C139 */
  {0x0000,0x0028,0x0828,0x0828,0x0828,0x18E8,0x1428,0x2628,0x6328,0x4028,0x0828,0x0808,0x0800,0x0800,0x0FFC,0x0000},  /* U+C13C */
  {0x0828,0x0828,0x0828,0x18E8,0x1428,0x2628,0x4328,0x0028,0x0000,0x0FF8,0x0008,0x0FF8,0x0800,0x0800,0x0FFC,0x0000},  /* U+C140 */
  {0x0000,0x0414,0x0414,0x0414,0x0C74,0x0A14,0x1314,0x2194,0x0014,0x0000,0x07FC,0x0404,0x0404,0x0404,0x07FC,0x0000},  /* U+C148 */
  {0x0000,0x0414,0x0414,0x0414,0x0C74,0x0A14,0x1314,0x2194,0x0014,0x0404,0x0404,0x07FC,0x0404,0x0404,0x07FC,0x0000},  /* U+C149 */
  {0x0000,0x0828,0x0828,0x0828,0x18E8,0x1828,0x2428,0x6328,0x4028,0x0008,0x0180,0x0180,0x0340,0x0620,0x381C,0x0000},  /* U+C14B */
  {0x0000,0x0828,0x0828,0x0828,0x18E8,0x1828,0x2428,0x4328,0x0028,0x0410,0x0410,0x0410,0x0E28,0x1B6C,0x2186,0x0000},  /* U+C14C */
  {0x0414,0x0414,0x0414,0x0C74,0x0A14,0x1314,0x2194,0x0014,0x0004,0x01F0,0x0608,0x0404,0x0404,0x0608,0x01F0,0x0000},  /* U+C14D */
  {0x0004,0x0004,0x0204,0x0204,0x027C,0x0204,0x0604,0x0604,0x067C,0x0904,0x1884,0x3044,0x0004,0x0004,0x0004,0x0004},  /* U+C154 */
  {0x0000,0x0204,0x0204,0x023C,0x0604,0x0604,0x0D3C,0x1984,0x3044,0x0004,0x07FC,0x0004,0x0004,0x0004,0x0004,0x0000},  /* U+C155 */
  {0x0004,0x0204,0x0204,0x023C,0x0204,0x0604,0x053C,0x0984,0x10C4,0x2004,0x0404,0x0400,0x0400,0x0400,0x07FC,0x0000},  /* U+C158 */
  {0x0204,0x0204,0x023C,0x0604,0x0D3C,0x1884,0x3044,0x0004,0x07FC,0x0004,0x0004,0x07FC,0x0400,0x0400,0x07FC,0x0000},  /* U+C15C */
  {0x0000,0x0204,0x0204,0x023C,0x0604,0x0604,0x0D3C,0x1884,0x3044,0x0004,0x07FC,0x0404,0x0404,0x0404,0x07FC,0x0000},  /* U+C164 */
  {0x0000,0x0204,0x0204,0x023C,0x0604,0x073C,0x0984,0x10C4,0x2000,0x0404,0x0404,0x07FC,0x0404,0x0404,0x07FC,0x0000},  /* U+C165 */
  {0x0008,0x0408,0x0408,0x0478,0x0408,0x0C08,0x1A78,0x3308,0x6088,0x0008,0x0080,0x0180,0x0340,0x0630,0x181C,0x0000},  /* U+C167 */
  {0x0000,0x0408,0x0408,0x0478,0x0C08,0x0C08,0x1A78,0x3308,0x6088,0x0410,0x0410,0x0410,0x0E28,0x1B6C,0x30C6,0x0000},  /* U+C168 */
  {0x0204,0x0204,0x023C,0x0604,0x0604,0x0D3C,0x1984,0x3044,0x0004,0x01F0,0x0608,0x0404,0x0404,0x0608,0x01F0,0x0000},  /* U+C169 */
  {0x0014,0x0414,0x0414,0x0414,0x0474,0x0414,0x0C14,0x0A74,0x1A14,0x1114,0x2114,0x0014,0x0014,0x0014,0x0004,0x0000},  /* U+C170 */
  {0x0000,0x0828,0x0828,0x08E8,0x0828,0x1828,0x14E8,0x2628,0x4328,0x0028,0x0828,0x0808,0x0800,0x0800,0x0FFC,0x0000},  /* U+C174 */
  {0x0828,0x0828,0x08E8,0x1828,0x14E8,0x2628,0x4228,0x0028,0x0000,0x0FF8,0x0008,0x0FF8,0x0800,0x0800,0x0FFC,0x0000},  /* U+C178 */
  {0x0414,0x0414,0x0474,0x0C14,0x0C14,0x1A74,0x3114,0x2014,0x0004,0x01F0,0x0608,0x0404,0x0404,0x0608,0x01F0,0x0000},  /* U+C185 */
  {0x0000,0x0000,0x0100,0x0300,0x0280,0x04C0,0x0C60,0x3018,0x0100,0x0100,0x0100,0x0100,0x7FFE,0x0000,0x0000,0x0000},  /* U+C18C */
  {0x0100,0x0300,0x0280,0x0C60,0x3018,0x0100,0x0100,0x7FFE,0x0000,0x0000,0x3FF0,0x0010,0x0010,0x0010,0x0010,0x0000},  /* U+C18D */
  {0x0100,0x0300,0x0280,0x0C60,0x3018,0x0100,0x0100,0x7FFE,0x0000,0x0000,0x1FF8,0x0108,0x0108,0x0108,0x0108,0x0000},  /* U+C18E */
  {0x0000,0x0100,0x0100,0x0280,0x0C60,0x3838,0x0100,0x0100,0x0100,0x7FFE,0x1000,0x1000,0x1000,0x1000,0x1FF8,0x0000},  /* U+C190 */
  {0x0000,0x0100,0x0280,0x06C0,0x1830,0x2108,0x0100,0x7FFE,0x0000,0x0000,0x1FF0,0x0010,0x1FF0,0x1000,0x1FF8,0x0000},  /* U+C194 */
  {0x0100,0x0280,0x06C0,0x1830,0x2108,0x0100,0xFFFE,0x0000,0x3EF8,0x0288,0x0288,0x3E88,0x2088,0x2088,0x3EF8,0x0000},  /* U+C196 */
  {0x0000,0x0100,0x0300,0x0280,0x0C60,0x3018,0x0100,0x0100,0x7FFE,0x0000,0x0000,0x1FF0,0x1010,0x1010,0x1FF0,0x0000},  /* U+C19C */
  {0x0000,0x0100,0x0380,0x06C0,0x0C60,0x3018,0x0100,0x0100,0x7FFE,0x0000,0x1010,0x1010,0x1FF0,0x1010,0x1FF0,0x0000},  /* U+C19D */
  {0x0100,0x0300,0x0280,0x0C60,0x3118,0x0100,0x0100,0x7FFE,0x0000,0x0100,0x0100,0x0280,0x0440,0x3838,0x2000,0x0000},  /* U+C19F */
  {0x0100,0x0300,0x0280,0x0C60,0x3118,0x0100,0x0100,0x7FFE,0x0000,0x07C0,0x1830,0x1010,0x1010,0x1830,0x07C0,0x0000},  /* U+C1A1 */
  {0x0000,0x0100,0x0380,0x06C0,0x1C70,0x3118,0x0100,0x7FFE,0x0000,0x0000,0x1FF8,0x1000,0x1FF0,0x1000,0x1FF8,0x0000},  /* U+C1A5 */
  {0x0000,0x0010,0x0410,0x0410,0x0C10,0x0A10,0x1110,0x609C,0x0410,0x0410,0x0410,0x0410,0x7FD0,0x0010,0x0010,0x0000},  /* U+C1A8 */
  {0x0010,0x0410,0x0410,0x0E10,0x1B10,0x609C,0x0410,0x0410,0x7FF0,0x0000,0x1FF0,0x0010,0x0010,0x0010,0x0010,0x0000},  /* U+C1A9 */
  {0x0010,0x0410,0x0410,0x0C10,0x0A10,0x1190,0x649C,0x0410,0x0410,0x7FD0,0x0010,0x1000,0x1000,0x1000,0x1FF8,0x0000},  /* U+C1AC */
  {0x0410,0x0410,0x0A10,0x3190,0x041C,0x0410,0x7FF0,0x0010,0x0000,0x1FF0,0x0010,0x1FF0,0x1000,0x1000,0x1FF8,0x0000},  /* U+C1B0 */
  {0x0010,0x0410,0x0410,0x0E10,0x1B10,0x609C,0x0410,0x0410,0x7FD0,0x0010,0x07C0,0x1830,0x1010,0x1010,0x1830,0x07C0},  /* U+C1BD */
  {0x0024,0x0424,0x0424,0x0424,0x0A24,0x1B24,0x34BC,0x0424,0x0424,0x0424,0x3FE4,0x0024,0x0024,0x0024,0x0004,0x0000},  /* U+C1C4 */
  {0x0000,0x0848,0x0848,0x0848,0x1448,0x2348,0x4178,0x0848,0x0848,0x7F48,0x0048,0x0808,0x0800,0x0800,0x0FFC,0x0000},  /* U+C1C8 */
  {0x0008,0x0848,0x0848,0x1C48,0x3678,0x4948,0x0848,0x0848,0x7F48,0x0000,0x0FF8,0x0008,0x0FF8,0x0800,0x0800,0x0FFC},  /* U+C1CC */
  {0x0000,0x0424,0x0424,0x0E24,0x1B24,0x31BC,0x0424,0x0424,0x3FA4,0x0004,0x07FC,0x0404,0x0404,0x0404,0x07FC,0x0000},  /* U+C1D4 */
  {0x0000,0x0848,0x0848,0x1848,0x1448,0x2348,0x4078,0x0848,0x0848,0x7F48,0x0148,0x0180,0x0380,0x0660,0x381C,0x0000},  /* U+C1D7 */
  {0x0000,0x0848,0x0848,0x1C48,0x3648,0x6378,0x0848,0x0848,0x7F48,0x0008,0x0410,0x0410,0x0E18,0x1B28,0x31C6,0x0000},  /* U+C1D8 */
  {0x0004,0x0204,0x0204,0x0604,0x0504,0x0884,0x3044,0x0204,0x0204,0x0204,0x0204,0x3FE4,0x0004,0x0004,0x0004,0x0000},  /* U+C1E0 */
  {0x0000,0x0408,0x0408,0x0C08,0x0A08,0x1188,0x6088,0x0408,0x0408,0x7FE8,0x0008,0x0808,0x0800,0x0800,0x0FFC,0x0000},  /* U+C1E4 */
  {0x0204,0x0204,0x0504,0x08C4,0x1044,0x0204,0x0204,0x3FF4,0x0000,0x0FFC,0x0004,0x0FFC,0x0800,0x0800,0x0FFC,0x0000},  /* U+C1E8 */
  {0x0000,0x0204,0x0204,0x0704,0x0D84,0x1844,0x0204,0x0204,0x3FF4,0x0004,0x0000,0x0FFC,0x0804,0x0804,0x0FFC,0x0000},  /* U+C1F0 */
  {0x0000,0x0204,0x0204,0x0504,0x08C4,0x3044,0x0204,0x0204,0x3FF4,0x0000,0x0804,0x0804,0x0FFC,0x0804,0x0FFC,0x0000},  /* U+C1F1 */
  {0x0000,0x0408,0x0408,0x0E08,0x1B08,0x3088,0x0408,0x0408,0x0408,0x7FE8,0x0188,0x0180,0x03C0,0x0660,0x381C,0x0000},  /* U+C1F3 */
  {0x0000,0x0000,0x0100,0x0100,0x0300,0x0280,0x04C0,0x0C20,0x3018,0x0440,0x0440,0x0440,0x0440,0x7FFC,0x0000,0x0000},  /* U+C1FC */
  {0x0100,0x0300,0x0280,0x0C60,0x3018,0x0440,0x0440,0x7FFC,0x0000,0x0000,0x3FF0,0x0010,0x0010,0x0010,0x0010,0x0000},  /* U+C1FD */
  {0x0000,0x0100,0x0300,0x0280,0x0C60,0x3838,0x0440,0x0440,0x0440,0x7FFC,0x1000,0x1000,0x1000,0x1000,0x1FF8,0x0000},  /* U+C200 */
  {0x0000,0x0100,0x0380,0x06C0,0x1830,0x2448,0x0440,0x7FFC,0x0000,0x0000,0x1FF0,0x0010,0x1FF0,0x1000,0x1FF8,0x0000},  /* U+C204 */
  {0x0000,0x0100,0x0300,0x0680,0x0C60,0x3018,0x0440,0x0440,0x7FFC,0x0000,0x0000,0x1FF0,0x1010,0x1010,0x1FF0,0x0000},  /* U+C20C */
  {0x0000,0x0100,0x0380,0x06C0,0x0C60,0x3018,0x0440,0x0440,0x7FFC,0x0000,0x1010,0x1010,0x1FF0,0x1010,0x1FF0,0x0000},  /* U+C20D */
  {0x0100,0x0300,0x0280,0x0C60,0x3458,0x0440,0x0440,0x7FFC,0x0000,0x0100,0x0100,0x0280,0x0440,0x3838,0x2000,0x0000},  /* U+C20F */
  {0x0100,0x0300,0x0280,0x0C60,0x3458,0x0440,0x0440,0x7FFC,0x0000,0x07C0,0x1830,0x1010,0x1010,0x1830,0x07C0,0x0000},  /* U+C211 */
  {0x0000,0x0100,0x0100,0x0280,0x04C0,0x1830,0x3018,0x0000,0x0000,0x7FFE,0x0100,0x0100,0x0100,0x0100,0x0100,0x0000},  /* U+C218 */
  {0x0100,0x0380,0x02C0,0x0C60,0x3018,0x0000,0x0000,0x7FFE,0x0100,0x0100,0x3FF0,0x0010,0x0010,0x0010,0x0010,0x0000},  /* U+C219 */
  {0x0000,0x0080,0x0080,0x0140,0x0630,0x1C1C,0x0000,0x0000,0x7FFE,0x0080,0x0880,0x0880,0x0880,0x0800,0x0FFC,0x0000},  /* U+C21C */
  {0x0000,0x0100,0x0380,0x02C0,0x0C60,0x3018,0x0000,0x0000,0x7FFE,0x0100,0x0100,0x1FF0,0x1000,0x1000,0x1FF8,0x0000},  /* U+C21F */
  {0x0000,0x0100,0x0280,0x06C0,0x1830,0x2008,0x0000,0x7FFE,0x0100,0x0100,0x1FF0,0x0010,0x1FF0,0x1000,0x1FF8,0x0000},  /* U+C220 */
  {0x0000,0x0100,0x0380,0x06C0,0x0C60,0x3018,0x0000,0x0000,0x7FFE,0x0100,0x0100,0x1FF0,0x1010,0x1010,0x1FF0,0x0000},  /* U+C228 */
  {0x0000,0x0100,0x0300,0x06C0,0x0C60,0x3018,0x0000,0x7FFE,0x0100,0x0100,0x1010,0x1010,0x1FF0,0x1010,0x1FF0,0x0000},  /* U+C229 */
  {0x0100,0x0300,0x0280,0x0C60,0x3818,0x0000,0x0000,0x7FFE,0x0100,0x0100,0x0100,0x0280,0x0440,0x1838,0x2008,0x0000},  /* U+C22B */
  {0x0000,0x0180,0x01C0,0x0660,0x1818,0x0000,0x0000,0x7FFE,0x0080,0x0080,0x07E0,0x1810,0x1808,0x1810,0x07E0,0x0000},  /* U+C22D */
  {0x0100,0x0280,0x06C0,0x1830,0x2008,0x0000,0x7FFE,0x0100,0x07C0,0x0000,0x1FF0,0x0020,0x01C0,0x1E78,0x2000,0x0000},  /* U+C22F */
  {0x0000,0x0100,0x0280,0x06C0,0x1830,0x2008,0x0000,0x7FFE,0x0100,0x0100,0x1FF0,0x1000,0x1FF0,0x1000,0x1FF8,0x0000},  /* U+C231 */
  {0x0000,0x0100,0x0380,0x06C0,0x0C60,0x3018,0x0000,0x0000,0x7FFE,0x0100,0x0100,0x1FF0,0x0440,0x0440,0x1FF0,0x0000},  /* U+C232 */
  {0x0000,0x0204,0x0204,0x0204,0x0504,0x0D84,0x18C4,0x0004,0x0034,0x3FC4,0x0204,0x023C,0x0204,0x0204,0x0204,0x0000},  /* U+C234 */
  {0x0008,0x0408,0x0408,0x0E08,0x1908,0x2088,0x0008,0x7FE8,0x0478,0x0408,0x0410,0x0410,0x0618,0x1B2C,0x31C6,0x2000},  /* U+C248 */
  {0x0014,0x0414,0x0414,0x0A14,0x1B14,0x3194,0x0014,0x0014,0x7F94,0x0414,0x04F4,0x0414,0x0414,0x0414,0x0004,0x0000},  /* U+C250 */
  {0x0414,0x0414,0x0A14,0x1B14,0x2014,0x0014,0x7F94,0x04F4,0x0414,0x0400,0x0FFC,0x0004,0x0004,0x0004,0x0004,0x0000},  /* U+C251 */
  {0x0000,0x0428,0x0428,0x0C28,0x0A28,0x31A8,0x2028,0x0028,0x7FA8,0x05E8,0x0428,0x0808,0x0800,0x0800,0x0FFC,0x0000},  /* U+C254 */
  {0x0414,0x0414,0x0A14,0x3194,0x2014,0x7F94,0x0414,0x04F4,0x0010,0x0FFC,0x0004,0x0FFC,0x0800,0x0800,0x0FFC,0x0000},  /* U+C258 */
  {0x0000,0x0414,0x0414,0x0A14,0x1B14,0x2094,0x0014,0x7F94,0x04F4,0x0414,0x0000,0x0FFC,0x0804,0x0804,0x0FFC,0x0000},  /* U+C260 */
  {0x0414,0x0414,0x0E14,0x1B14,0x2094,0x0014,0x7F94,0x04F4,0x0414,0x0004,0x03F0,0x0C0C,0x0804,0x0C0C,0x03F0,0x0000},  /* U+C265 */
  {0x0204,0x0204,0x0204,0x0504,0x0D84,0x18C4,0x0004,0x0014,0x3FE4,0x0204,0x0204,0x0204,0x0204,0x0204,0x0004,0x0000},  /* U+C26C */
  {0x0204,0x0204,0x0504,0x0D84,0x1044,0x0004,0x3FE4,0x0204,0x0204,0x0000,0x0FFC,0x0004,0x0004,0x0004,0x0004,0x0000},  /* U+C26D */
  {0x0000,0x0204,0x0204,0x0604,0x0504,0x18C4,0x1004,0x0004,0x7FE4,0x0204,0x0204,0x0A04,0x0800,0x0800,0x0FFC,0x0000},  /* U+C270 */
  {0x0204,0x0204,0x0504,0x08C4,0x1044,0x0004,0x3FE4,0x0204,0x0200,0x0FFC,0x0004,0x0FFC,0x0800,0x0800,0x0FFC,0x0000},  /* U+C274 */
  {0x0000,0x0204,0x0204,0x0704,0x0D84,0x1044,0x0004,0x3FE4,0x0204,0x0204,0x0000,0x0FFC,0x0804,0x0804,0x0FFC,0x0000},  /* U+C27C */
  {0x0000,0x0204,0x0204,0x0704,0x0D84,0x1044,0x0004,0x3FE4,0x0204,0x0200,0x0804,0x0804,0x0FFC,0x0804,0x0FFC,0x0000},  /* U+C27D */
  {0x0000,0x0408,0x0408,0x0C08,0x1B08,0x3188,0x0008,0x0028,0x7FE8,0x0408,0x0488,0x0480,0x0140,0x0630,0x1C1C,0x0000},  /* U+C27F */
  {0x0204,0x0204,0x0704,0x0D84,0x1044,0x0004,0x3FE4,0x0204,0x0204,0x0004,0x03F0,0x0C0C,0x0804,0x0C0C,0x03F0,0x0000},  /* U+C281 */
  {0x0000,0x0180,0x0180,0x0380,0x0660,0x0C30,0x300C,0x0000,0x0000,0x7FFE,0x0420,0x0420,0x0420,0x0420,0x0420,0x0000},  /* U+C288 */
  {0x0100,0x0180,0x02C0,0x0C60,0x3018,0x0000,0x0000,0x7FFC,0x0440,0x0440,0x1FF0,0x0010,0x0010,0x0010,0x0010,0x0000},  /* U+C289 */
  {0x0000,0x0100,0x0280,0x06C0,0x1830,0x2008,0x0000,0x7FFC,0x0440,0x0440,0x1FF0,0x0010,0x1FF0,0x1000,0x1FF8,0x0000},  /* U+C290 */
  {0x0000,0x0100,0x0380,0x06C0,0x0C60,0x3018,0x0000,0x7FFC,0x0440,0x0440,0x0440,0x1FF0,0x1010,0x1010,0x1FF0,0x0000},  /* U+C298 */
  {0x0100,0x0300,0x0280,0x0C60,0x3818,0x0000,0x0000,0xFFFE,0x0820,0x0820,0x0920,0x0380,0x06C0,0x3838,0x2000,0x0000},  /* U+C29B */
  {0x0100,0x0380,0x06C0,0x0C60,0x3018,0x0000,0x0000,0xFFFE,0x0820,0x0820,0x0FE0,0x1830,0x1010,0x1830,0x07C0,0x0000},  /* U+C29D */
  {0x0000,0x0000,0x0100,0x0300,0x0280,0x06C0,0x0C60,0x1818,0x2000,0x0000,0x0000,0x0000,0xFFFE,0x0000,0x0000,0x0000},  /* U+C2A4 */
  {0x0100,0x0300,0x0680,0x0C60,0x3018,0x0000,0x0000,0xFFFE,0x0000,0x0000,0x3FF0,0x0010,0x0010,0x0010,0x0010,0x0000},  /* U+C2A5 */
  {0x0000,0x0100,0x0300,0x0280,0x0C60,0x3838,0x0000,0x0000,0xFFFE,0x0000,0x1000,0x1000,0x1000,0x1000,0x1FF8,0x0000},  /* U+C2A8 */
  {0x0000,0x0100,0x0380,0x06C0,0x1830,0x2008,0x0000,0xFFFE,0x0000,0x0000,0x1FF0,0x0010,0x1FF0,0x1000,0x1FF0,0x0000},  /* U+C2AC */
  {0x0100,0x0180,0x0640,0x1C30,0x3008,0x0000,0xFFFE,0x0000,0x0000,0x1EF8,0x0208,0x1E08,0x1008,0x1008,0x1F08,0x0000},  /* U+C2AD */
  {0x0000,0x0100,0x0300,0x0680,0x0C60,0x3018,0x0000,0x0000,0xFFFE,0x0000,0x1FF0,0x1010,0x1010,0x1010,0x1FF0,0x0000},  /* U+C2B4 */
  {0x0000,0x0100,0x0380,0x06C0,0x0C60,0x3018,0x0000,0xFFFE,0x0000,0x1010,0x1010,0x1FF0,0x1010,0x1010,0x1FF0,0x0000},  /* U+C2B5 */
  {0x0100,0x0300,0x0680,0x0C60,0x3018,0x0000,0x0000,0xFFFE,0x0000,0x0100,0x0100,0x0280,0x0440,0x3838,0x2000,0x0000},  /* U+C2B7 */
  {0x0100,0x0180,0x02C0,0x0C60,0x3818,0x0000,0x0000,0xFFFE,0x0000,0x07C0,0x0830,0x1010,0x1010,0x0830,0x07C0,0x0000},  /* U+C2B9 */
  {0x0004,0x0204,0x0204,0x0204,0x0204,0x0204,0x0604,0x0604,0x0904,0x0884,0x1044,0x2004,0x0004,0x0004,0x0004,0x0000},  /* U+C2DC */
  {0x0000,0x0204,0x0204,0x0204,0x0604,0x0604,0x0D04,0x18C4,0x3044,0x0000,0x07FC,0x0004,0x0004,0x0004,0x0004,0x0000},  /* U+C2DD */
  {0x0000,0x0204,0x0204,0x0204,0x0204,0x0604,0x0504,0x0884,0x1044,0x2004,0x0404,0x0400,0x0400,0x0400,0x07FC,0x0000},  /* U+C2E0 */
  {0x0000,0x0204,0x0204,0x0204,0x0604,0x0704,0x0D84,0x18C4,0x3004,0x0000,0x07FC,0x0400,0x0400,0x0400,0x07FC,0x0000},  /* U+C2E3 */
  {0x0204,0x0204,0x0204,0x0604,0x0D04,0x18C4,0x3044,0x0004,0x07FC,0x0004,0x0004,0x07FC,0x0400,0x0400,0x07FC,0x0000},  /* U+C2E4 */
  {0x0408,0x0408,0x0408,0x0C08,0x1A08,0x3108,0x6088,0x0000,0x1F78,0x0100,0x01FC,0x1F78,0x1084,0x1084,0x1F78,0x0000},  /* U+C2EB */
  {0x0000,0x0204,0x0204,0x0204,0x0604,0x0704,0x0D84,0x18C4,0x3004,0x0000,0x07FC,0x0404,0x0404,0x0404,0x07FC,0x0000},  /* U+C2EC */
  {0x0000,0x0204,0x0204,0x0204,0x0604,0x0504,0x0884,0x1044,0x2004,0x0404,0x0404,0x07FC,0x0404,0x0404,0x07FC,0x0000},  /* U+C2ED */
  {0x0008,0x0408,0x0408,0x0408,0x0C08,0x0A08,0x1308,0x2088,0x4008,0x0080,0x0180,0x01C0,0x0260,0x0C38,0x180C,0x0000},  /* U+C2EF */
  {0x0204,0x0204,0x0204,0x0604,0x0504,0x0D84,0x18C4,0x3004,0x0004,0x01F0,0x0608,0x0404,0x0404,0x0608,0x01F0,0x0000},  /* U+C2F1 */
  {0x0000,0x0404,0x0404,0x0404,0x0C04,0x0A04,0x1B04,0x3184,0x6004,0x0000,0x0FFC,0x0210,0x0210,0x0210,0x0FFC,0x0000},  /* U+C2F6 */
  {0x0008,0x0888,0x0888,0x0888,0x0888,0x1908,0x198E,0x1588,0x2648,0x6228,0x0408,0x0408,0x0008,0x0008,0x0008,0x0000},  /* U+C2F8 */
  {0x0000,0x0888,0x0888,0x0888,0x1888,0x198E,0x2748,0x6228,0x0408,0x0008,0x0FF8,0x0008,0x0008,0x0008,0x0008,0x0000},  /* U+C2F9 */
  {0x0000,0x0008,0x0888,0x0888,0x1888,0x198E,0x2748,0x6238,0x0408,0x0000,0x1F10,0x0110,0x0110,0x0128,0x0144,0x0000},  /* U+C2FB */
  {0x0008,0x0888,0x0888,0x0888,0x1988,0x158E,0x2748,0x6228,0x0408,0x0008,0x0008,0x0800,0x0800,0x0800,0x0FFC,0x0000},  /* U+C2FC */
  {0x0888,0x0888,0x0888,0x198E,0x3748,0x6228,0x0408,0x0000,0x0FF8,0x0008,0x0008,0x0FF8,0x0800,0x0800,0x0FF8,0x0000},  /* U+C300 */
  {0x0000,0x0888,0x0888,0x0888,0x1888,0x1D8E,0x2748,0x6228,0x0408,0x0000,0x0FF8,0x0808,0x0808,0x0808,0x0FF8,0x0000},  /* U+C308 */
  {0x0000,0x0008,0x0888,0x0888,0x1888,0x198E,0x3548,0x6228,0x0408,0x0808,0x0808,0x0FF8,0x0808,0x0808,0x0FF8,0x0000},  /* U+C309 */
  {0x0000,0x0888,0x0888,0x0888,0x1888,0x198E,0x2748,0x6228,0x0408,0x0210,0x0210,0x0210,0x0728,0x0D2C,0x18C6,0x0000},  /* U+C30C */
  {0x0888,0x0888,0x0888,0x1888,0x1D8E,0x2748,0x4228,0x0408,0x0008,0x03E0,0x0418,0x0808,0x0808,0x0418,0x03E0,0x0000},  /* U+C30D */
  {0x0910,0x0910,0x1910,0x191C,0x2690,0x4450,0x0410,0x0010,0x03C0,0x0000,0x1FF8,0x03C0,0x0420,0x0420,0x03C0,0x0000},  /* U+C313 */
  {0x0014,0x0914,0x0914,0x0914,0x0914,0x1914,0x1B1C,0x1714,0x2694,0x6414,0x0414,0x0014,0x0014,0x0014,0x0004,0x0000},  /* U+C314 */
  {0x0000,0x0014,0x0914,0x0914,0x1114,0x1B1C,0x3714,0x64D4,0x0814,0x0004,0x0FFC,0x0004,0x0004,0x0004,0x0004,0x0000},  /* U+C315 */
  {0x0004,0x0914,0x0914,0x0914,0x1914,0x1B1C,0x3714,0x64D4,0x0C14,0x0014,0x0414,0x0400,0x0400,0x0400,0x07FE,0x0000},  /* U+C318 */
  {0x0014,0x0914,0x0914,0x1914,0x1B1C,0x2794,0x6494,0x0814,0x0000,0x07FC,0x0004,0x07FC,0x0400,0x0400,0x07FE,0x0000},  /* U+C31C */
  {0x0000,0x0014,0x0914,0x0914,0x1914,0x1B1C,0x2714,0x6494,0x0814,0x0004,0x07FC,0x0404,0x0404,0x0404,0x07FC,0x0000},  /* U+C324 */
  {0x0000,0x0014,0x0914,0x0914,0x1114,0x1B1C,0x2714,0x64D4,0x0814,0x0404,0x0404,0x07FC,0x0404,0x0404,0x07FC,0x0000},  /* U+C325 */
  {0x0000,0x0028,0x1228,0x1228,0x2228,0x3638,0x6F28,0xC9A8,0x1028,0x0418,0x0410,0x0410,0x0E28,0x1B6C,0x3186,0x0000},  /* U+C328 */
  {0x0014,0x0914,0x0914,0x1914,0x1B1C,0x2714,0x6494,0x0814,0x0004,0x01F0,0x0608,0x0404,0x0404,0x0608,0x01F0,0x0000},  /* U+C329 */
  {0x0888,0x0888,0x1888,0x188E,0x1588,0x234E,0x4628,0x0408,0x0008,0x03E0,0x0418,0x0808,0x0808,0x0418,0x03E0,0x0000},  /* U+C345 */
  {0x0004,0x0884,0x0884,0x0884,0x0884,0x18BC,0x1984,0x1544,0x2344,0x4224,0x0404,0x0004,0x0004,0x0004,0x0004,0x0000},  /* U+C368 */
  {0x0000,0x0884,0x0884,0x0884,0x18BC,0x1984,0x2744,0x4224,0x0404,0x0000,0x0FFC,0x0004,0x0004,0x0004,0x0004,0x0000},  /* U+C369 */
  {0x0004,0x04C4,0x0484,0x0484,0x08BC,0x0C84,0x1344,0x3134,0x2214,0x0004,0x0404,0x0400,0x0400,0x0400,0x07FC,0x0000},  /* U+C36C */
  {0x0004,0x0884,0x0884,0x08BC,0x0C84,0x1744,0x2224,0x0604,0x0000,0x07FC,0x0004,0x0004,0x07FC,0x0400,0x0400,0x07FC},  /* U+C370 */
  {0x0004,0x0484,0x0484,0x08BC,0x0D84,0x1344,0x2324,0x0604,0x0000,0x0F7C,0x0144,0x0144,0x0F44,0x0844,0x0844,0x0FFC},  /* U+C372 */
  {0x0000,0x0484,0x0484,0x0484,0x0CBC,0x0D84,0x1344,0x2224,0x0004,0x0004,0x07FC,0x0404,0x0404,0x0404,0x07FC,0x0000},  /* U+C378 */
  {0x0000,0x0484,0x0484,0x0484,0x0CBC,0x0F84,0x1364,0x2224,0x0004,0x0404,0x0404,0x07FC,0x0404,0x0404,0x07FC,0x0000},  /* U+C379 */
  {0x0000,0x1108,0x1108,0x1108,0x3178,0x3B08,0x4E88,0x8C48,0x0808,0x0410,0x0410,0x0410,0x0E28,0x1B6C,0x3186,0x0000},  /* U+C37C */
  {0x0884,0x0884,0x0884,0x18BC,0x1D84,0x2744,0x4624,0x0404,0x0004,0x01F0,0x0608,0x0404,0x0404,0x0608,0x01F0,0x0000},  /* U+C37D */
  {0x0014,0x0914,0x0914,0x0914,0x0914,0x1974,0x1B14,0x1794,0x2294,0x4414,0x0C14,0x0014,0x0014,0x0014,0x0004,0x0000},  /* U+C384 */
  {0x0000,0x0028,0x1228,0x1228,0x1228,0x32E8,0x3E28,0x4D28,0x0828,0x0028,0x0028,0x0828,0x0800,0x0800,0x0FFC,0x0000},  /* U+C388 */
  {0x1228,0x1228,0x1228,0x34E8,0x3E28,0x4928,0x0828,0x0028,0x0000,0x0FF8,0x0008,0x0FF8,0x0800,0x0800,0x0FFC,0x0000},  /* U+C38C */
  {0x0000,0x0028,0x1228,0x12E8,0x1228,0x3428,0x36E8,0x4D28,0x0828,0x1028,0x0028,0x0808,0x0800,0x0800,0x0FFC,0x0000},  /* U+C3C0 */
  {0x0000,0x0000,0x0420,0x0420,0x0C20,0x0C30,0x1A58,0x31C8,0x6186,0x0200,0x0100,0x0100,0x0100,0x7FFE,0x0000,0x0000},  /* U+C3D8 */
  {0x0420,0x0630,0x0A50,0x19C8,0x2104,0x0080,0x0080,0x7FFE,0x0000,0x0000,0x1FF8,0x0008,0x0008,0x0008,0x0008,0x0000},  /* U+C3D9 */
  {0x0000,0x0230,0x0630,0x0630,0x0948,0x1086,0x0100,0x0080,0x0080,0x7FFE,0x0000,0x0800,0x0800,0x0800,0x0FFC,0x0000},  /* U+C3DC */
  {0x0000,0x0220,0x0630,0x0678,0x19CC,0x2102,0x0080,0x0080,0x7FFE,0x0000,0x0000,0x0FF8,0x0800,0x0800,0x0FFC,0x0000},  /* U+C3DF */
  {0x0000,0x0220,0x0630,0x0750,0x198C,0x0080,0x0080,0x7FFE,0x0000,0x0000,0x0FF8,0x0008,0x0FF8,0x0800,0x0FFC,0x0000},  /* U+C3E0 */
  {0x0630,0x0630,0x0E78,0x198C,0x2182,0x0080,0x7FFE,0x0000,0x0000,0x1F7C,0x0144,0x1F44,0x1044,0x1044,0x1F7C,0x0000},  /* U+C3E2 */
  {0x0000,0x0220,0x0630,0x0750,0x19C8,0x2106,0x0080,0x0080,0x7FFE,0x0000,0x0000,0x0FF8,0x0808,0x0808,0x0FF8,0x0000},  /* U+C3E8 */
  {0x0000,0x0220,0x0630,0x0650,0x19C8,0x3186,0x0080,0x0080,0x7FFE,0x0000,0x0808,0x0808,0x0FF8,0x0808,0x0FF8,0x0000},  /* U+C3E9 */
  {0x0220,0x0630,0x0750,0x19C8,0x3104,0x0080,0x0080,0x7FFE,0x0000,0x03E0,0x0C18,0x0808,0x0808,0x0C18,0x03E0,0x0000},  /* U+C3ED */
  {0x0000,0x0008,0x0888,0x0888,0x0888,0x1588,0x3348,0x622E,0x0408,0x0208,0x0208,0x3FE8,0x0008,0x0008,0x0008,0x0000},  /* U+C3F4 */
  {0x0008,0x0888,0x0888,0x0D88,0x1748,0x222E,0x0608,0x0208,0x7FE8,0x0000,0x0FF8,0x0008,0x0008,0x0008,0x0008,0x0000},  /* U+C3F5 */
  {0x0000,0x0808,0x0988,0x1988,0x15C8,0x2268,0x040E,0x0208,0x0208,0x7FE8,0x0008,0x0808,0x0800,0x0800,0x0FFC,0x0000},  /* U+C3F8 */
  {0x0008,0x0908,0x0908,0x1988,0x26C8,0x442E,0x0208,0x0208,0x3FE8,0x0000,0x0410,0x0410,0x0E18,0x1B28,0x31C6,0x0000},  /* U+C408 */
  {0x0014,0x0914,0x0914,0x1914,0x1B14,0x2694,0x049C,0x0814,0x0414,0x0414,0x7F94,0x0014,0x0014,0x0014,0x0004,0x0000},  /* U+C410 */
  {0x0000,0x1228,0x1228,0x3628,0x4D28,0x89B8,0x1028,0x0828,0xFF28,0x0008,0x0410,0x0410,0x0E18,0x1B28,0x31C6,0x0000},  /* U+C424 */
  {0x0004,0x0C84,0x0884,0x0C84,0x1D44,0x1364,0x2204,0x0604,0x0204,0x0204,0x7FE4,0x0004,0x0004,0x0004,0x0004,0x0000},  /* U+C42C */
  {0x0000,0x0004,0x0884,0x0884,0x1544,0x2364,0x0604,0x0104,0x0104,0x3FF4,0x0004,0x0804,0x0800,0x0800,0x0FFC,0x0000},  /* U+C430 */
  {0x0884,0x0884,0x15C4,0x2264,0x0404,0x0104,0x0104,0x3FF4,0x0000,0x0FFC,0x0004,0x0FFC,0x0800,0x0800,0x0FFC,0x0000},  /* U+C434 */
  {0x0000,0x0884,0x0884,0x0D84,0x1744,0x6624,0x0604,0x0204,0x7FE4,0x0004,0x0000,0x0FFC,0x0804,0x0804,0x0FFC,0x0000},  /* U+C43C */
  {0x0000,0x0884,0x0884,0x1DC4,0x3364,0x2604,0x0204,0x0204,0x7FE4,0x0000,0x0804,0x0804,0x0FFC,0x0804,0x0FFC,0x0000},  /* U+C43D */
  {0x0000,0x0000,0x0020,0x0820,0x0820,0x1C60,0x1650,0x2388,0x4184,0x0200,0x0820,0x0820,0x0820,0xFFFE,0x0000,0x0000},  /* U+C448 */
  {0x0420,0x0C20,0x0C30,0x1E50,0x33C8,0x6184,0x0000,0x0000,0x7FFE,0x0100,0x0100,0x0100,0x0100,0x0100,0x0100,0x0000},  /* U+C464 */
  {0x0440,0x0C60,0x1E70,0x3398,0x4304,0x0000,0x0000,0x7FFE,0x0100,0x0100,0x3FF0,0x0010,0x0010,0x0010,0x0010,0x0000},  /* U+C465 */
  {0x0000,0x0210,0x0630,0x0630,0x0948,0x10C6,0x0100,0x0000,0x7FFE,0x0080,0x0880,0x0880,0x0800,0x0800,0x0FFC,0x0000},  /* U+C468 */
  {0x0000,0x0440,0x0C60,0x0EE0,0x3398,0x0300,0x0000,0x7FFE,0x0100,0x0100,0x1FF0,0x0010,0x1FF0,0x1000,0x1FF8,0x0000},  /* U+C46C */
  {0x0000,0x0440,0x0C60,0x1EF0,0x3398,0x4304,0x0000,0x0000,0x7FFE,0x0100,0x0100,0x1FF0,0x1010,0x1010,0x1FF0,0x0000},  /* U+C474 */
  {0x0000,0x0440,0x0C60,0x0E60,0x3398,0x630C,0x0000,0x7FFE,0x0100,0x0100,0x1010,0x1010,0x1FF0,0x1010,0x1FF0,0x0000},  /* U+C475 */
  {0x0420,0x0420,0x0A50,0x1188,0x2304,0x0000,0x0000,0x7FFE,0x0080,0x0080,0x07E0,0x1810,0x1808,0x1810,0x07E0,0x0000},  /* U+C479 */
  {0x0000,0x0084,0x0484,0x0C84,0x0CC4,0x1364,0x2334,0x0604,0x0034,0x3FC4,0x0204,0x023C,0x0204,0x0204,0x0204,0x0000},  /* U+C480 */
  {0x0008,0x0908,0x1908,0x1D88,0x2648,0x4408,0x0008,0x7FE8,0x0478,0x0408,0x0420,0x0420,0x0430,0x1A58,0x318C,0x2000},  /* U+C494 */
  {0x0014,0x0914,0x0914,0x1B14,0x2714,0x44D4,0x0814,0x0014,0x7FD4,0x0414,0x04F4,0x0414,0x0414,0x0414,0x0004,0x0000},  /* U+C49C */
  {0x0884,0x0884,0x0884,0x0D84,0x1744,0x2234,0x0604,0x0004,0x7FE4,0x0204,0x0204,0x0204,0x0204,0x0204,0x0004,0x0000},  /* U+C4B8 */
  {0x0000,0x0084,0x0884,0x0C84,0x1744,0x3334,0x0604,0x0004,0x7FE4,0x0204,0x0204,0x0A04,0x0800,0x0800,0x0FFC,0x0000},  /* U+C4BC */
  {0x0820,0x0C20,0x1650,0x2388,0x4304,0x0000,0xFFFE,0x0820,0x0820,0x0820,0x1FF0,0x1830,0x1010,0x1830,0x07C0,0x0000},  /* U+C4E9 */
  {0x0000,0x0000,0x0020,0x0420,0x0420,0x0620,0x0A50,0x1948,0x3084,0x0100,0x0000,0x0000,0x0000,0xFFFE,0x0000,0x0000},  /* U+C4F0 */
  {0x0C60,0x0C60,0x1E70,0x3398,0x4304,0x0000,0x0000,0xFFFE,0x0000,0x0000,0x3FF0,0x0010,0x0010,0x0010,0x0010,0x0000},  /* U+C4F1 */
  {0x0000,0x0420,0x0C60,0x0C60,0x1290,0x618C,0x0200,0x0000,0xFFFE,0x0000,0x1000,0x1000,0x1000,0x1000,0x1FF8,0x0000},  /* U+C4F4 */
  {0x0000,0x0440,0x0C60,0x0EA0,0x3398,0x0308,0x0000,0xFFFE,0x0000,0x0000,0x1FF0,0x0010,0x1FF0,0x1000,0x1FF0,0x0000},  /* U+C4F8 */
  {0x0C20,0x0C60,0x1E70,0x3398,0x4304,0x0000,0xFFFE,0x0000,0x0000,0x3EF8,0x0288,0x3E88,0x2088,0x2088,0x3EF8,0x0000},  /* U+C4FA */
  {0x0C20,0x0C20,0x1E50,0x3388,0x4304,0x0000,0xFFFE,0x0000,0x3E78,0x0200,0x03F8,0x3E70,0x2088,0x2088,0x3E70,0x0000},  /* U+C4FF */
  {0x0000,0x0440,0x0C60,0x1EF0,0x3398,0x4304,0x0000,0x0000,0xFFFE,0x0000,0x1FF0,0x1010,0x1010,0x1010,0x1FF0,0x0000},  /* U+C500 */
  {0x0000,0x0440,0x0C60,0x0E60,0x3398,0x630C,0x0000,0xFFFE,0x0000,0x0000,0x1010,0x1010,0x1FF0,0x1010,0x1FF0,0x0000},  /* U+C501 */
  {0x0004,0x0884,0x0884,0x0884,0x1584,0x3344,0x6224,0x0404,0x0004,0x0004,0x3FE4,0x0004,0x0004,0x0004,0x0004,0x0000},  /* U+C50C */
  {0x0000,0x0004,0x0884,0x0884,0x1544,0x3334,0x0604,0x0004,0x3FF4,0x0004,0x0004,0x0804,0x0800,0x0800,0x0FFC,0x0000},  /* U+C510 */
  {0x0884,0x0884,0x0DC4,0x1364,0x2604,0x0004,0x3FF4,0x0004,0x0000,0x0FFC,0x0004,0x0FFC,0x0800,0x0800,0x0FFC,0x0000},  /* U+C514 */
  {0x0000,0x0884,0x0884,0x0D84,0x1764,0x6224,0x0404,0x0004,0x3FF4,0x0004,0x0000,0x0FFC,0x0804,0x0804,0x0FFC,0x0000},  /* U+C51C */
  {0x0004,0x0884,0x0884,0x0884,0x0884,0x1884,0x1984,0x1584,0x2744,0x6224,0x0404,0x0404,0x0004,0x0004,0x0004,0x0000},  /* U+C528 */
  {0x0000,0x0884,0x0884,0x0884,0x1884,0x1984,0x2744,0x4224,0x0404,0x0000,0x0FFC,0x0004,0x0004,0x0004,0x0004,0x0000},  /* U+C529 */
  {0x0000,0x04C4,0x0484,0x0484,0x0884,0x0C84,0x1344,0x3134,0x2214,0x0004,0x0404,0x0400,0x0400,0x0400,0x07FC,0x0000},  /* U+C52C */
  {0x0884,0x0884,0x0884,0x0C84,0x1744,0x2224,0x0604,0x0004,0x07FC,0x0004,0x0004,0x07FC,0x0400,0x0400,0x07FC,0x0000},  /* U+C530 */
  {0x0000,0x0484,0x0484,0x0484,0x0C84,0x0D84,0x1344,0x2224,0x0004,0x0000,0x07FC,0x0404,0x0404,0x0404,0x07FC,0x0000},  /* U+C538 */
  {0x0000,0x0484,0x0484,0x0484,0x0C84,0x0F84,0x1364,0x2224,0x0004,0x0404,0x0404,0x07FC,0x0404,0x0404,0x07FC,0x0000},  /* U+C539 */
  {0x0008,0x1108,0x1108,0x1108,0x1908,0x2A88,0x46C8,0x4428,0x0808,0x0080,0x0180,0x01C0,0x0260,0x0C30,0x100C,0x0000},  /* U+C53B */
  {0x0884,0x0884,0x0884,0x1884,0x1D84,0x2744,0x4624,0x0404,0x0004,0x01F0,0x0608,0x0404,0x0404,0x0608,0x01F0,0x0000},  /* U+C53D */
  {0x0010,0x1E10,0x2110,0x4090,0x4090,0x4090,0x409C,0x4090,0x4090,0x2110,0x1E10,0x0010,0x0010,0x0010,0x0010,0x0000},  /* U+C544 */
  {0x0000,0x1E10,0x2110,0x4090,0x4090,0x409C,0x4090,0x2110,0x1E10,0x0000,0x1FF0,0x0010,0x0010,0x0010,0x0010,0x0000},  /* U+C545 */
  {0x0000,0x1E10,0x2110,0x4090,0x4090,0x4090,0x409C,0x2110,0x1E10,0x0010,0x1010,0x1010,0x1000,0x1000,0x1FF8,0x0000},  /* U+C548 */
  {0x0000,0x1E10,0x2110,0x4090,0x4090,0x409C,0x4090,0x2110,0x1E10,0x1000,0x10F8,0x1018,0x1010,0x1068,0x1F84,0x0000},  /* U+C549 */
  {0x1E10,0x2110,0x4090,0x4090,0x409C,0x4090,0x2110,0x1E10,0x00F0,0x1000,0x11F8,0x1070,0x1088,0x1F88,0x0070,0x0000},  /* U+C54A */
  {0x1E10,0x2110,0x4090,0x409C,0x4090,0x2110,0x1E10,0x0000,0x1FF0,0x0010,0x0010,0x1FF0,0x1000,0x1000,0x1FF0,0x0000},  /* U+C54C */
  {0x0E10,0x1110,0x2090,0x209C,0x2090,0x1110,0x0E10,0x0010,0x1EF0,0x0210,0x0210,0x1E10,0x1010,0x1010,0x1F10,0x0000},  /* U+C54D */
  {0x1E10,0x2110,0x4090,0x409C,0x4090,0x2110,0x1E10,0x0010,0x3EF0,0x0290,0x0290,0x3E90,0x2090,0x2090,0x3EF0,0x0000},  /* U+C54E */
  {0x1E10,0x2110,0x4090,0x409C,0x4090,0x2110,0x1E10,0x0000,0x3EF0,0x0200,0x03F8,0x3E70,0x2088,0x2088,0x3E70,0x0000},  /* U+C553 */
  {0x0000,0x1E10,0x2110,0x4090,0x4090,0x409C,0x4090,0x2110,0x1E10,0x0010,0x1FF0,0x1010,0x1010,0x1010,0x1FF0,0x0000},  /* U+C554 */
  {0x0010,0x1E10,0x2110,0x4090,0x409C,0x4090,0x2110,0x1E10,0x0000,0x1010,0x1010,0x1FF0,0x1010,0x1010,0x1FF0,0x0000},  /* U+C555 */
  {0x0000,0x1E10,0x2110,0x4090,0x4090,0x409C,0x4090,0x2110,0x1E10,0x0010,0x0080,0x0180,0x0140,0x0630,0x1C1C,0x0000},  /* U+C557 */
  {0x0000,0x1E10,0x2110,0x4090,0x4090,0x409C,0x4090,0x2110,0x1E10,0x0420,0x0420,0x0420,0x0E50,0x1A50,0x318C,0x0000},  /* U+C558 */
  {0x1E10,0x2110,0x4090,0x4090,0x409C,0x4090,0x2110,0x1E10,0x0010,0x07C0,0x0830,0x1010,0x1010,0x0830,0x07C0,0x0000},  /* U+C559 */
  {0x1E10,0x2110,0x4090,0x409C,0x4090,0x2110,0x1E10,0x0000,0x1FF0,0x1000,0x1000,0x1FF0,0x1000,0x1000,0x1FF0,0x0000},  /* U+C55D */
  {0x0000,0x1E10,0x2110,0x4090,0x4090,0x409C,0x4090,0x2110,0x1E10,0x0010,0x1FF8,0x0420,0x0420,0x0420,0x1FF8,0x0000},  /* U+C55E */
  {0x0024,0x0E24,0x1124,0x2124,0x20A4,0x20A4,0x20BC,0x20A4,0x2124,0x1124,0x0E24,0x0024,0x0024,0x0024,0x0004,0x0000},  /* U+C560 */
  {0x0000,0x1C24,0x1224,0x2124,0x2124,0x213C,0x2124,0x1224,0x1C24,0x0004,0x0FFC,0x0004,0x0004,0x0004,0x0004,0x0000},  /* U+C561 */
  {0x0008,0x0048,0x3848,0x4448,0x4248,0x4278,0x4248,0x2448,0x3848,0x0048,0x0848,0x0800,0x0800,0x0800,0x0FFC,0x0000},  /* U+C564 */
  {0x3848,0x4448,0x4248,0x4248,0x4278,0x4448,0x3848,0x0048,0x0000,0x0FF8,0x0008,0x0FF8,0x0800,0x0800,0x0FFC,0x0000},  /* U+C568 */
  {0x0000,0x1C24,0x1224,0x2124,0x2124,0x213C,0x2124,0x1224,0x1C24,0x0004,0x07FC,0x0404,0x0404,0x0404,0x07FC,0x0000},  /* U+C570 */
  {0x0000,0x1C24,0x2224,0x2124,0x2124,0x213C,0x2224,0x1C24,0x0004,0x0404,0x0404,0x07FC,0x0404,0x0404,0x07FC,0x0000},  /* U+C571 */
  {0x0000,0x0048,0x3848,0x4448,0x4248,0x4278,0x4248,0x6448,0x3848,0x0048,0x0108,0x0180,0x02C0,0x0460,0x381C,0x0000},  /* U+C573 */
  {0x0000,0x3848,0x2448,0x4248,0x4248,0x4278,0x4248,0x2448,0x3848,0x0418,0x0410,0x0410,0x0A28,0x1B2C,0x31C6,0x0000},  /* U+C574 */
  {0x1C24,0x1224,0x2124,0x2124,0x213C,0x2124,0x1224,0x1C24,0x0004,0x01F0,0x0608,0x0404,0x0404,0x0608,0x01F0,0x0000},  /* U+C575 */
  {0x0000,0x0010,0x1E10,0x2110,0x4090,0x409C,0x4090,0x4090,0x4090,0x409C,0x2110,0x1E10,0x0010,0x0010,0x0010,0x0000},  /* U+C57C */
  {0x0010,0x1E10,0x2110,0x409C,0x4090,0x4090,0x409C,0x2110,0x1E10,0x0000,0x1FF0,0x0010,0x0010,0x0010,0x0010,0x0000},  /* U+C57D */
  {0x0000,0x1E10,0x2110,0x4090,0x409C,0x4090,0x4090,0x211C,0x1E10,0x0010,0x1010,0x1000,0x1000,0x1000,0x1FF8,0x0000},  /* U+C580 */
  {0x1E10,0x2110,0x409C,0x4090,0x4090,0x211C,0x1E10,0x0010,0x1FF0,0x0010,0x0010,0x1FF0,0x1000,0x1000,0x1FF0,0x0000},  /* U+C584 */
  {0x1E10,0x2110,0x409C,0x4090,0x4090,0x211C,0x1E10,0x0010,0x0000,0x3E90,0x0290,0x3EF0,0x2090,0x2090,0x3EF0,0x0000},  /* U+C587 */
  {0x0010,0x1E10,0x2110,0x409C,0x4090,0x4090,0x409C,0x2110,0x1E10,0x0000,0x1FF0,0x1010,0x1010,0x1010,0x1FF0,0x0000},  /* U+C58C */
  {0x0010,0x1E10,0x2110,0x409C,0x4090,0x4090,0x211C,0x1E10,0x0010,0x1010,0x1010,0x1FF0,0x1010,0x1010,0x1FF0,0x0000},  /* U+C58D */
  {0x0000,0x1E10,0x2110,0x4090,0x409C,0x4090,0x4090,0x211C,0x1E10,0x0010,0x0080,0x0180,0x0340,0x0630,0x181C,0x0000},  /* U+C58F */
  {0x1E10,0x2110,0x4090,0x409C,0x4090,0x409C,0x2110,0x1E10,0x0000,0x07C0,0x0830,0x1010,0x1010,0x0830,0x07C0,0x0000},  /* U+C591 */
  {0x1E10,0x2110,0x409C,0x4090,0x4090,0x211C,0x1E10,0x0010,0x1FF0,0x1000,0x1000,0x1FF0,0x1000,0x1000,0x1FF0,0x0000},  /* U+C595 */
  {0x1E10,0x2110,0x409C,0x4090,0x4090,0x211C,0x1E10,0x0010,0x03C0,0x0000,0x1FF8,0x03C0,0x0420,0x0420,0x03C0,0x0000},  /* U+C597 */
  {0x0024,0x0E24,0x1124,0x2124,0x20BC,0x20A4,0x20A4,0x20A4,0x213C,0x1124,0x0E24,0x0024,0x0024,0x0024,0x0004,0x0000},  /* U+C598 */
  {0x0000,0x0048,0x3848,0x4448,0x4278,0x4248,0x4248,0x6478,0x3848,0x0048,0x0848,0x0800,0x0800,0x0800,0x0FFC,0x0000},  /* U+C59C */
  {0x3848,0x4448,0x4278,0x4248,0x4248,0x4478,0x3848,0x0048,0x0000,0x0FF8,0x0008,0x0FF8,0x0800,0x0800,0x0FFC,0x0000},  /* U+C5A0 */
  {0x0004,0x1C24,0x2224,0x213C,0x2124,0x2124,0x223C,0x1C24,0x0004,0x0404,0x0404,0x07FC,0x0404,0x0404,0x07FC,0x0000},  /* U+C5A9 */
  {0x0004,0x0004,0x0F04,0x1084,0x20C4,0x2044,0x207C,0x2044,0x2044,0x2084,0x1184,0x0F04,0x0004,0x0004,0x0004,0x0000},  /* U+C5B4 */
  {0x0004,0x0F04,0x1084,0x2044,0x207C,0x2044,0x2044,0x1084,0x0F04,0x0000,0x07FC,0x0004,0x0004,0x0004,0x0004,0x0000},  /* U+C5B5 */
  {0x0000,0x0004,0x0F04,0x1084,0x2044,0x207C,0x2044,0x1084,0x0F04,0x0004,0x0404,0x0404,0x0400,0x0400,0x07FC,0x0000},  /* U+C5B8 */
  {0x0008,0x0E08,0x1108,0x2088,0x20F8,0x2088,0x2088,0x1108,0x0E08,0x1000,0x10F8,0x1008,0x1010,0x1028,0x1FC4,0x0000},  /* U+C5B9 */
  {0x0004,0x0F04,0x1084,0x2044,0x207C,0x2044,0x1084,0x0F04,0x0004,0x0000,0x07FC,0x0400,0x0400,0x0400,0x07FC,0x0000},  /* U+C5BB */
  {0x0E08,0x1108,0x2088,0x20F8,0x2088,0x1108,0x0E08,0x0000,0x0FF8,0x0008,0x0008,0x0FF8,0x0800,0x0800,0x0FF8,0x0000},  /* U+C5BC */
  {0x0E08,0x1108,0x2088,0x20F8,0x2088,0x1108,0x0E08,0x0008,0x1FF8,0x0108,0x0108,0x1F08,0x1008,0x1008,0x1F08,0x0000},  /* U+C5BD */
  {0x0E08,0x1108,0x2088,0x20F8,0x2088,0x1108,0x0E08,0x0008,0x1EF8,0x0288,0x0288,0x1E88,0x1088,0x1088,0x1FF8,0x0000},  /* U+C5BE */
  {0x0004,0x0F04,0x1084,0x2044,0x207C,0x2044,0x1084,0x0F04,0x0004,0x0000,0x07FC,0x0404,0x0404,0x0404,0x07FC,0x0000},  /* U+C5C4 */
  {0x0004,0x0F04,0x1084,0x2044,0x207C,0x2044,0x1084,0x0F04,0x0000,0x0404,0x0404,0x07FC,0x0404,0x0404,0x07FC,0x0000},  /* U+C5C5 */
  {0x0008,0x1E08,0x2108,0x4088,0x40F8,0x4088,0x2108,0x1E08,0x0008,0x0000,0x1110,0x1110,0x1F10,0x1128,0x1144,0x1F00},  /* U+C5C6 */
  {0x0000,0x1E08,0x2108,0x4088,0x4088,0x40F8,0x4088,0x2108,0x1E08,0x0008,0x0080,0x0180,0x0340,0x0630,0x181C,0x0000},  /* U+C5C7 */
  {0x0008,0x1E08,0x2108,0x4088,0x40F8,0x4088,0x4088,0x2108,0x1E08,0x0410,0x0410,0x0410,0x0E28,0x1B6C,0x3186,0x0000},  /* U+C5C8 */
  {0x0004,0x0F04,0x1084,0x2044,0x207C,0x2044,0x1084,0x0F04,0x0004,0x0000,0x01F0,0x0608,0x0404,0x0404,0x0608,0x01F0},  /* U+C5C9 */
  {0x0008,0x1E08,0x2108,0x4088,0x40F8,0x4088,0x2108,0x1E08,0x0008,0x0000,0x0FF8,0x0010,0x0060,0x01E0,0x0E1C,0x0000},  /* U+C5CA */
  {0x0004,0x0F04,0x1084,0x2044,0x207C,0x2044,0x1084,0x0F04,0x0004,0x0000,0x07FC,0x0004,0x07FC,0x0004,0x0004,0x0000},  /* U+C5CC */
  {0x0004,0x0F04,0x1084,0x2044,0x207C,0x2044,0x1084,0x0F04,0x0004,0x0000,0x07FC,0x0110,0x0110,0x0110,0x07FC,0x0000},  /* U+C5CE */
  {0x0014,0x0E14,0x1114,0x2194,0x2094,0x20F4,0x2094,0x2094,0x2194,0x1114,0x0E14,0x0014,0x0014,0x0014,0x0004,0x0000},  /* U+C5D0 */
  {0x0000,0x0E14,0x1314,0x2194,0x2194,0x21F4,0x2194,0x1314,0x0E14,0x0010,0x0FFC,0x0004,0x0004,0x0004,0x0004,0x0000},  /* U+C5D1 */
  {0x0000,0x0028,0x3C28,0x4628,0x4228,0x43E8,0x4228,0x6628,0x3C28,0x0028,0x0828,0x0808,0x0800,0x0800,0x0FFC,0x0000},  /* U+C5D4 */
  {0x3C28,0x4628,0x4328,0x43E8,0x4328,0x6628,0x1C28,0x0008,0x0000,0x0FF8,0x0008,0x0FF8,0x0800,0x0800,0x0FFC,0x0000},  /* U+C5D8 */
  {0x0000,0x0E04,0x1314,0x2194,0x2194,0x21F4,0x2194,0x1314,0x0E14,0x0010,0x07FC,0x0404,0x0404,0x0404,0x07FC,0x0000},  /* U+C5E0 */
  {0x0000,0x1E14,0x2314,0x2194,0x21F4,0x2194,0x3314,0x0E14,0x0004,0x0404,0x0404,0x07FC,0x0404,0x0404,0x07FC,0x0000},  /* U+C5E1 */
  {0x0000,0x0028,0x3C28,0x4628,0x4228,0x43E8,0x4228,0x6628,0x3C28,0x0028,0x0108,0x0180,0x02C0,0x0460,0x381C,0x0000},  /* U+C5E3 */
  {0x0E14,0x1314,0x2194,0x2194,0x21F4,0x2194,0x1314,0x0E14,0x0010,0x01F0,0x0608,0x0404,0x0404,0x0608,0x01F0,0x0000},  /* U+C5E5 */
  {0x0004,0x0F04,0x1084,0x207C,0x2044,0x2044,0x2044,0x2044,0x207C,0x1084,0x0F04,0x0004,0x0004,0x0004,0x0004,0x0000},  /* U+C5EC */
  {0x0000,0x0F04,0x1084,0x207C,0x2044,0x2044,0x207C,0x1084,0x0F04,0x0000,0x07FC,0x0004,0x0004,0x0004,0x0004,0x0000},  /* U+C5ED */
  {0x0000,0x0F04,0x1084,0x207C,0x2044,0x2044,0x207C,0x1084,0x0F04,0x0000,0x0FBC,0x0084,0x0084,0x0084,0x0084,0x0000},  /* U+C5EE */
  {0x0000,0x0004,0x0F84,0x10FC,0x2044,0x2044,0x2044,0x10FC,0x0F04,0x0004,0x0404,0x0404,0x0400,0x0400,0x07FC,0x0000},  /* U+C5F0 */
  {0x0E08,0x1108,0x20F8,0x2088,0x2088,0x11F8,0x0F08,0x0008,0x0FF8,0x0008,0x0008,0x0FF8,0x0800,0x0800,0x0FF8,0x0000},  /* U+C5F4 */
  {0x0E08,0x1108,0x20F8,0x2088,0x2088,0x11F8,0x0F08,0x0008,0x1EF8,0x0288,0x0288,0x1E88,0x1088,0x1088,0x1FF8,0x0000},  /* U+C5F6 */
  {0x0E08,0x1108,0x20F8,0x2088,0x2088,0x11F8,0x0F08,0x0008,0x0000,0x1E88,0x0288,0x1EF8,0x1088,0x1088,0x1FF8,0x0000},  /* U+C5F7 */
  {0x0000,0x0F04,0x1084,0x207C,0x2044,0x2044,0x10FC,0x0F04,0x0004,0x0000,0x07FC,0x0404,0x0404,0x0404,0x07FC,0x0000},  /* U+C5FC */
  {0x0000,0x0F04,0x1084,0x207C,0x2044,0x2044,0x10FC,0x0F04,0x0004,0x0404,0x0404,0x07FC,0x0404,0x0404,0x07FC,0x0000},  /* U+C5FD */
  {0x1E08,0x2108,0x40F8,0x4088,0x4088,0x21F8,0x1E08,0x0008,0x0000,0x1110,0x1110,0x1F10,0x1128,0x1144,0x1F00,0x0000},  /* U+C5FE */
  {0x0000,0x1E08,0x2108,0x40F8,0x4088,0x4088,0x40F8,0x2108,0x1E08,0x0008,0x0080,0x0180,0x0140,0x0630,0x1C0C,0x0000},  /* U+C5FF */
  {0x0000,0x1E08,0x2108,0x40F8,0x4088,0x4088,0x40F8,0x2108,0x1E08,0x0410,0x0410,0x0410,0x0E28,0x1B6C,0x3186,0x0000},  /* U+C600 */
  {0x0F04,0x1084,0x207C,0x2044,0x2044,0x207C,0x1084,0x0F04,0x0004,0x01F0,0x0608,0x0404,0x0404,0x0608,0x01F0,0x0000},  /* U+C601 */
  {0x0E08,0x1108,0x20F8,0x2088,0x2088,0x11F8,0x0F08,0x0008,0x0FF8,0x0800,0x0800,0x0FF8,0x0800,0x0800,0x0FF8,0x0000},  /* U+C605 */
  {0x0000,0x0F04,0x1084,0x207C,0x2044,0x2044,0x10FC,0x0F04,0x0004,0x0000,0x07FC,0x0110,0x0110,0x0110,0x07FC,0x0000},  /* U+C606 */
  {0x0E08,0x1108,0x20F8,0x2088,0x2088,0x11F8,0x0F08,0x0008,0x03E0,0x0000,0x1FF8,0x03E0,0x0410,0x0410,0x03E0,0x0000},  /* U+C607 */
  {0x0014,0x0E14,0x1114,0x21F4,0x2094,0x2094,0x2094,0x2094,0x21F4,0x1114,0x0E14,0x0014,0x0014,0x0014,0x0004,0x0000},  /* U+C608 */
  {0x0000,0x0028,0x3E28,0x47E8,0x4228,0x4228,0x4228,0x27E8,0x1E28,0x0028,0x0828,0x0828,0x0800,0x0800,0x0FFC,0x0000},  /* U+C60C */
  {0x3C28,0x4628,0x43E8,0x4228,0x4228,0x67E8,0x1E28,0x0028,0x0000,0x0FF8,0x0008,0x0FF8,0x0800,0x0800,0x0FFC,0x0000},  /* U+C610 */
  {0x0000,0x0E14,0x1314,0x21F4,0x2114,0x2114,0x21F4,0x1314,0x0E14,0x0000,0x07FC,0x0404,0x0404,0x0404,0x07FC,0x0000},  /* U+C618 */
  {0x0000,0x1E14,0x2314,0x21F4,0x2114,0x2114,0x33F4,0x0F14,0x0004,0x0404,0x0404,0x07FC,0x0404,0x0404,0x07FC,0x0000},  /* U+C619 */
  {0x0000,0x0028,0x3E28,0x47E8,0x4228,0x4228,0x4228,0x27E8,0x1E28,0x0028,0x0108,0x0180,0x02C0,0x0460,0x381C,0x0000},  /* U+C61B */
  {0x0000,0x1C28,0x2628,0x43E8,0x4228,0x4228,0x43E8,0x2628,0x1C28,0x0410,0x0410,0x0410,0x0E38,0x1B2C,0x31C6,0x0000},  /* U+C61C */
  {0x0000,0x0000,0x07E0,0x1810,0x2008,0x2008,0x2008,0x1010,0x0FE0,0x0100,0x0100,0x0100,0x7FFE,0x0000,0x0000,0x0000},  /* U+C624 */
  {0x07C0,0x1830,0x1010,0x1830,0x07C0,0x0100,0x0100,0x7FFE,0x0000,0x0000,0x3FF0,0x0010,0x0010,0x0010,0x0010,0x0000},  /* U+C625 */
  {0x0000,0x07C0,0x1830,0x1010,0x1010,0x0830,0x07C0,0x0100,0x0100,0x7FFE,0x0000,0x1000,0x1000,0x1000,0x1FF8,0x0000},  /* U+C628 */
  {0x0000,0x07E0,0x1830,0x1010,0x1830,0x0FE0,0x0100,0x7FFE,0x0000,0x1FF0,0x0010,0x0010,0x1FF0,0x1000,0x1FF8,0x0000},  /* U+C62C */
  {0x07E0,0x1818,0x1008,0x1818,0x0FE0,0x0100,0x7FFE,0x0000,0x0000,0x1EF8,0x0208,0x1E08,0x1008,0x1008,0x1F08,0x0000},  /* U+C62D */
  {0x0FE0,0x3018,0x2008,0x3018,0x0FE0,0x0100,0x7FFE,0x0000,0x3EF8,0x0288,0x0288,0x3E88,0x2088,0x2088,0x3EF8,0x0000},  /* U+C62E */
  {0x0FC0,0x3030,0x2010,0x3030,0x0FE0,0x0100,0x7FFE,0x0000,0x3E20,0x0220,0x0220,0x3E30,0x2050,0x20CC,0x3E00,0x0000},  /* U+C630 */
  {0x0FC0,0x3030,0x2010,0x3030,0x0FE0,0x0100,0x7FFE,0x0000,0x3EF0,0x0200,0x02F8,0x3E70,0x2088,0x2088,0x3E70,0x0000},  /* U+C633 */
  {0x0000,0x07C0,0x1830,0x1010,0x1830,0x07C0,0x0100,0x0100,0x7FFE,0x0000,0x0000,0x1FF0,0x1010,0x1010,0x1FF0,0x0000},  /* U+C634 */
  {0x0000,0x07C0,0x1830,0x1010,0x1830,0x07C0,0x0100,0x0100,0x7FFE,0x0000,0x1010,0x1010,0x1FF0,0x1010,0x1FF0,0x0000},  /* U+C635 */
  {0x07C0,0x1830,0x1010,0x1830,0x07C0,0x0100,0x0100,0x7FFE,0x0000,0x0100,0x0100,0x0280,0x0440,0x3838,0x2000,0x0000},  /* U+C637 */
  {0x03E0,0x0C18,0x0808,0x0C18,0x07E0,0x0080,0x0080,0x7FFE,0x0000,0x07E0,0x1C30,0x1810,0x1810,0x1C30,0x0FE0,0x0000},  /* U+C639 */
  {0x0000,0x07E0,0x1830,0x1010,0x1830,0x0FE0,0x0100,0x7FFE,0x0000,0x07C0,0x0000,0x1FF0,0x0060,0x0380,0x3C78,0x0000},  /* U+C63B */
  {0x0000,0x0010,0x1E10,0x2110,0x4090,0x4090,0x4090,0x211C,0x1E10,0x0410,0x0410,0x0410,0x7FD0,0x0010,0x0010,0x0000},  /* U+C640 */
  {0x0010,0x1E10,0x3190,0x2090,0x2090,0x319C,0x1F10,0x0410,0x7FF0,0x0000,0x0000,0x1FF0,0x0010,0x0010,0x0010,0x0010},  /* U+C641 */
  {0x0000,0x1F10,0x3190,0x2090,0x2090,0x3190,0x1F1C,0x0410,0x0410,0x7FF0,0x0010,0x1010,0x1000,0x1000,0x1FF8,0x0000},  /* U+C644 */
  {0x1F10,0x3090,0x2090,0x3090,0x1F1C,0x0410,0x0410,0x7FF0,0x0000,0x1FF0,0x0010,0x1FF0,0x1000,0x1000,0x1FF8,0x0000},  /* U+C648 */
  {0x0010,0x1E10,0x3190,0x2090,0x2090,0x319C,0x1F10,0x0410,0x7FF0,0x0000,0x0000,0x1FF0,0x1010,0x1010,0x1FF0,0x0000},  /* U+C650 */
  {0x0000,0x1F10,0x3190,0x2090,0x2090,0x319C,0x1F10,0x0410,0x7FF0,0x0000,0x1010,0x1010,0x1FF0,0x1010,0x1FF0,0x0000},  /* U+C651 */
  {0x0000,0x1F10,0x3190,0x2090,0x2090,0x3190,0x1F1C,0x0410,0x0410,0x7FF0,0x0090,0x0080,0x0140,0x0630,0x1C1C,0x0000},  /* U+C653 */
  {0x0010,0x1E10,0x3190,0x2090,0x2090,0x319C,0x1F10,0x0410,0x7FF0,0x0000,0x0420,0x0420,0x0C30,0x1A50,0x318C,0x0000},  /* U+C654 */
  {0x0010,0x1E10,0x3190,0x2090,0x2090,0x319C,0x1F10,0x0410,0x7FF0,0x0010,0x07C0,0x1830,0x1010,0x1010,0x1830,0x07C0},  /* U+C655 */
  {0x0024,0x0E24,0x1124,0x20A4,0x20A4,0x20A4,0x113C,0x0E24,0x0424,0x0424,0x3FE4,0x0024,0x0024,0x0024,0x0004,0x0000},  /* U+C65C */
  {0x1F24,0x31A4,0x20A4,0x20A4,0x31BC,0x1E24,0x0424,0x3FE4,0x0024,0x0000,0x0FFC,0x0004,0x0004,0x0004,0x0004,0x0000},  /* U+C65D */
  {0x0000,0x0048,0x3E48,0x4348,0x4148,0x4148,0x3678,0x0848,0x0848,0x7FC8,0x0048,0x0848,0x0800,0x0800,0x0FFC,0x0000},  /* U+C660 */
  {0x0000,0x1F24,0x31A4,0x20A4,0x20A4,0x31BC,0x1E24,0x0424,0x3FE4,0x0004,0x0000,0x07FC,0x0404,0x0404,0x07FC,0x0000},  /* U+C66C */
  {0x0008,0x0048,0x3C48,0x4248,0x4148,0x4178,0x2648,0x1848,0x0848,0x7FC8,0x0100,0x0100,0x0280,0x0460,0x381C,0x0000},  /* U+C66F */
  {0x1F24,0x31A4,0x20A4,0x20A4,0x31BC,0x1E24,0x0424,0x3FE4,0x0004,0x01F0,0x0608,0x0404,0x0404,0x0608,0x01F0,0x0000},  /* U+C671 */
  {0x0004,0x0704,0x0884,0x1044,0x1044,0x1044,0x0884,0x0704,0x0204,0x0204,0x0204,0x3FF4,0x0004,0x0004,0x0004,0x0000},  /* U+C678 */
  {0x0000,0x0F04,0x18C4,0x1044,0x1044,0x18C4,0x0F84,0x0204,0x3FF4,0x0004,0x0FFC,0x0004,0x0004,0x0004,0x0004,0x0000},  /* U+C679 */
  {0x0000,0x1F08,0x3188,0x2088,0x2088,0x3188,0x1F08,0x0408,0x0408,0x7FE8,0x0008,0x0808,0x0800,0x0800,0x0FFC,0x0000},  /* U+C67C */
  {0x0F84,0x1044,0x1044,0x1044,0x0F84,0x0204,0x0204,0x3FF4,0x0000,0x0FFC,0x0004,0x0FFC,0x0800,0x0800,0x0FFC,0x0000},  /* U+C680 */
  {0x0000,0x0F04,0x18C4,0x1044,0x1044,0x18C4,0x0F84,0x0204,0x3FF4,0x0004,0x0000,0x0FFC,0x0804,0x0804,0x0FFC,0x0000},  /* U+C688 */
  {0x0000,0x0F84,0x18C4,0x1044,0x1044,0x18C4,0x0F84,0x0204,0x3FF4,0x0000,0x0804,0x0804,0x0FFC,0x0804,0x0FFC,0x0000},  /* U+C689 */
  {0x0000,0x1F08,0x3188,0x2088,0x2088,0x3188,0x1F08,0x0408,0x7FE8,0x0008,0x0088,0x0180,0x03C0,0x0660,0x381C,0x0000},  /* U+C68B */
  {0x0F04,0x18C4,0x1044,0x1044,0x18C4,0x0F84,0x0204,0x3FF4,0x0004,0x03F0,0x0C08,0x0804,0x0804,0x0408,0x03F0,0x0000},  /* U+C68D */
  {0x0000,0x0000,0x0FE0,0x1010,0x2008,0x2008,0x1010,0x0FE0,0x0000,0x0820,0x0820,0x0820,0xFFFE,0x0000,0x0000,0x0000},  /* U+C694 */
  {0x07C0,0x1830,0x1010,0x1830,0x0FE0,0x0820,0x0820,0xFFFE,0x0000,0x0000,0x3FF0,0x0010,0x0010,0x0010,0x0010,0x0000},  /* U+C695 */
  {0x0000,0x07C0,0x1830,0x1010,0x1010,0x1830,0x0FE0,0x0820,0x0820,0xFFFE,0x0000,0x1000,0x1000,0x1000,0x1FF8,0x0000},  /* U+C698 */
  {0x0000,0x0FE0,0x1830,0x1010,0x1830,0x0FE0,0x0820,0xFFFE,0x0000,0x1FF0,0x0010,0x0010,0x1FF0,0x1000,0x1FF8,0x0000},  /* U+C69C */
  {0x0000,0x07C0,0x1830,0x1010,0x1830,0x0FE0,0x0820,0x0820,0xFFFE,0x0000,0x0000,0x1FF0,0x1010,0x1010,0x1FF0,0x0000},  /* U+C6A4 */
  {0x0000,0x07C0,0x1830,0x1010,0x1830,0x0FE0,0x0820,0x0820,0xFFFE,0x0000,0x1010,0x1010,0x1FF0,0x1010,0x1FF0,0x0000},  /* U+C6A5 */
  {0x07C0,0x1830,0x1010,0x1830,0x0FE0,0x0820,0x0820,0xFFFE,0x0000,0x0100,0x0100,0x0280,0x0440,0x3838,0x2000,0x0000},  /* U+C6A7 */
  {0x07C0,0x1830,0x1010,0x1830,0x0FE0,0x0820,0x0820,0xFFFE,0x0000,0x07C0,0x1830,0x1010,0x1010,0x1830,0x07C0,0x0000},  /* U+C6A9 */
  {0x0000,0x0FE0,0x1010,0x2008,0x2008,0x1010,0x0FE0,0x0000,0x0000,0x7FFE,0x0100,0x0100,0x0100,0x0100,0x0100,0x0000},  /* U+C6B0 */
  {0x07C0,0x1830,0x1010,0x1830,0x07C0,0x0000,0x0000,0x7FFE,0x0100,0x0100,0x1FF0,0x0010,0x0010,0x0010,0x0010,0x0000},  /* U+C6B1 */
  {0x0000,0x03E0,0x0C10,0x0808,0x0808,0x0C10,0x03E0,0x0000,0x7FFE,0x0080,0x0880,0x0880,0x0880,0x0800,0x0FFC,0x0000},  /* U+C6B4 */
  {0x0000,0x07E0,0x1830,0x1010,0x1830,0x07C0,0x0000,0x7FFE,0x0100,0x0100,0x1FF0,0x0010,0x1FF0,0x1000,0x1FF8,0x0000},  /* U+C6B8 */
  {0x07E0,0x1818,0x1008,0x1818,0x07E0,0x0000,0x7FFE,0x0100,0x0100,0x1EF8,0x0208,0x1E08,0x1008,0x1008,0x1F08,0x0000},  /* U+C6B9 */
  {0x0FE0,0x3018,0x2008,0x3018,0x0FE0,0x0000,0x7FFE,0x0100,0x0100,0x3EF8,0x0288,0x3E88,0x2088,0x2088,0x3EF8,0x0000},  /* U+C6BA */
  {0x0000,0x07C0,0x1830,0x1010,0x1830,0x07C0,0x0000,0x0000,0x7FFE,0x0100,0x0100,0x1FF0,0x1010,0x1010,0x1FF0,0x0000},  /* U+C6C0 */
  {0x0000,0x07C0,0x1830,0x1010,0x1830,0x07C0,0x0000,0x0000,0x7FFE,0x0100,0x1110,0x1010,0x1FF0,0x1010,0x1FF0,0x0000},  /* U+C6C1 */
  {0x07C0,0x1830,0x1010,0x1010,0x1830,0x07C0,0x0000,0x7FFE,0x0100,0x0100,0x0100,0x0280,0x0440,0x1838,0x2000,0x0000},  /* U+C6C3 */
  {0x07C0,0x1830,0x1010,0x1830,0x07C0,0x0000,0x0000,0x7FFE,0x0100,0x0100,0x07E0,0x1830,0x1010,0x1830,0x07C0,0x0000},  /* U+C6C5 */
  {0x0000,0x0704,0x0884,0x1044,0x1044,0x1044,0x0884,0x0704,0x0034,0x3FC4,0x0204,0x027C,0x0204,0x0204,0x0204,0x0000},  /* U+C6CC */
  {0x0F84,0x1044,0x1044,0x1044,0x0F84,0x0034,0x3FC4,0x0204,0x023C,0x0204,0x0FFC,0x0004,0x0004,0x0004,0x0004,0x0000},  /* U+C6CD */
  {0x0000,0x0F04,0x18C4,0x1044,0x1044,0x18C4,0x0F04,0x0034,0x3FC4,0x0204,0x023C,0x0204,0x0804,0x0800,0x0FFC,0x0000},  /* U+C6D0 */
  {0x0F84,0x1044,0x1044,0x1044,0x0F84,0x0004,0x3FF4,0x023C,0x0200,0x0FFC,0x0004,0x0FFC,0x0800,0x0800,0x0FFC,0x0000},  /* U+C6D4 */
  {0x0000,0x0F84,0x1044,0x1044,0x1044,0x0F84,0x0034,0x3FC4,0x0204,0x023C,0x0204,0x0FFC,0x0804,0x0804,0x0FFC,0x0000},  /* U+C6DC */
  {0x0000,0x0F84,0x1044,0x1044,0x10C4,0x0F04,0x0004,0x3FF4,0x023C,0x0204,0x0000,0x0804,0x0FFC,0x0804,0x0FFC,0x0000},  /* U+C6DD */
  {0x1F08,0x2088,0x2088,0x2088,0x1F08,0x0028,0x7FC8,0x0408,0x0478,0x0418,0x0410,0x0618,0x1B2C,0x31C6,0x2000,0x0000},  /* U+C6E0 */
  {0x0F84,0x1044,0x1044,0x1044,0x0F84,0x0034,0x3FC4,0x0204,0x023C,0x0004,0x03F0,0x0C0C,0x0804,0x0C0C,0x03F0,0x0000},  /* U+C6E1 */
  {0x0014,0x1E14,0x3194,0x2094,0x2094,0x3194,0x1E14,0x0014,0x7F94,0x0414,0x04F4,0x0414,0x0414,0x0414,0x0004,0x0000},  /* U+C6E8 */
  {0x1F14,0x2094,0x2094,0x2094,0x1F14,0x0014,0x7F94,0x0474,0x0414,0x0400,0x0FFC,0x0004,0x0004,0x0004,0x0004,0x0000},  /* U+C6E9 */
  {0x0000,0x0014,0x1F14,0x2094,0x2094,0x2094,0x1F14,0x0014,0x7F94,0x0474,0x0414,0x0C14,0x0800,0x0800,0x0FFC,0x0000},  /* U+C6EC */
  {0x1E14,0x2194,0x2094,0x2114,0x1E14,0x7F94,0x0414,0x0474,0x0000,0x0FFC,0x0004,0x0FFC,0x0800,0x0800,0x0FFC,0x0000},  /* U+C6F0 */
  {0x0000,0x1F14,0x2094,0x2094,0x2094,0x1F14,0x0014,0x7F94,0x0474,0x0414,0x0000,0x0FFC,0x0804,0x0804,0x0FFC,0x0000},  /* U+C6F8 */
  {0x0000,0x1F14,0x2094,0x2094,0x2094,0x1F14,0x0014,0x7F94,0x0474,0x0414,0x0000,0x0804,0x0FFC,0x0804,0x0FFC,0x0000},  /* U+C6F9 */
  {0x1F14,0x2094,0x2094,0x2094,0x1F14,0x0014,0x7F94,0x0474,0x0414,0x0404,0x03F0,0x0C0C,0x0804,0x0C0C,0x03F0,0x0000},  /* U+C6FD */
  {0x0704,0x0884,0x1044,0x1044,0x1044,0x0884,0x0704,0x0004,0x3FE4,0x0204,0x0204,0x0204,0x0204,0x0204,0x0004,0x0000},  /* U+C704 */
  {0x0F84,0x1044,0x1044,0x1044,0x0F84,0x0004,0x3FE4,0x0204,0x0204,0x0000,0x0FFC,0x0004,0x0004,0x0004,0x0004,0x0000},  /* U+C705 */
  {0x0000,0x0F04,0x18C4,0x1044,0x1044,0x18C4,0x0F04,0x0004,0x7FE4,0x0204,0x0204,0x0A04,0x0800,0x0800,0x0FFC,0x0000},  /* U+C708 */
  {0x0F84,0x1044,0x1044,0x1044,0x0F84,0x0004,0x3FE4,0x0204,0x0200,0x0FFC,0x0004,0x0FFC,0x0800,0x0800,0x0FFC,0x0000},  /* U+C70C */
  {0x0000,0x0F84,0x1044,0x1044,0x1044,0x0F84,0x0004,0x3FE4,0x0204,0x0204,0x0000,0x0FFC,0x0804,0x0804,0x0FFC,0x0000},  /* U+C714 */
  {0x0000,0x0F84,0x1044,0x1044,0x10C4,0x0F04,0x0004,0x3FE4,0x0204,0x0200,0x0804,0x0804,0x0FFC,0x0804,0x0FFC,0x0000},  /* U+C715 */
  {0x0000,0x1E08,0x3188,0x2088,0x2088,0x3188,0x0E08,0x0028,0x7FE8,0x0408,0x0488,0x0480,0x0140,0x0620,0x1C1C,0x0000},  /* U+C717 */
  {0x0F84,0x1044,0x1044,0x1044,0x0F84,0x0004,0x3FE4,0x0204,0x0204,0x0004,0x03F0,0x0C0C,0x0804,0x0C0C,0x03F0,0x0000},  /* U+C719 */
  {0x0000,0x07F0,0x0808,0x1004,0x1004,0x0808,0x07F0,0x0000,0x0000,0x7FFE,0x0420,0x0420,0x0420,0x0420,0x0420,0x0000},  /* U+C720 */
  {0x07C0,0x1830,0x1010,0x1830,0x07C0,0x0000,0x7FFC,0x0440,0x0440,0x0440,0x1FF0,0x0010,0x0010,0x0010,0x0010,0x0000},  /* U+C721 */
  {0x0000,0x03E0,0x0C10,0x0808,0x0808,0x0C10,0x03E0,0x0000,0x7FFE,0x0220,0x0A20,0x0A20,0x0800,0x0800,0x0FFC,0x0000},  /* U+C724 */
  {0x0000,0x07E0,0x1830,0x1010,0x1830,0x07C0,0x0000,0x7FFC,0x0440,0x0440,0x1FF0,0x0010,0x1FF0,0x1000,0x1FF8,0x0000},  /* U+C728 */
  {0x0000,0x07C0,0x1830,0x1010,0x1830,0x07C0,0x0000,0x0000,0x7FFC,0x0440,0x0440,0x1FF0,0x1010,0x1010,0x1FF0,0x0000},  /* U+C730 */
  {0x0000,0x07C0,0x1830,0x1010,0x1830,0x07C0,0x0000,0x0000,0x7FFC,0x0440,0x1450,0x1010,0x1FF0,0x1010,0x1FF0,0x0000},  /* U+C731 */
  {0x07C0,0x1830,0x1010,0x1010,0x1830,0x07C0,0x0000,0xFFFE,0x0820,0x0820,0x0920,0x0380,0x06C0,0x3838,0x2000,0x0000},  /* U+C733 */
  {0x07C0,0x1830,0x1010,0x1830,0x07C0,0x0000,0x0000,0xFFFE,0x0820,0x0820,0x0FE0,0x1830,0x1010,0x1830,0x07C0,0x0000},  /* U+C735 */
  {0x07E0,0x1830,0x1010,0x1830,0x07C0,0x0000,0x7FFE,0x0820,0x0FA0,0x0000,0x1FF0,0x0060,0x0180,0x1EF8,0x2000,0x0000},  /* U+C737 */
  {0x0000,0x0000,0x0FC0,0x1020,0x2010,0x2010,0x2010,0x1020,0x0FC0,0x0000,0x0000,0x0000,0xFFFE,0x0000,0x0000,0x0000},  /* U+C73C */
  {0x07C0,0x1820,0x1010,0x1010,0x1820,0x07C0,0x0000,0xFFFE,0x0000,0x0000,0x3FF0,0x0010,0x0010,0x0010,0x0010,0x0000},  /* U+C73D */
  {0x0000,0x07C0,0x1830,0x1010,0x1010,0x1830,0x07C0,0x0000,0xFFFE,0x0000,0x1000,0x1000,0x1000,0x1000,0x1FF8,0x0000},  /* U+C740 */
  {0x0000,0x07E0,0x1830,0x1010,0x1830,0x07C0,0x0000,0xFFFE,0x0000,0x1FF0,0x0010,0x0010,0x1FF0,0x1000,0x1FF8,0x0000},  /* U+C744 */
  {0x07E0,0x1830,0x1010,0x1830,0x07C0,0x0000,0xFFFE,0x0000,0x3EF8,0x0250,0x0250,0x3E50,0x2050,0x2050,0x3EF8,0x0000},  /* U+C74A */
  {0x0000,0x07C0,0x1820,0x1010,0x1010,0x1820,0x07C0,0x0000,0xFFFE,0x0000,0x1FF0,0x1010,0x1010,0x1010,0x1FF0,0x0000},  /* U+C74C */
  {0x0000,0x07C0,0x1820,0x1010,0x1010,0x1820,0x07C0,0x0000,0xFFFE,0x0000,0x1010,0x1010,0x1FF0,0x1010,0x1FF0,0x0000},  /* U+C74D */
  {0x07C0,0x1830,0x1010,0x1010,0x1830,0x07C0,0x0000,0xFFFE,0x0000,0x0100,0x0100,0x0280,0x0460,0x1838,0x2000,0x0000},  /* U+C74F */
  {0x07C0,0x1820,0x1010,0x1010,0x1820,0x07C0,0x0000,0xFFFE,0x0000,0x07C0,0x0830,0x1010,0x1010,0x0830,0x07C0,0x0000},  /* U+C751 */
  {0x0000,0x07C0,0x1830,0x1010,0x1010,0x1830,0x07C0,0x0000,0xFFFE,0x0000,0x1FF0,0x0020,0x00C0,0x03C0,0x3C38,0x0000},  /* U+C752 */
  {0x0000,0x07E0,0x1830,0x1010,0x1830,0x07C0,0x0000,0xFFFE,0x0000,0x07C0,0x0000,0x1FF0,0x0060,0x0180,0x3E78,0x0000},  /* U+C753 */
  {0x07C0,0x1820,0x1010,0x1010,0x1820,0x07C0,0x0000,0xFFFE,0x0000,0x3FF0,0x0010,0x0010,0x3FF0,0x0010,0x0010,0x0000},  /* U+C754 */
  {0x0000,0x07E0,0x1830,0x1010,0x1830,0x07C0,0x0000,0xFFFE,0x0000,0x1FF0,0x1000,0x1000,0x1FF0,0x1000,0x1FF0,0x0000},  /* U+C755 */
  {0x0000,0x07C0,0x1820,0x1010,0x1010,0x1820,0x07C0,0x0000,0xFFFE,0x0000,0x1FF0,0x0440,0x0440,0x0440,0x1FF0,0x0000},  /* U+C756 */
  {0x07E0,0x1830,0x1010,0x1830,0x07C0,0x0000,0xFFFE,0x0000,0x07C0,0x0000,0x3FF8,0x07C0,0x0820,0x0820,0x07C0,0x0000},  /* U+C757 */
  {0x0004,0x0704,0x0884,0x1044,0x1044,0x1044,0x0884,0x0704,0x0004,0x0034,0x3FC4,0x0004,0x0004,0x0004,0x0004,0x0000},  /* U+C758 */
  {0x0000,0x0008,0x1F08,0x2088,0x2088,0x2088,0x1F08,0x0008,0x0008,0x7FE8,0x0008,0x0808,0x0800,0x0800,0x0FFC,0x0000},  /* U+C75C */
  {0x0F84,0x1044,0x1044,0x1044,0x0F84,0x0004,0x3FF4,0x0004,0x0000,0x0FFC,0x0004,0x0FFC,0x0800,0x0800,0x0FFC,0x0000},  /* U+C760 */
  {0x0000,0x0F04,0x18C4,0x1044,0x1044,0x18C4,0x0F04,0x0004,0x3FF4,0x0004,0x0000,0x0FFC,0x0804,0x0804,0x0FFC,0x0000},  /* U+C768 */
  {0x0000,0x1F08,0x3188,0x2088,0x2088,0x3188,0x1F08,0x0008,0x7FE8,0x0008,0x0088,0x0180,0x03C0,0x0660,0x381C,0x0000},  /* U+C76B */
  {0x0008,0x0E08,0x1108,0x2088,0x2088,0x2088,0x2088,0x2088,0x2088,0x1108,0x0E08,0x0008,0x0008,0x0008,0x0008,0x0000},  /* U+C774 */
  {0x0000,0x0F04,0x1084,0x2044,0x2044,0x2044,0x2044,0x1084,0x0F04,0x0000,0x07FC,0x0004,0x0004,0x0004,0x0004,0x0000},  /* U+C775 */
  {0x0000,0x0F04,0x1084,0x2044,0x2044,0x2044,0x2044,0x1084,0x0F04,0x0004,0x0404,0x0400,0x0400,0x0400,0x07FC,0x0000},  /* U+C778 */
  {0x0E08,0x1108,0x2088,0x2088,0x2088,0x1108,0x0E08,0x0008,0x0FF8,0x0008,0x0008,0x0FF8,0x0800,0x0800,0x0FF8,0x0000},  /* U+C77C */
  {0x0E08,0x1108,0x2088,0x2088,0x2088,0x1108,0x0E08,0x0008,0x1FF8,0x0108,0x0108,0x1F08,0x1008,0x1008,0x1F08,0x0000},  /* U+C77D */
  {0x0E08,0x1108,0x2088,0x2088,0x2088,0x1108,0x0E08,0x0008,0x1EF8,0x0288,0x0288,0x1E88,0x1088,0x1088,0x1FF8,0x0000},  /* U+C77E */
  {0x0E08,0x1108,0x2088,0x2088,0x2088,0x1108,0x0E08,0x0000,0x1F78,0x0100,0x01FC,0x1F78,0x1084,0x1084,0x1F78,0x0000},  /* U+C783 */
  {0x0000,0x0F04,0x1084,0x2044,0x2044,0x2044,0x2044,0x1084,0x0F04,0x0000,0x07FC,0x0404,0x0404,0x0404,0x07FC,0x0000},  /* U+C784 */
  {0x0000,0x0F04,0x1084,0x2044,0x2044,0x2044,0x1084,0x0F04,0x0004,0x0404,0x0404,0x07FC,0x0404,0x0404,0x07FC,0x0000},  /* U+C785 */
  {0x0000,0x1E08,0x2108,0x4088,0x4088,0x4088,0x4088,0x2108,0x1E08,0x0008,0x0080,0x0180,0x0140,0x0630,0x1C0C,0x0000},  /* U+C787 */
  {0x0000,0x1E08,0x2108,0x4088,0x4088,0x4088,0x4088,0x2108,0x1E08,0x0410,0x0410,0x0410,0x0E28,0x1B6C,0x3186,0x0000},  /* U+C788 */
  {0x0F04,0x1084,0x2044,0x2044,0x2044,0x2044,0x1084,0x0F04,0x0004,0x01F0,0x0608,0x0404,0x0404,0x0608,0x01F0,0x0000},  /* U+C789 */
  {0x0000,0x1E08,0x2108,0x4088,0x4088,0x4088,0x2108,0x1E08,0x0008,0x0000,0x0FF8,0x0010,0x0060,0x01E0,0x0E1C,0x0000},  /* U+C78A */
  {0x0000,0x0F04,0x1084,0x2044,0x2044,0x2044,0x2044,0x1084,0x0F04,0x0000,0x07FC,0x0110,0x0110,0x0110,0x07FC,0x0000},  /* U+C78E */
  {0x0010,0x3F10,0x0110,0x0310,0x0210,0x0610,0x061C,0x0A10,0x1110,0x60D0,0x4010,0x0010,0x0010,0x0010,0x0010,0x0000},  /* U+C790 */
  {0x0000,0x0010,0x3F10,0x0110,0x0310,0x021C,0x0610,0x1990,0x7050,0x4010,0x1FF0,0x0010,0x0010,0x0010,0x0010,0x0000},  /* U+C791 */
  {0x0000,0x0010,0x3F10,0x0110,0x0310,0x0210,0x061C,0x0910,0x30D0,0x6010,0x0010,0x1010,0x1000,0x1000,0x1FF0,0x0000},  /* U+C794 */
  {0x3F10,0x0110,0x0310,0x0210,0x061C,0x1990,0x30D0,0x4010,0x00F0,0x1000,0x11FC,0x1070,0x1088,0x1F88,0x0070,0x0000},  /* U+C796 */
  {0x0000,0x3F10,0x0110,0x0310,0x0210,0x061C,0x1990,0x30D0,0x4010,0x0000,0x1FF0,0x1000,0x1000,0x1000,0x1FF0,0x0000},  /* U+C797 */
  {0x3F10,0x0110,0x0310,0x061C,0x0F10,0x3190,0x6050,0x0000,0x1FF0,0x0010,0x0010,0x1FF0,0x1000,0x1000,0x1FF0,0x0000},  /* U+C798 */
  {0x3F10,0x0110,0x0310,0x061C,0x0F10,0x3190,0x6050,0x0000,0x3EF0,0x0290,0x0290,0x3E90,0x2090,0x2090,0x3EF0,0x0000},  /* U+C79A */
  {0x0000,0x3F10,0x0110,0x0310,0x0210,0x061C,0x1990,0x30D0,0x4010,0x0000,0x1FF0,0x1010,0x1010,0x1010,0x1FF0,0x0000},  /* U+C7A0 */
  {0x0010,0x3F10,0x0110,0x0310,0x061C,0x0F10,0x1990,0x6050,0x0000,0x1010,0x1010,0x1FF0,0x1010,0x1010,0x1FF0,0x0000},  /* U+C7A1 */
  {0x0000,0x0010,0x3F10,0x0110,0x0310,0x021C,0x0610,0x1910,0x30D0,0x4010,0x0100,0x0180,0x02C0,0x0460,0x381C,0x0000},  /* U+C7A3 */
  {0x0000,0x3F10,0x0110,0x0310,0x0210,0x061C,0x1990,0x30D0,0x4010,0x0420,0x0420,0x0420,0x0E50,0x1A58,0x318C,0x0000},  /* U+C7A4 */
  {0x3F10,0x0110,0x0310,0x0210,0x061C,0x1990,0x30D0,0x4010,0x0010,0x07C0,0x0830,0x1010,0x1010,0x0830,0x07C0,0x0000},  /* U+C7A5 */
  {0x0000,0x3F10,0x0110,0x0310,0x0210,0x061C,0x1990,0x30D0,0x4010,0x0010,0x0FF0,0x0030,0x0060,0x01E0,0x1E1C,0x0000},  /* U+C7A6 */
  {0x0024,0x3F24,0x0124,0x0124,0x0224,0x0224,0x063C,0x0D24,0x1924,0x30A4,0x2024,0x0024,0x0024,0x0024,0x0004,0x0000},  /* U+C7AC */
  {0x0000,0x0024,0x1F24,0x0124,0x0224,0x023C,0x0624,0x0924,0x30A4,0x0004,0x0FFC,0x0004,0x0004,0x0004,0x0004,0x0000},  /* U+C7AD */
  {0x0008,0x0048,0x3E48,0x0248,0x0648,0x0478,0x0C48,0x1648,0x2348,0x4048,0x0048,0x0800,0x0800,0x0800,0x0FFC,0x0000},  /* U+C7B0 */
  {0x0008,0x3E48,0x0248,0x0448,0x0C78,0x1E48,0x3348,0x4048,0x0000,0x0000,0x0FF8,0x0008,0x0FF8,0x0800,0x0800,0x0FFC},  /* U+C7B4 */
  {0x0000,0x0024,0x1F24,0x0124,0x0224,0x023C,0x0624,0x0924,0x30A4,0x0004,0x07FC,0x0404,0x0404,0x0404,0x07FC,0x0000},  /* U+C7BC */
  {0x0000,0x1F24,0x0124,0x0324,0x0224,0x063C,0x0924,0x30A4,0x2024,0x0404,0x0404,0x07FC,0x0404,0x0404,0x07FC,0x0000},  /* U+C7BD */
  {0x0000,0x0048,0x3E48,0x0248,0x0448,0x0478,0x0C48,0x1248,0x6148,0x0048,0x0088,0x0180,0x0340,0x0630,0x181C,0x0000},  /* U+C7BF */
  {0x0000,0x0048,0x3E48,0x0248,0x0448,0x0478,0x0C48,0x1248,0x6148,0x0418,0x0410,0x0410,0x0E28,0x1B2C,0x31C6,0x0000},  /* U+C7C0 */
  {0x0024,0x1F24,0x0124,0x0224,0x023C,0x0624,0x0924,0x30A4,0x0004,0x01F0,0x0608,0x0404,0x0404,0x0608,0x01F0,0x0000},  /* U+C7C1 */
  {0x0000,0x0010,0x3F10,0x0110,0x0310,0x021C,0x0610,0x0610,0x0A10,0x111C,0x60D0,0x4010,0x0010,0x0010,0x0010,0x0000},  /* U+C7C8 */
  {0x0000,0x0010,0x3F10,0x0110,0x031C,0x0210,0x061C,0x1990,0x7050,0x4000,0x1FF0,0x0010,0x0010,0x0010,0x0010,0x0000},  /* U+C7C9 */
  {0x0000,0x0010,0x3F10,0x0110,0x031C,0x0210,0x0610,0x0910,0x30DC,0x6010,0x0010,0x1010,0x1000,0x1000,0x1FF0,0x0000},  /* U+C7CC */
  {0x0010,0x3F10,0x0110,0x031C,0x0210,0x0610,0x199C,0x30D0,0x4000,0x00F0,0x1000,0x11FC,0x1070,0x1088,0x1F88,0x0070},  /* U+C7CE */
  {0x0010,0x3F10,0x0110,0x031C,0x0610,0x0F10,0x319C,0x6050,0x0010,0x1FF0,0x0010,0x0010,0x1FF0,0x1000,0x1000,0x1FF0},  /* U+C7D0 */
  {0x0010,0x3F10,0x0110,0x031C,0x0210,0x0610,0x199C,0x30D0,0x4010,0x0000,0x1FF0,0x1010,0x1010,0x1010,0x1FF0,0x0000},  /* U+C7D8 */
  {0x3F10,0x0110,0x0310,0x021C,0x0610,0x199C,0x30D0,0x4010,0x0000,0x07C0,0x0830,0x1010,0x1010,0x0830,0x07C0,0x0000},  /* U+C7DD */
  {0x0024,0x3F24,0x0124,0x0124,0x023C,0x0224,0x0624,0x0D24,0x193C,0x30A4,0x2024,0x0024,0x0024,0x0024,0x0004,0x0000},  /* U+C7E4 */
  {0x0000,0x0048,0x3E48,0x0248,0x0678,0x0448,0x0C48,0x1678,0x2348,0x4048,0x0048,0x0808,0x0800,0x0800,0x0FFC,0x0000},  /* U+C7E8 */
  {0x3E48,0x0248,0x0478,0x0C48,0x1E48,0x3378,0x4048,0x0048,0x0000,0x0FF8,0x0008,0x0FF8,0x0800,0x0800,0x0FFC,0x0000},  /* U+C7EC */
  {0x0004,0x1F84,0x0084,0x0084,0x0104,0x013C,0x0304,0x0584,0x08C4,0x1064,0x2004,0x0004,0x0004,0x0004,0x0004,0x0000},  /* U+C800 */
  {0x0000,0x0004,0x1F84,0x0084,0x0184,0x013C,0x0304,0x0CC4,0x1864,0x2004,0x07FC,0x0004,0x0004,0x0004,0x0004,0x0000},  /* U+C801 */
  {0x0000,0x0004,0x1F84,0x0084,0x0184,0x013C,0x0304,0x0484,0x1864,0x3004,0x0404,0x0404,0x0400,0x0400,0x07FC,0x0000},  /* U+C804 */
  {0x1F84,0x0084,0x0184,0x033C,0x0784,0x0CC4,0x3024,0x0004,0x07FC,0x0004,0x0004,0x07FC,0x0400,0x0400,0x07FC,0x0000},  /* U+C808 */
  {0x1F84,0x0084,0x0184,0x033C,0x0784,0x0CC4,0x3024,0x0004,0x0F7C,0x0144,0x0144,0x0F44,0x0844,0x0844,0x0FFC,0x0000},  /* U+C80A */
  {0x0004,0x1F84,0x0084,0x0184,0x013C,0x0304,0x0CC4,0x1864,0x2004,0x0000,0x07FC,0x0404,0x0404,0x0404,0x07FC,0x0000},  /* U+C810 */
  {0x0000,0x1F84,0x0084,0x0184,0x013C,0x0304,0x0CC4,0x1864,0x2004,0x0404,0x0404,0x07FC,0x0404,0x0404,0x07FC,0x0000},  /* U+C811 */
  {0x0000,0x0008,0x3F08,0x0108,0x0308,0x0278,0x0608,0x0908,0x30C8,0x6008,0x0188,0x0180,0x0340,0x0620,0x381C,0x0000},  /* U+C813 */
  {0x0004,0x0004,0x1F84,0x0084,0x01BC,0x0104,0x0304,0x0CC4,0x1864,0x2000,0x01F0,0x0608,0x0404,0x0404,0x0608,0x01F0},  /* U+C815 */
  {0x0008,0x3F08,0x0108,0x0308,0x0278,0x0608,0x1988,0x30C8,0x4008,0x0000,0x0FF8,0x0010,0x0060,0x01E0,0x0E1C,0x0000},  /* U+C816 */
  {0x0014,0x3F14,0x0114,0x0114,0x0214,0x02F4,0x0614,0x0F14,0x1914,0x3094,0x2014,0x0014,0x0014,0x0014,0x0004,0x0000},  /* U+C81C */
  {0x0000,0x0004,0x1F14,0x0114,0x0214,0x0274,0x0614,0x0914,0x3094,0x0010,0x0FFC,0x0004,0x0004,0x0004,0x0004,0x0000},  /* U+C81D */
  {0x0000,0x0028,0x3E28,0x0228,0x0628,0x04E8,0x0C28,0x1628,0x2328,0x4028,0x0828,0x0808,0x0800,0x0800,0x0FFC,0x0000},  /* U+C820 */
  {0x3E28,0x0228,0x0428,0x0CE8,0x1E28,0x3328,0x4128,0x0008,0x0000,0x0FF8,0x0008,0x0FF8,0x0800,0x0800,0x0FFC,0x0000},  /* U+C824 */
  {0x0000,0x0014,0x1F14,0x0114,0x0274,0x0214,0x0614,0x0914,0x3094,0x0000,0x07FC,0x0404,0x0404,0x0404,0x07FC,0x0000},  /* U+C82C */
  {0x0000,0x1F14,0x0114,0x0314,0x0274,0x0614,0x0914,0x3094,0x2004,0x0404,0x0404,0x07FC,0x0404,0x0404,0x07FC,0x0000},  /* U+C82D */
  {0x0000,0x0028,0x3E28,0x0228,0x0428,0x04E8,0x0C28,0x1228,0x6128,0x0028,0x0100,0x0180,0x02C0,0x0460,0x381C,0x0000},  /* U+C82F */
  {0x0014,0x1F14,0x0114,0x0274,0x0214,0x0614,0x0914,0x3094,0x0004,0x01F0,0x0608,0x0404,0x0404,0x0608,0x01F0,0x0000},  /* U+C831 */
  {0x0000,0x0004,0x1F84,0x0084,0x0084,0x013C,0x0104,0x0304,0x05BC,0x08C4,0x1064,0x2004,0x0004,0x0004,0x0004,0x0000},  /* U+C838 */
  {0x0000,0x0004,0x1F84,0x0084,0x01BC,0x0104,0x033C,0x0584,0x18C4,0x2004,0x0404,0x0400,0x0400,0x0400,0x07FC,0x0000},  /* U+C83C */
  {0x1F84,0x0084,0x01BC,0x0104,0x073C,0x0CC4,0x3044,0x0000,0x07FC,0x0004,0x0004,0x07FC,0x0400,0x0400,0x07FC,0x0000},  /* U+C840 */
  {0x0000,0x1F84,0x0084,0x01BC,0x0104,0x0304,0x0CBC,0x1864,0x2004,0x0004,0x07FC,0x0404,0x0404,0x0404,0x07FC,0x0000},  /* U+C848 */
  {0x0000,0x1F84,0x0084,0x01BC,0x0104,0x0304,0x0CBC,0x3064,0x0004,0x0404,0x0404,0x07FC,0x0404,0x0404,0x07FC,0x0000},  /* U+C849 */
  {0x0000,0x3F08,0x0108,0x0378,0x0208,0x0608,0x1978,0x30C8,0x4008,0x0410,0x0410,0x0410,0x0E28,0x1B6C,0x3186,0x0000},  /* U+C84C */
  {0x1F84,0x0084,0x01BC,0x0104,0x0304,0x0CBC,0x1864,0x2004,0x0004,0x01F0,0x0608,0x0404,0x0404,0x0608,0x01F0,0x0000},  /* U+C84D */
  {0x0014,0x3F14,0x0114,0x0174,0x0214,0x0214,0x0614,0x0E74,0x0914,0x1094,0x2094,0x0014,0x0014,0x0014,0x0004,0x0000},  /* U+C854 */
  {0x0000,0x0000,0x1FF0,0x0020,0x0040,0x0180,0x03C0,0x1C38,0x3100,0x0100,0x0100,0x0100,0x7FFE,0x0000,0x0000,0x0000},  /* U+C870 */
  {0x1FF0,0x0020,0x00C0,0x07C0,0x3C38,0x0100,0x0100,0x7FFE,0x0000,0x0000,0x3FF0,0x0010,0x0010,0x0010,0x0010,0x0000},  /* U+C871 */
  {0x0000,0x1FF0,0x0020,0x00C0,0x03C0,0x3C38,0x0000,0x0100,0x0100,0x7FFE,0x0000,0x1000,0x1000,0x1000,0x1FF8,0x0000},  /* U+C874 */
  {0x0000,0x1FF0,0x0020,0x01C0,0x1EF8,0x2100,0x0100,0x7FFE,0x0000,0x1FF0,0x0010,0x0010,0x1FF0,0x1000,0x1FF8,0x0000},  /* U+C878 */
  {0x1FF0,0x0020,0x01C0,0x1EF8,0x2100,0x0100,0x7FFE,0x0000,0x0000,0x3EF8,0x0288,0x3E88,0x2088,0x2088,0x3EF8,0x0000},  /* U+C87A */
  {0x0000,0x1FF0,0x0020,0x00C0,0x07C0,0x3C38,0x0100,0x0100,0x7FFE,0x0000,0x0000,0x1FF0,0x1010,0x1010,0x1FF0,0x0000},  /* U+C880 */
  {0x0000,0x1FF0,0x0020,0x00C0,0x07E0,0x3818,0x0100,0x0100,0x7FFE,0x0000,0x1010,0x1010,0x1FF0,0x1010,0x1FF0,0x0000},  /* U+C881 */
  {0x1FF0,0x0020,0x00C0,0x07C0,0x3C38,0x0100,0x0100,0x7FFE,0x0000,0x0100,0x0100,0x0280,0x0440,0x3838,0x2000,0x0000},  /* U+C883 */
  {0x1FF0,0x0020,0x00C0,0x03C0,0x3C38,0x0080,0x0080,0x7FFE,0x0000,0x07E0,0x1C30,0x1810,0x1810,0x1C30,0x0FE0,0x0000},  /* U+C885 */
  {0x0000,0x1FF0,0x0020,0x00C0,0x07E0,0x3818,0x0100,0x0100,0x7FFE,0x0000,0x1FF0,0x0020,0x00C0,0x07E0,0x3818,0x0000},  /* U+C886 */
  {0x1FF0,0x0020,0x01C0,0x1EF8,0x2100,0x0100,0x7FFE,0x0000,0x07C0,0x0000,0x1FF0,0x0060,0x0380,0x1C78,0x2000,0x0000},  /* U+C887 */
  {0x1FF0,0x0020,0x01C0,0x1EF8,0x2100,0x0100,0x7FFE,0x0000,0x07C0,0x0000,0x3FF8,0x07C0,0x0820,0x0820,0x07C0,0x0000},  /* U+C88B */
  {0x0000,0x0010,0x3F90,0x0190,0x0310,0x0410,0x1B90,0x605C,0x0410,0x0410,0x0410,0x0410,0x7FD0,0x0010,0x0010,0x0000},  /* U+C88C */
  {0x0010,0x3F90,0x0110,0x0610,0x1B90,0x605C,0x0410,0x0410,0x7FD0,0x0000,0x1FF0,0x0010,0x0010,0x0010,0x0010,0x0000},  /* U+C88D */
  {0x3F90,0x0190,0x0710,0x1F10,0x60DC,0x0410,0x0410,0x7FD0,0x0000,0x1FF0,0x0010,0x1FF0,0x1000,0x1000,0x1FF8,0x0000},  /* U+C894 */
  {0x0010,0x3F90,0x0190,0x0610,0x1F10,0x60DC,0x0410,0x0410,0x7FD0,0x0000,0x1010,0x1010,0x1FF0,0x1010,0x1FF0,0x0000},  /* U+C89D */
  {0x0000,0x0010,0x3F90,0x0110,0x0610,0x1F10,0x70DC,0x0410,0x0410,0x7FD0,0x0110,0x0180,0x0380,0x0660,0x381C,0x0000},  /* U+C89F */
  {0x0010,0x3F90,0x0110,0x0610,0x1B90,0x605C,0x0410,0x0410,0x7FD0,0x0010,0x07C0,0x1830,0x1010,0x1010,0x1830,0x07C0},  /* U+C8A1 */
  {0x0024,0x3FA4,0x0124,0x0224,0x0624,0x1BA4,0x203C,0x0424,0x0424,0x0424,0x3FE4,0x0024,0x0024,0x0024,0x0004,0x0000},  /* U+C8A8 */
  {0x0000,0x0048,0x7E48,0x0248,0x0C48,0x3E78,0x6948,0x0848,0x7F48,0x0008,0x0410,0x0410,0x0E18,0x1B28,0x31C6,0x0000},  /* U+C8BC */
  {0x0024,0x3F24,0x0324,0x0624,0x1F3C,0x24A4,0x0424,0x3FA4,0x0004,0x03F0,0x0408,0x0804,0x0804,0x0408,0x03F0,0x0000},  /* U+C8BD */
  {0x0004,0x1FC4,0x00C4,0x0184,0x0304,0x0DC4,0x3024,0x0004,0x0204,0x0204,0x0204,0x3FE4,0x0004,0x0004,0x0004,0x0000},  /* U+C8C4 */
  {0x0000,0x0008,0x1F88,0x0088,0x0308,0x0708,0x38E8,0x0408,0x0408,0x7FE8,0x0008,0x0808,0x0800,0x0800,0x0FFC,0x0000},  /* U+C8C8 */
  {0x1FC4,0x00C4,0x0104,0x0F84,0x3864,0x0204,0x0204,0x3FF4,0x0000,0x0FFC,0x0004,0x0FFC,0x0800,0x0800,0x0FFC,0x0000},  /* U+C8CC */
  {0x0000,0x1FC4,0x00C4,0x0304,0x0F84,0x3064,0x0204,0x0204,0x3FF4,0x0004,0x0000,0x0FFC,0x0804,0x0804,0x0FFC,0x0000},  /* U+C8D4 */
  {0x0000,0x1FC4,0x00C4,0x0304,0x0F84,0x3864,0x0204,0x0204,0x3FF4,0x0000,0x0804,0x0804,0x0FFC,0x0804,0x0FFC,0x0000},  /* U+C8D5 */
  {0x0000,0x0008,0x3F88,0x0188,0x0308,0x0E08,0x31C8,0x0408,0x0408,0x7FE8,0x0188,0x0180,0x03C0,0x0660,0x381C,0x0000},  /* U+C8D7 */
  {0x1FC4,0x00C4,0x0304,0x0F84,0x3864,0x0204,0x0204,0x3FF4,0x0004,0x03F0,0x0C08,0x0804,0x0804,0x0408,0x03F0,0x0000},  /* U+C8D9 */
  {0x0000,0x0000,0x1FE0,0x0020,0x00C0,0x0180,0x06C0,0x1C30,0x2008,0x0440,0x0440,0x0440,0x7FFC,0x0000,0x0000,0x0000},  /* U+C8E0 */
  {0x1FF0,0x0020,0x00C0,0x07C0,0x3C38,0x0440,0x0440,0x7FFC,0x0000,0x0000,0x3FF0,0x0010,0x0010,0x0010,0x0010,0x0000},  /* U+C8E1 */
  {0x0000,0x1FF0,0x0020,0x00C0,0x03C0,0x3C38,0x0000,0x0440,0x0440,0x7FFC,0x0000,0x1000,0x1000,0x1000,0x1FF8,0x0000},  /* U+C8E4 */
  {0x1FF0,0x0020,0x00C0,0x07C0,0x3838,0x0440,0x0440,0x7FFC,0x0000,0x07C0,0x1830,0x1010,0x1010,0x1830,0x07C0,0x0000},  /* U+C8F5 */
  {0x0000,0x1FF0,0x0020,0x00C0,0x0380,0x0E70,0x3008,0x0000,0x0000,0x7FFE,0x0100,0x0100,0x0100,0x0100,0x0100,0x0000},  /* U+C8FC */
  {0x1FF0,0x0020,0x00C0,0x07C0,0x3C38,0x0000,0x0000,0x7FFE,0x0100,0x0100,0x3FF0,0x0010,0x0010,0x0010,0x0010,0x0000},  /* U+C8FD */
  {0x0000,0x0FF8,0x0010,0x0060,0x01E0,0x0E1C,0x1000,0x0000,0x7FFE,0x0080,0x0880,0x0880,0x0800,0x0800,0x0FFC,0x0000},  /* U+C900 */
  {0x0000,0x1FF0,0x0020,0x01C0,0x0EF0,0x3008,0x0000,0x7FFE,0x0100,0x0100,0x1FF0,0x0010,0x1FF0,0x1000,0x1FF8,0x0000},  /* U+C904 */
  {0x1FF0,0x0030,0x00C0,0x0FF8,0x3000,0x0000,0x7FFE,0x0100,0x0100,0x1EF8,0x0208,0x1E08,0x1008,0x1008,0x1F08,0x0000},  /* U+C905 */
  {0x1FF0,0x0020,0x01C0,0x0EF0,0x3008,0x0000,0x7FFE,0x0100,0x0100,0x3EF8,0x0288,0x3E88,0x2088,0x2088,0x3EF8,0x0000},  /* U+C906 */
  {0x0000,0x1FF0,0x0020,0x00C0,0x07C0,0x3C38,0x0000,0x0000,0x7FFE,0x0100,0x0100,0x1FF0,0x1010,0x1010,0x1FF0,0x0000},  /* U+C90C */
  {0x0000,0x1FF0,0x0020,0x00C0,0x07C0,0x3838,0x0000,0x7FFE,0x0100,0x0100,0x1010,0x1010,0x1FF0,0x1010,0x1FF0,0x0000},  /* U+C90D */
  {0x1FF0,0x0020,0x00C0,0x07C0,0x3C38,0x0000,0x0000,0x7FFE,0x0100,0x0100,0x0100,0x0280,0x0440,0x1838,0x2008,0x0000},  /* U+C90F */
  {0x1FF0,0x0020,0x00C0,0x03C0,0x3C38,0x0000,0x7FFE,0x0080,0x0080,0x07E0,0x0C30,0x1810,0x1810,0x0C30,0x07E0,0x0000},  /* U+C911 */
  {0x0004,0x1FC4,0x00C4,0x0104,0x0704,0x1CE4,0x2004,0x0034,0x3FC4,0x0204,0x023C,0x0204,0x0204,0x0204,0x0004,0x0000},  /* U+C918 */
  {0x3F88,0x0188,0x0308,0x0F08,0x30C8,0x0028,0x7FC8,0x0408,0x0478,0x0418,0x0410,0x0618,0x1F2C,0x39C6,0x2000,0x0000},  /* U+C92C */
  {0x0014,0x3F14,0x0114,0x0614,0x0E14,0x3194,0x2014,0x0014,0x7F94,0x0414,0x04F4,0x0414,0x0414,0x0414,0x0004,0x0000},  /* U+C934 */
  {0x0004,0x1FC4,0x0084,0x0104,0x0784,0x1864,0x0004,0x0014,0x3FE4,0x0204,0x0204,0x0204,0x0204,0x0204,0x0004,0x0000},  /* U+C950 */
  {0x1FC4,0x00C4,0x0184,0x0FC4,0x1824,0x0004,0x3FE4,0x0204,0x0204,0x0000,0x07FC,0x0004,0x0004,0x0004,0x0004,0x0000},  /* U+C951 */
  {0x0000,0x0004,0x1FC4,0x00C4,0x0104,0x0784,0x1864,0x0004,0x7FE4,0x0204,0x0204,0x0A04,0x0800,0x0800,0x0FFC,0x0000},  /* U+C954 */
  {0x1FC4,0x00C4,0x0104,0x0FE4,0x1004,0x0004,0x3FE4,0x0204,0x0200,0x0FFC,0x0004,0x0FFC,0x0800,0x0800,0x0FFC,0x0000},  /* U+C958 */
  {0x0000,0x1FC4,0x00C4,0x0104,0x0FC4,0x1024,0x0004,0x3FE4,0x0204,0x0204,0x0000,0x0FFC,0x0804,0x0804,0x0FFC,0x0000},  /* U+C960 */
  {0x0000,0x1FC4,0x00C4,0x0104,0x0FC4,0x1024,0x0004,0x3FE4,0x0204,0x0200,0x0804,0x0804,0x0FFC,0x0804,0x0FFC,0x0000},  /* U+C961 */
  {0x0000,0x0008,0x3F88,0x0188,0x0308,0x0F08,0x30C8,0x0008,0x7FE8,0x0408,0x0488,0x0480,0x0140,0x0630,0x1C1C,0x0000},  /* U+C963 */
  {0x0000,0x1FF0,0x0030,0x0060,0x0180,0x0670,0x380C,0x0000,0x0000,0x7FFE,0x0420,0x0420,0x0420,0x0420,0x0420,0x0000},  /* U+C96C */
  {0x0000,0x1FF8,0x0010,0x0060,0x01E0,0x1E1C,0x0000,0x0000,0x7FFE,0x0220,0x0A20,0x0A20,0x0800,0x0800,0x0FFC,0x0000},  /* U+C970 */
  {0x0000,0x1FF0,0x0020,0x01C0,0x0EF0,0x3008,0x0000,0x7FFC,0x0440,0x0440,0x1FF0,0x0010,0x1FF0,0x1000,0x1FF8,0x0000},  /* U+C974 */
  {0x0000,0x1FF0,0x0020,0x00C0,0x07C0,0x3C38,0x0000,0x0000,0x7FFC,0x0440,0x0440,0x1FF0,0x1010,0x1010,0x1FF0,0x0000},  /* U+C97C */
  {0x0000,0x0000,0x1FF0,0x0020,0x0040,0x0180,0x0380,0x0C70,0x3008,0x0000,0x0000,0x0000,0xFFFE,0x0000,0x0000,0x0000},  /* U+C988 */
  {0x1FF0,0x0020,0x00C0,0x07C0,0x3C38,0x0000,0x0000,0xFFFE,0x0000,0x0000,0x3FF0,0x0010,0x0010,0x0010,0x0010,0x0000},  /* U+C989 */
  {0x0000,0x1FF0,0x0020,0x00C0,0x03C0,0x3C38,0x0000,0x0000,0x0000,0xFFFE,0x1000,0x1000,0x1000,0x1000,0x1FF8,0x0000},  /* U+C98C */
  {0x0000,0x1FF0,0x0020,0x01C0,0x0FF0,0x3008,0x0000,0xFFFE,0x0000,0x1FF0,0x0010,0x0010,0x1FF0,0x1000,0x1FF0,0x0000},  /* U+C990 */
  {0x0000,0x1FF0,0x0020,0x00C0,0x07C0,0x3C38,0x0000,0x0000,0xFFFE,0x0000,0x0000,0x1FF0,0x1010,0x1010,0x1FF0,0x0000},  /* U+C998 */
  {0x0000,0x1FF0,0x0020,0x00C0,0x07E0,0x3818,0x0000,0x0000,0xFFFE,0x0000,0x1010,0x1010,0x1FF0,0x1010,0x1FF0,0x0000},  /* U+C999 */
  {0x1FF0,0x0020,0x00C0,0x07C0,0x3C38,0x0000,0x0000,0xFFFE,0x0000,0x0100,0x0100,0x0280,0x0440,0x3838,0x2000,0x0000},  /* U+C99B */
  {0x1FF0,0x0020,0x00C0,0x03C0,0x3C38,0x0000,0x0000,0xFFFE,0x0000,0x07C0,0x0830,0x1010,0x1010,0x0830,0x07C0,0x0000},  /* U+C99D */
  {0x0004,0x1FC4,0x0084,0x0084,0x0184,0x0104,0x0304,0x0784,0x0CC4,0x1864,0x2004,0x0004,0x0004,0x0004,0x0004,0x0000},  /* U+C9C0 */
  {0x0000,0x0008,0x3F08,0x0108,0x0308,0x0208,0x0708,0x1988,0x3048,0x0000,0x0FF8,0x0008,0x0008,0x0008,0x0008,0x0000},  /* U+C9C1 */
  {0x0000,0x0004,0x1F84,0x0084,0x0084,0x0104,0x0304,0x0484,0x1864,0x3004,0x0004,0x0404,0x0400,0x0400,0x07FC,0x0000},  /* U+C9C4 */
  {0x0000,0x1F84,0x0084,0x0084,0x0104,0x0304,0x04C4,0x1864,0x2004,0x0000,0x07FC,0x0400,0x0400,0x0400,0x07FC,0x0000},  /* U+C9C7 */
  {0x1F84,0x0084,0x0184,0x0104,0x0784,0x0CC4,0x3024,0x0004,0x07FC,0x0004,0x0004,0x07FC,0x0400,0x0400,0x07FC,0x0000},  /* U+C9C8 */
  {0x1F84,0x0084,0x0184,0x0104,0x0784,0x0CC4,0x3024,0x0004,0x0F7C,0x0144,0x0144,0x0F44,0x0844,0x0844,0x0FFC,0x0000},  /* U+C9CA */
  {0x0000,0x1F84,0x0084,0x0084,0x0104,0x0304,0x04C4,0x1864,0x2004,0x0000,0x07FC,0x0404,0x0404,0x0404,0x07FC,0x0000},  /* U+C9D0 */
  {0x0000,0x1F84,0x0084,0x0184,0x0104,0x0384,0x0CC4,0x3824,0x0004,0x0404,0x0404,0x07FC,0x0404,0x0404,0x07FC,0x0000},  /* U+C9D1 */
  {0x0000,0x0008,0x3F08,0x0108,0x0108,0x0208,0x0608,0x0908,0x10C8,0x6048,0x0180,0x0180,0x0340,0x0620,0x381C,0x0000},  /* U+C9D3 */
  {0x1F84,0x0084,0x0084,0x0104,0x0304,0x04C4,0x1864,0x2004,0x0004,0x01F0,0x0608,0x0404,0x0404,0x0608,0x01F0,0x0000},  /* U+C9D5 */
  {0x0000,0x3F08,0x0108,0x0108,0x0208,0x0608,0x0988,0x3048,0x4008,0x0000,0x0FF8,0x0010,0x0060,0x01E0,0x0E1C,0x0000},  /* U+C9D6 */
  {0x1F84,0x0084,0x0184,0x0104,0x0784,0x0CC4,0x3024,0x0004,0x07FC,0x0400,0x0400,0x07FC,0x0400,0x0400,0x07FC,0x0000},  /* U+C9D9 */
  {0x0000,0x1F84,0x0084,0x0084,0x0104,0x0304,0x04C4,0x1864,0x2004,0x0000,0x07FC,0x0110,0x0110,0x0110,0x07FC,0x0000},  /* U+C9DA */
  {0x0010,0x7B90,0x0890,0x0890,0x1090,0x1110,0x191C,0x2690,0x62D0,0x4450,0x0C10,0x0810,0x0010,0x0010,0x0010,0x0000},  /* U+C9DC */
  {0x0000,0x0010,0x7B90,0x0890,0x1890,0x199C,0x25D0,0x4270,0x0410,0x0000,0x1FF0,0x0010,0x0010,0x0010,0x0010,0x0000},  /* U+C9DD */
  {0x0000,0x0008,0x3FC8,0x0448,0x0C48,0x0888,0x14CE,0x1368,0x6128,0x0208,0x0008,0x0808,0x0800,0x0800,0x0FFC,0x0000},  /* U+C9E0 */
  {0x0010,0x7B90,0x0890,0x0890,0x199C,0x25D0,0x4270,0x0410,0x00F0,0x1000,0x11FC,0x1070,0x1088,0x1F88,0x0070,0x0000},  /* U+C9E2 */
  {0x3FC8,0x0448,0x0888,0x0C8E,0x17C8,0x6128,0x0608,0x0000,0x0FF8,0x0008,0x0008,0x0FF8,0x0800,0x0800,0x0FF8,0x0000},  /* U+C9E4 */
  {0x3FC8,0x0448,0x0848,0x1CCE,0x16E8,0x6138,0x0608,0x0000,0x0000,0x1F48,0x0148,0x1F78,0x1048,0x1048,0x1F78,0x0000},  /* U+C9E7 */
  {0x0000,0x0008,0x3FC8,0x0448,0x0888,0x1C8E,0x3348,0x6328,0x0608,0x0000,0x0FF8,0x0808,0x0808,0x0808,0x0FF8,0x0000},  /* U+C9EC */
  {0x0010,0x7F90,0x0890,0x1110,0x191C,0x2F90,0x4250,0x0410,0x0000,0x1010,0x1010,0x1FF0,0x1010,0x1010,0x1FF0,0x0000},  /* U+C9ED */
  {0x0000,0x0010,0x7B90,0x0890,0x1890,0x199C,0x2590,0x4270,0x0410,0x0010,0x0180,0x0180,0x0340,0x0620,0x381C,0x0000},  /* U+C9EF */
  {0x0000,0x0010,0x7B90,0x0890,0x1890,0x199C,0x25D0,0x4270,0x0410,0x0420,0x0420,0x0420,0x0E50,0x1A58,0x318C,0x0000},  /* U+C9F0 */
  {0x0008,0x3FC8,0x0C48,0x0888,0x148E,0x3348,0x6328,0x0608,0x0008,0x03E0,0x0418,0x0808,0x0808,0x0418,0x03E0,0x0000},  /* U+C9F1 */
  {0x0014,0x3F94,0x0494,0x0494,0x0894,0x0C94,0x0D1C,0x1394,0x2254,0x2254,0x0414,0x0014,0x0014,0x0014,0x0004,0x0000},  /* U+C9F8 */
  {0x0000,0x0014,0x3B94,0x0894,0x0894,0x191C,0x3794,0x6254,0x0414,0x0014,0x0FFC,0x0004,0x0004,0x0004,0x0004,0x0000},  /* U+C9F9 */
  {0x0008,0x0028,0x7F28,0x1128,0x1128,0x3238,0x2B28,0x44A8,0x0828,0x0028,0x0028,0x0800,0x0800,0x0800,0x0FFC,0x0000},  /* U+C9FC */
  {0x0028,0x7F28,0x1128,0x1128,0x3A38,0x6FA8,0x44A8,0x0828,0x0000,0x0FF8,0x0008,0x0FF8,0x0800,0x0800,0x0FFC,0x0000},  /* U+CA00 */
  {0x0000,0x0014,0x3F94,0x0894,0x0894,0x191C,0x3794,0x2254,0x0414,0x0004,0x07FC,0x0404,0x0404,0x0404,0x07FC,0x0000},  /* U+CA08 */
  {0x0000,0x0014,0x3F94,0x0894,0x0894,0x1D1C,0x3794,0x2254,0x0414,0x0404,0x0404,0x07FC,0x0404,0x0404,0x07FC,0x0000},  /* U+CA09 */
  {0x0000,0x0028,0x7728,0x1128,0x1128,0x3238,0x2B28,0x44A8,0x0828,0x1028,0x0080,0x0180,0x0340,0x0630,0x181C,0x0000},  /* U+CA0B */
  {0x0000,0x0028,0x7728,0x1128,0x1228,0x3238,0x4F28,0x8DA8,0x0828,0x1418,0x0410,0x0410,0x0E28,0x1B6C,0x3186,0x0000},  /* U+CA0C */
  {0x0014,0x3F94,0x0894,0x0894,0x191C,0x3794,0x2254,0x0414,0x0004,0x01F0,0x0608,0x0404,0x0404,0x0608,0x01F0,0x0000},  /* U+CA0D */
  {0x0000,0x0010,0x7B90,0x0890,0x0890,0x109C,0x1110,0x1910,0x2690,0x425C,0x4450,0x0810,0x0010,0x0010,0x0010,0x0000},  /* U+CA14 */
  {0x0000,0x0008,0x3FC8,0x0848,0x088E,0x0888,0x1588,0x234E,0x4228,0x0608,0x0008,0x0800,0x0800,0x0800,0x0FFC,0x0000},  /* U+CA18 */
  {0x0010,0x0010,0x7F90,0x189C,0x1110,0x3910,0x2F9C,0x4650,0x0410,0x0800,0x07C0,0x0830,0x1010,0x1010,0x0830,0x07C0},  /* U+CA29 */
  {0x0004,0x3DC4,0x0444,0x0444,0x0844,0x08BC,0x0C84,0x1344,0x2124,0x2224,0x0604,0x0404,0x0004,0x0004,0x0004,0x0000},  /* U+CA4C */
  {0x0000,0x0004,0x3DC4,0x0444,0x045C,0x0CC4,0x12C4,0x2134,0x0204,0x0000,0x07FC,0x0004,0x0004,0x0004,0x0004,0x0000},  /* U+CA4D */
  {0x0008,0x0008,0x3B88,0x0888,0x08B8,0x1888,0x1D88,0x2748,0x4228,0x0408,0x0008,0x0800,0x0800,0x0800,0x0FFC,0x0000},  /* U+CA50 */
  {0x1DC4,0x0444,0x0444,0x0CDC,0x13E4,0x3134,0x0204,0x0004,0x07FC,0x0004,0x0004,0x07FC,0x0400,0x0400,0x07FC,0x0000},  /* U+CA54 */
  {0x0000,0x0004,0x1DC4,0x0444,0x045C,0x0CC4,0x1AE4,0x3134,0x0304,0x0200,0x07FC,0x0404,0x0404,0x0404,0x07FC,0x0000},  /* U+CA5C */
  {0x0000,0x1DC4,0x0444,0x0444,0x0C5C,0x1AE4,0x3134,0x0304,0x0204,0x0404,0x0404,0x07FC,0x0404,0x0404,0x07FC,0x0000},  /* U+CA5D */
  {0x0008,0x0008,0x7B88,0x0888,0x08B8,0x1908,0x2D88,0x6248,0x4608,0x0C08,0x0080,0x0180,0x0340,0x0630,0x181C,0x0000},  /* U+CA5F */
  {0x0000,0x0008,0x7B88,0x0888,0x18B8,0x1908,0x2588,0x4268,0x0408,0x0410,0x0410,0x0410,0x0E28,0x1B2C,0x31C6,0x0000},  /* U+CA60 */
  {0x0004,0x1DC4,0x0444,0x045C,0x0CC4,0x1AC4,0x3134,0x0304,0x0204,0x01F0,0x0608,0x0404,0x0404,0x0608,0x01F0,0x0000},  /* U+CA61 */
  {0x0014,0x1F94,0x0494,0x0494,0x0894,0x0CF4,0x1D94,0x1394,0x2254,0x0614,0x0414,0x0014,0x0014,0x0014,0x0004,0x0000},  /* U+CA68 */
  {0x0014,0x3F94,0x0894,0x08F4,0x1914,0x1794,0x2254,0x0414,0x0004,0x01F0,0x0608,0x0404,0x0404,0x0608,0x01F0,0x0000},  /* U+CA7D */
  {0x0000,0x0004,0x3DC4,0x0444,0x045C,0x0844,0x0884,0x1CDC,0x1344,0x2124,0x0204,0x0404,0x0004,0x0004,0x0004,0x0000},  /* U+CA84 */
  {0x0000,0x0008,0x7B88,0x08B8,0x1888,0x39B8,0x6548,0x4608,0x0C08,0x0410,0x0410,0x0410,0x0E28,0x1B2C,0x31C6,0x0000},  /* U+CA98 */
  {0x0000,0x0000,0x3EF0,0x0610,0x0420,0x0A60,0x3158,0x2184,0x0000,0x0100,0x0100,0x0100,0x7FFE,0x0000,0x0000,0x0000},  /* U+CABC */
  {0x1FF8,0x0318,0x0610,0x0978,0x30C4,0x0080,0x0080,0x7FFE,0x0000,0x0000,0x1FF8,0x0008,0x0008,0x0008,0x0008,0x0000},  /* U+CABD */
  {0x0000,0x1FF8,0x0310,0x0610,0x0DF8,0x3084,0x0000,0x0080,0x0080,0x7FFE,0x0800,0x0800,0x0800,0x0800,0x0FFC,0x0000},  /* U+CAC0 */
  {0x0000,0x1FF8,0x0318,0x0730,0x19EC,0x2080,0x0080,0x7FFE,0x0000,0x0000,0x0FF8,0x0008,0x0FF8,0x0800,0x0FFC,0x0000},  /* U+CAC4 */
  {0x0000,0x1FF8,0x0318,0x0610,0x0DF8,0x30C6,0x0080,0x0080,0x7FFE,0x0000,0x0000,0x0FF8,0x0808,0x0808,0x0FF8,0x0000},  /* U+CACC */
  {0x0000,0x1FF8,0x0318,0x0610,0x19EC,0x2080,0x0000,0x0080,0x7FFE,0x0000,0x0808,0x0808,0x0FF8,0x0808,0x0FF8,0x0000},  /* U+CACD */
  {0x1FF8,0x0318,0x0610,0x0DF8,0x30C6,0x0080,0x0080,0x7FFE,0x0000,0x0080,0x0080,0x0140,0x0220,0x1C1C,0x1000,0x0000},  /* U+CACF */
  {0x1FF8,0x0318,0x0610,0x0DF8,0x30C6,0x0080,0x0080,0x7FFE,0x0000,0x03E0,0x0C18,0x0808,0x0808,0x0C18,0x03E0,0x0000},  /* U+CAD1 */
  {0x1FF8,0x0318,0x0730,0x19EC,0x2080,0x0080,0x7FFE,0x0000,0x03E0,0x0000,0x0FF8,0x0030,0x01C0,0x0E3C,0x1000,0x0000},  /* U+CAD3 */
  {0x0000,0x0010,0x7B90,0x0890,0x1090,0x3D90,0x6670,0x041C,0x0010,0x0010,0x0410,0x0410,0x7FD0,0x0010,0x0010,0x0000},  /* U+CAD8 */
  {0x0010,0x0010,0x7B90,0x0890,0x39D0,0x461C,0x0010,0x0410,0x7FF0,0x0000,0x0000,0x1FF0,0x0010,0x0010,0x0010,0x0010},  /* U+CAD9 */
  {0x7B90,0x0890,0x1990,0x2650,0x441C,0x0410,0x0410,0x7FF0,0x0000,0x1FF0,0x0010,0x1FF0,0x1000,0x1000,0x1FF8,0x0000},  /* U+CAE0 */
  {0x0010,0x0010,0x7B90,0x0890,0x39D0,0x461C,0x0410,0x0410,0x7FF0,0x0000,0x0420,0x0420,0x0C30,0x1A50,0x318C,0x0000},  /* U+CAEC */
  {0x0014,0x3F94,0x0894,0x0994,0x1D14,0x26D4,0x041C,0x0014,0x0414,0x0414,0x7F94,0x0014,0x0014,0x0014,0x0004,0x0000},  /* U+CAF4 */
  {0x0000,0x0028,0x7728,0x1128,0x73A8,0x0C38,0x0828,0x0828,0xFFA8,0x0008,0x0410,0x0410,0x0E18,0x1B28,0x31C6,0x0000},  /* U+CB08 */
  {0x0004,0x3FC4,0x0444,0x08C4,0x1CC4,0x3324,0x0204,0x0004,0x0004,0x0204,0x0204,0x7FE4,0x0004,0x0004,0x0004,0x0000},  /* U+CB10 */
  {0x0000,0x0004,0x1EE4,0x0224,0x0644,0x0BA4,0x3114,0x0104,0x0104,0x3FF4,0x0004,0x0804,0x0800,0x0800,0x0FFC,0x0000},  /* U+CB14 */
  {0x3DC4,0x0444,0x0CC4,0x3324,0x0204,0x0004,0x0204,0x7FE4,0x0000,0x0FFC,0x0004,0x0FFC,0x0800,0x0800,0x0FFC,0x0000},  /* U+CB18 */
  {0x0000,0x0004,0x3DC4,0x0444,0x0C84,0x1364,0x2204,0x0204,0x7FE4,0x0004,0x0000,0x0FFC,0x0804,0x0804,0x0FFC,0x0000},  /* U+CB20 */
  {0x0000,0x3DC4,0x0444,0x0C84,0x1364,0x2204,0x0004,0x0204,0x7FE4,0x0000,0x0804,0x0804,0x0FFC,0x0804,0x0FFC,0x0000},  /* U+CB21 */
  {0x3EF0,0x0610,0x0C20,0x1B50,0x618C,0x0820,0x0820,0xFFFE,0x0000,0x07C0,0x1830,0x1010,0x1010,0x1830,0x07C0,0x0000},  /* U+CB41 */
  {0x0000,0x3EF0,0x0610,0x0420,0x0A70,0x31D8,0x2184,0x0000,0x0000,0x7FFE,0x0100,0x0100,0x0100,0x0100,0x0100,0x0000},  /* U+CB48 */
  {0x3EF0,0x0610,0x0C20,0x1B50,0x618C,0x0000,0x0000,0x7FFE,0x0100,0x0100,0x3FF0,0x0010,0x0010,0x0010,0x0010,0x0000},  /* U+CB49 */
  {0x0000,0x0FF8,0x0118,0x0210,0x0D38,0x10C6,0x0000,0x0000,0x7FFE,0x0080,0x0880,0x0880,0x0800,0x0800,0x0FFC,0x0000},  /* U+CB4C */
  {0x0000,0x3EF0,0x0610,0x0E20,0x31D8,0x0100,0x0000,0x7FFE,0x0100,0x0100,0x1FF0,0x0010,0x1FF0,0x1000,0x1FF8,0x0000},  /* U+CB50 */
  {0x0000,0x3EF0,0x0610,0x0C20,0x1B50,0x618C,0x0000,0x0000,0x7FFE,0x0100,0x0100,0x1FF0,0x1010,0x1010,0x1FF0,0x0000},  /* U+CB58 */
  {0x0000,0x3EF0,0x0610,0x0C20,0x1B50,0x618C,0x0000,0x7FFE,0x0100,0x0100,0x1010,0x1010,0x1FF0,0x1010,0x1FF0,0x0000},  /* U+CB59 */
  {0x1FF8,0x0210,0x0630,0x0978,0x3084,0x0000,0x0000,0x7FFE,0x0080,0x0080,0x07E0,0x1810,0x1808,0x1810,0x07E0,0x0000},  /* U+CB5D */
  {0x0004,0x1FE4,0x0444,0x0C44,0x1AC4,0x3134,0x0204,0x0034,0x3FC4,0x0204,0x023C,0x0204,0x0204,0x0204,0x0004,0x0000},  /* U+CB64 */
  {0x3F88,0x0888,0x1988,0x3748,0x4608,0x0008,0x7FE8,0x0408,0x0478,0x0428,0x0420,0x0430,0x0E78,0x398C,0x3000,0x0000},  /* U+CB78 */
  {0x1FC4,0x0444,0x0CC4,0x1BA4,0x2304,0x0004,0x3FF4,0x0204,0x023C,0x0004,0x03F0,0x0C0C,0x0804,0x0C0C,0x03F0,0x0000},  /* U+CB79 */
  {0x0004,0x3DC4,0x0444,0x0CC4,0x1EC4,0x3134,0x0204,0x0034,0x3FC4,0x0204,0x0204,0x0204,0x0204,0x0204,0x0004,0x0000},  /* U+CB9C */
  {0x0000,0x1FF0,0x0210,0x0610,0x0F30,0x18CC,0x2080,0x0100,0x0000,0x7FFE,0x0420,0x0420,0x0420,0x0420,0x0420,0x0000},  /* U+CBB8 */
  {0x0000,0x0000,0x3FF0,0x0610,0x0420,0x0C60,0x1B70,0x318C,0x0100,0x0200,0x0000,0x0000,0xFFFE,0x0000,0x0000,0x0000},  /* U+CBD4 */
  {0x0000,0x3EF0,0x0610,0x0C20,0x1B50,0x618C,0x0000,0x0000,0xFFFE,0x0000,0x1FF0,0x1010,0x1010,0x1010,0x1FF0,0x0000},  /* U+CBE4 */
  {0x3EF0,0x0610,0x0C20,0x1A50,0x618C,0x0000,0x0000,0xFFFE,0x0000,0x0100,0x0100,0x0280,0x0440,0x3838,0x2000,0x0000},  /* U+CBE7 */
  {0x1EF0,0x0210,0x0420,0x1B58,0x218C,0x0000,0x0000,0xFFFE,0x0000,0x07C0,0x0830,0x1010,0x1010,0x0830,0x07C0,0x0000},  /* U+CBE9 */
  {0x0004,0x3DC4,0x0444,0x0444,0x0844,0x0884,0x0C84,0x1344,0x2124,0x2224,0x0604,0x0404,0x0004,0x0004,0x0004,0x0000},  /* U+CC0C */
  {0x0000,0x0004,0x3DC4,0x0444,0x0444,0x0CC4,0x12C4,0x2134,0x0204,0x0000,0x07FC,0x0004,0x0004,0x0004,0x0004,0x0000},  /* U+CC0D */
  {0x0000,0x0004,0x3FC4,0x0C44,0x0844,0x0884,0x14C4,0x2364,0x4304,0x0604,0x0004,0x0804,0x0800,0x0800,0x0FFC,0x0000},  /* U+CC10 */
  {0x1DC4,0x0444,0x0444,0x0CC4,0x13E4,0x3134,0x0204,0x0004,0x07FC,0x0004,0x0004,0x07FC,0x0400,0x0400,0x07FC,0x0000},  /* U+CC14 */
  {0x0000,0x0004,0x1DC4,0x0444,0x0444,0x0CC4,0x1AE4,0x3134,0x0304,0x0200,0x07FC,0x0404,0x0404,0x0404,0x07FC,0x0000},  /* U+CC1C */
  {0x0000,0x1DC4,0x0444,0x0444,0x0C44,0x1AE4,0x3134,0x0304,0x0204,0x0404,0x0404,0x07FC,0x0404,0x0404,0x07FC,0x0000},  /* U+CC1D */
  {0x0004,0x1DC4,0x0444,0x0444,0x0CC4,0x1AC4,0x3134,0x0304,0x0204,0x01F0,0x0608,0x0404,0x0404,0x0608,0x01F0,0x0000},  /* U+CC21 */
  {0x0000,0x0008,0x7B88,0x0888,0x0888,0x1988,0x2588,0x4268,0x0408,0x0000,0x0FF8,0x0010,0x0060,0x01E0,0x0E1C,0x0000},  /* U+CC22 */
  {0x1DC4,0x0444,0x0444,0x0C44,0x13E4,0x3114,0x0204,0x0004,0x01F0,0x0000,0x0FFC,0x01F0,0x0208,0x0208,0x01F0,0x0000},  /* U+CC27 */
  {0x0010,0x1E10,0x0010,0x3F10,0x0110,0x0310,0x021C,0x0610,0x0B10,0x3090,0x4010,0x0010,0x0010,0x0010,0x0010,0x0000},  /* U+CC28 */
  {0x1E10,0x0010,0x3F10,0x0110,0x021C,0x0610,0x0B10,0x30D0,0x4010,0x0000,0x1FF0,0x0010,0x0010,0x0010,0x0010,0x0000},  /* U+CC29 */
  {0x0000,0x1E10,0x0010,0x3F10,0x0110,0x0210,0x061C,0x0E10,0x3190,0x6010,0x0010,0x1010,0x1000,0x1000,0x1FF0,0x0000},  /* U+CC2C */
  {0x1E10,0x0010,0x3F10,0x0110,0x021C,0x0610,0x1910,0x7090,0x00F0,0x1000,0x11FC,0x1070,0x1088,0x1F88,0x0070,0x0000},  /* U+CC2E */
  {0x1E10,0x0010,0x3F10,0x0110,0x021C,0x0610,0x1990,0x6090,0x0000,0x1FF0,0x0010,0x1FF0,0x1000,0x1000,0x1FF0,0x0000},  /* U+CC30 */
  {0x0010,0x1E10,0x0010,0x3F10,0x0110,0x021C,0x0610,0x0B10,0x30D0,0x4010,0x0000,0x1FF0,0x1010,0x1010,0x1FF0,0x0000},  /* U+CC38 */
  {0x0000,0x1E10,0x0010,0x3F10,0x0110,0x021C,0x0610,0x0B10,0x30D0,0x4000,0x1010,0x1010,0x1FF0,0x1010,0x1FF0,0x0000},  /* U+CC39 */
  {0x0000,0x1E10,0x0010,0x3F10,0x0110,0x0210,0x061C,0x0F10,0x31D0,0x4010,0x0190,0x0180,0x0380,0x0660,0x381C,0x0000},  /* U+CC3B */
  {0x0010,0x1E10,0x0010,0x3F10,0x0110,0x021C,0x0610,0x0B10,0x30D0,0x4000,0x0420,0x0420,0x0C50,0x1A50,0x318C,0x0000},  /* U+CC3C */
  {0x0010,0x1E10,0x0010,0x3F10,0x0110,0x021C,0x0610,0x0B10,0x30D0,0x4010,0x07C0,0x0820,0x1010,0x1010,0x0820,0x07C0},  /* U+CC3D */
  {0x1E10,0x0010,0x3F10,0x0110,0x021C,0x0610,0x0B10,0x30D0,0x4010,0x0000,0x0FF0,0x0020,0x01C0,0x0E3C,0x1000,0x0000},  /* U+CC3E */
  {0x0024,0x0E24,0x0024,0x1F24,0x0124,0x0324,0x023C,0x0624,0x0924,0x11A4,0x2024,0x0024,0x0024,0x0024,0x0004,0x0000},  /* U+CC44 */
  {0x0F24,0x0024,0x1F24,0x0124,0x033C,0x0624,0x0DA4,0x30A4,0x0024,0x0000,0x0FFC,0x0004,0x0004,0x0004,0x0004,0x0000},  /* U+CC45 */
  {0x0000,0x1E08,0x0048,0x3E48,0x0248,0x0648,0x0C78,0x1A48,0x3148,0x4048,0x0048,0x0848,0x0800,0x0800,0x0FFC,0x0000},  /* U+CC48 */
  {0x1E48,0x0048,0x3E48,0x0248,0x0678,0x0E48,0x3348,0x4048,0x0000,0x0FF8,0x0008,0x0FF8,0x0800,0x0800,0x0FFC,0x0000},  /* U+CC4C */
  {0x0000,0x0F24,0x0024,0x1F24,0x0124,0x033C,0x0624,0x0DA4,0x30A4,0x0024,0x0000,0x07FC,0x0404,0x0404,0x07FC,0x0000},  /* U+CC54 */
  {0x0000,0x0F24,0x0024,0x1F24,0x0124,0x033C,0x0624,0x09A4,0x30A4,0x0000,0x0404,0x0404,0x07FC,0x0404,0x07FC,0x0000},  /* U+CC55 */
  {0x0000,0x1E48,0x0048,0x3E48,0x0248,0x0678,0x0C48,0x1A48,0x3148,0x4048,0x0088,0x0180,0x01C0,0x0660,0x181C,0x0000},  /* U+CC57 */
  {0x0000,0x3C48,0x0048,0x3E48,0x0248,0x0678,0x0C48,0x1B48,0x6148,0x0008,0x0410,0x0410,0x0E18,0x1B28,0x31C6,0x0000},  /* U+CC58 */
  {0x0F24,0x0024,0x1F24,0x0124,0x033C,0x0624,0x0DA4,0x30A4,0x0024,0x01F0,0x0608,0x0404,0x0404,0x0208,0x01F0,0x0000},  /* U+CC59 */
  {0x0000,0x0010,0x1E10,0x0010,0x3F10,0x011C,0x0310,0x0210,0x0610,0x0B1C,0x3090,0x4010,0x0010,0x0010,0x0010,0x0000},  /* U+CC60 */
  {0x0000,0x1E10,0x0010,0x3F10,0x011C,0x0210,0x0610,0x0E1C,0x3190,0x6010,0x0010,0x1000,0x1000,0x1000,0x1FF8,0x0000},  /* U+CC64 */
  {0x1E10,0x0010,0x3F1C,0x0110,0x0210,0x061C,0x1910,0x7090,0x00F0,0x1000,0x11FC,0x1070,0x1088,0x1F88,0x0070,0x0000},  /* U+CC66 */
  {0x1E10,0x0010,0x3F1C,0x0110,0x0210,0x061C,0x1990,0x6090,0x0000,0x1FF0,0x0010,0x1FF0,0x1000,0x1000,0x1FF0,0x0000},  /* U+CC68 */
  {0x0000,0x1E10,0x0010,0x3F10,0x011C,0x0210,0x0610,0x0B1C,0x30D0,0x4010,0x0000,0x1FF0,0x1010,0x1010,0x1FF0,0x0000},  /* U+CC70 */
  {0x1E10,0x0010,0x3F10,0x011C,0x0210,0x0610,0x0B1C,0x30D0,0x4010,0x07D0,0x0820,0x1010,0x1010,0x0820,0x07C0,0x0000},  /* U+CC75 */
  {0x0004,0x0004,0x0F04,0x0004,0x1F84,0x0084,0x0184,0x013C,0x0304,0x0584,0x18C4,0x3024,0x0004,0x0004,0x0004,0x0000},  /* U+CC98 */
  {0x1E08,0x0008,0x3F88,0x0108,0x0308,0x0678,0x0F08,0x30C8,0x0008,0x0000,0x0FF8,0x0008,0x0008,0x0008,0x0008,0x0000},  /* U+CC99 */
  {0x0000,0x1E08,0x0008,0x3F88,0x0108,0x0308,0x0678,0x0E08,0x1988,0x6008,0x0008,0x0808,0x0800,0x0800,0x0FFC,0x0000},  /* U+CC9C */
  {0x0F04,0x0004,0x1FC4,0x0084,0x01BC,0x0304,0x0CC4,0x3864,0x0000,0x07FC,0x0004,0x07FC,0x0400,0x0400,0x07FC,0x0000},  /* U+CCA0 */
  {0x0000,0x1E08,0x0008,0x3F88,0x0108,0x0308,0x0678,0x0F08,0x30C8,0x0008,0x0000,0x0FF8,0x0808,0x0808,0x0FF8,0x0000},  /* U+CCA8 */
  {0x0008,0x1E08,0x0008,0x3F88,0x0108,0x0378,0x0608,0x0F08,0x30C8,0x0000,0x0808,0x0808,0x0FF8,0x0808,0x0FF8,0x0000},  /* U+CCA9 */
  {0x0000,0x0F04,0x0004,0x1F84,0x0084,0x0104,0x033C,0x0704,0x18C4,0x2004,0x0084,0x0080,0x0140,0x0620,0x1C1C,0x0000},  /* U+CCAB */
  {0x0000,0x3C10,0x0010,0x7F10,0x0210,0x0610,0x0CF0,0x1E10,0x6190,0x0010,0x0820,0x0820,0x1C70,0x36D0,0x630C,0x0000},  /* U+CCAC */
  {0x1E08,0x0008,0x3F88,0x0108,0x0308,0x0678,0x0F08,0x30C8,0x0008,0x03E8,0x0410,0x0808,0x0808,0x0410,0x03E0,0x0000},  /* U+CCAD */
  {0x0014,0x0E14,0x0014,0x1F14,0x0114,0x0314,0x0274,0x0614,0x0914,0x1194,0x2014,0x0014,0x0014,0x0014,0x0004,0x0000},  /* U+CCB4 */
  {0x1E14,0x0014,0x1F14,0x0114,0x0214,0x0674,0x0B14,0x3094,0x0014,0x0000,0x0FFC,0x0004,0x0004,0x0004,0x0004,0x0000},  /* U+CCB5 */
  {0x0000,0x3C28,0x0028,0x7E28,0x0228,0x0428,0x09E8,0x1428,0x6328,0x4028,0x0028,0x0808,0x0800,0x0800,0x0FFC,0x0000},  /* U+CCB8 */
  {0x1E14,0x0014,0x1F14,0x0114,0x0274,0x0614,0x1994,0x2084,0x0000,0x0FFC,0x0004,0x0FFC,0x0800,0x0800,0x0FFC,0x0000},  /* U+CCBC */
  {0x0000,0x1E14,0x0014,0x1F14,0x0114,0x0274,0x0614,0x0B14,0x3094,0x0004,0x0000,0x0FFC,0x0804,0x0804,0x0FFC,0x0000},  /* U+CCC4 */
  {0x0000,0x1E14,0x0014,0x1F14,0x0114,0x0274,0x0614,0x1914,0x3094,0x0000,0x0804,0x0804,0x0FFC,0x0804,0x0FFC,0x0000},  /* U+CCC5 */
  {0x0000,0x1E14,0x0014,0x1F14,0x0114,0x0214,0x0674,0x0F14,0x1094,0x2014,0x0084,0x0080,0x0140,0x0230,0x1C1C,0x0000},  /* U+CCC7 */
  {0x1E14,0x0014,0x1F14,0x0114,0x0274,0x0614,0x0B14,0x3094,0x0004,0x03F0,0x0408,0x0804,0x0804,0x0408,0x03F0,0x0000},  /* U+CCC9 */
  {0x0004,0x0004,0x0F04,0x0004,0x1F84,0x00BC,0x0104,0x0304,0x0704,0x0CBC,0x1844,0x2004,0x0004,0x0004,0x0004,0x0004},  /* U+CCD0 */
  {0x0008,0x1E08,0x0008,0x3F88,0x0178,0x0308,0x0608,0x0E78,0x1988,0x6008,0x0008,0x0800,0x0800,0x0800,0x0FFC,0x0000},  /* U+CCD4 */
  {0x0000,0x3C10,0x0010,0x7F10,0x02F0,0x0610,0x0C10,0x1EF0,0x6190,0x0010,0x0820,0x0820,0x1C70,0x36D0,0x630C,0x0000},  /* U+CCE4 */
  {0x0014,0x0E14,0x0014,0x1F14,0x0174,0x0314,0x0214,0x0674,0x0B14,0x1194,0x2014,0x0014,0x0014,0x0014,0x0004,0x0000},  /* U+CCEC */
  {0x0000,0x3C28,0x0028,0x7E28,0x02E8,0x0428,0x0828,0x14E8,0x6328,0x4028,0x0028,0x0808,0x0800,0x0800,0x0FFC,0x0000},  /* U+CCF0 */
  {0x1E14,0x0014,0x1F14,0x0174,0x0214,0x0614,0x0B74,0x3094,0x0014,0x03F0,0x0408,0x0804,0x0804,0x0408,0x03F0,0x0000},  /* U+CD01 */
  {0x0000,0x0000,0x07C0,0x0000,0x1FF0,0x0020,0x00C0,0x0380,0x0E70,0x3008,0x0100,0x0100,0x0100,0x7FFE,0x0000,0x0000},  /* U+CD08 */
  {0x07C0,0x0000,0x1FF0,0x0060,0x0180,0x0EF0,0x3108,0x0100,0x7FFE,0x0000,0x3FF0,0x0010,0x0010,0x0010,0x0010,0x0000},  /* U+CD09 */
  {0x0000,0x07C0,0x0000,0x1FF0,0x0060,0x01C0,0x0FE0,0x3118,0x0100,0x7FFE,0x0000,0x1000,0x1000,0x1000,0x1FF8,0x0000},  /* U+CD0C */
  {0x0000,0x07C0,0x0000,0x1FF0,0x0080,0x3FF8,0x0100,0x0100,0x7FFE,0x0000,0x1FF0,0x0010,0x1FF0,0x1000,0x1FF8,0x0000},  /* U+CD10 */
  {0x0000,0x07C0,0x0000,0x1FF0,0x0060,0x0180,0x0EF0,0x3108,0x0100,0x7FFE,0x0000,0x1FF0,0x1010,0x1010,0x1FF0,0x0000},  /* U+CD18 */
  {0x0000,0x07C0,0x0000,0x1FF0,0x0060,0x0180,0x1FF8,0x2100,0x7FFE,0x0000,0x1010,0x1010,0x1FF0,0x1010,0x1FF0,0x0000},  /* U+CD19 */
  {0x07C0,0x0000,0x1FF0,0x0060,0x0180,0x0EF0,0x3108,0x0100,0x7FFE,0x0000,0x0100,0x0280,0x06C0,0x3838,0x2000,0x0000},  /* U+CD1B */
  {0x07C0,0x0000,0x1FF0,0x0060,0x0180,0x1EF0,0x3108,0x0100,0x7FFE,0x0000,0x07C0,0x1830,0x1010,0x1830,0x07C0,0x0000},  /* U+CD1D */
  {0x0F08,0x0008,0x0008,0x1FC8,0x0088,0x0188,0x0308,0x0CCE,0x3008,0x0208,0x0208,0x7FE8,0x0008,0x0008,0x0008,0x0000},  /* U+CD24 */
  {0x0000,0x1E10,0x0010,0x3F90,0x0310,0x0E10,0x71DC,0x0410,0x0410,0x7FD0,0x0010,0x1010,0x1000,0x1000,0x1FF8,0x0000},  /* U+CD28 */
  {0x1E10,0x0010,0x3F90,0x0110,0x0710,0x79DC,0x0410,0x7FD0,0x0010,0x1FF0,0x0010,0x1FF0,0x1000,0x1000,0x1FF8,0x0000},  /* U+CD2C */
  {0x1E10,0x0010,0x3F90,0x0110,0x0610,0x79DC,0x0410,0x0410,0x7FD0,0x0000,0x0FE0,0x1030,0x1010,0x1830,0x07E0,0x0000},  /* U+CD39 */
  {0x0F84,0x0004,0x0004,0x1FC4,0x00C4,0x0184,0x0304,0x0CC4,0x1024,0x0204,0x0214,0x7FE4,0x0004,0x0004,0x0004,0x0000},  /* U+CD5C */
  {0x0000,0x0784,0x0004,0x0FC4,0x00C4,0x0384,0x1C64,0x0204,0x0204,0x7FE4,0x0004,0x0404,0x0400,0x0400,0x07FE,0x0000},  /* U+CD60 */
  {0x0784,0x0004,0x1FC4,0x0084,0x0384,0x3EE4,0x0204,0x7FE4,0x0004,0x0FFC,0x0004,0x0FFC,0x0800,0x0800,0x0FFC,0x0000},  /* U+CD64 */
  {0x0000,0x0784,0x0004,0x1FC4,0x0084,0x0304,0x3CE4,0x0204,0x0204,0x7FF4,0x0000,0x0FFC,0x0804,0x0804,0x0FFC,0x0000},  /* U+CD6C */
  {0x0000,0x0784,0x0004,0x1FC4,0x0084,0x0384,0x3CE4,0x0204,0x7FF4,0x0000,0x0804,0x0804,0x0FFC,0x0804,0x0FFC,0x0000},  /* U+CD6D */
  {0x0000,0x0784,0x0004,0x1FC4,0x0084,0x0704,0x38E4,0x0204,0x0204,0x7FE4,0x0004,0x0080,0x01C0,0x0330,0x1C0E,0x0000},  /* U+CD6F */
  {0x0784,0x0004,0x1FC4,0x0084,0x0304,0x3CE4,0x0204,0x0204,0x7FF4,0x0000,0x03F0,0x0C0C,0x0804,0x0C0C,0x03F0,0x0000},  /* U+CD71 */
  {0x0000,0x0000,0x07C0,0x0000,0x1FE0,0x0020,0x00C0,0x0380,0x1CF0,0x3008,0x0440,0x0440,0x0440,0x7FFC,0x0000,0x0000},  /* U+CD78 */
  {0x0000,0x07C0,0x0000,0x1FF0,0x0060,0x0180,0x0EF0,0x3448,0x0440,0x7FFC,0x0000,0x1FF0,0x1010,0x1010,0x1FF0,0x0000},  /* U+CD88 */
  {0x07C0,0x0000,0x1FF0,0x0020,0x00C0,0x03C0,0x3C38,0x0000,0x0000,0x7FFE,0x0100,0x0100,0x0100,0x0100,0x0100,0x0000},  /* U+CD94 */
  {0x07C0,0x0000,0x1FF0,0x0060,0x0180,0x1EF8,0x2000,0x7FFE,0x0100,0x0100,0x3FF0,0x0010,0x0010,0x0010,0x0010,0x0000},  /* U+CD95 */
  {0x0000,0x03E0,0x0000,0x0FF8,0x0018,0x00E0,0x07F8,0x0804,0x0000,0x7FFE,0x0080,0x0880,0x0880,0x0800,0x0FFC,0x0000},  /* U+CD98 */
  {0x0000,0x07C0,0x0000,0x1FF0,0x0040,0x03C0,0x3C78,0x0000,0x7FFE,0x0100,0x1FF0,0x0010,0x1FF0,0x1000,0x1FF8,0x0000},  /* U+CD9C */
  {0x0000,0x07C0,0x0000,0x1FF0,0x0060,0x0180,0x1EF8,0x2000,0x7FFE,0x0100,0x0100,0x1FF0,0x1010,0x1010,0x1FF0,0x0000},  /* U+CDA4 */
  {0x0000,0x07C0,0x0000,0x1FF0,0x0060,0x0380,0x3C78,0x0000,0x7FFE,0x0100,0x1110,0x1010,0x1FF0,0x1010,0x1FF0,0x0000},  /* U+CDA5 */
  {0x0000,0x07C0,0x0000,0x1FF0,0x0060,0x0180,0x1EF8,0x2000,0x7FFE,0x0100,0x0100,0x0100,0x0280,0x0C60,0x3018,0x0000},  /* U+CDA7 */
  {0x03E0,0x0000,0x0FF0,0x0020,0x00C0,0x0778,0x0800,0x7FFE,0x0080,0x0080,0x07E0,0x1810,0x1808,0x1810,0x07E0,0x0000},  /* U+CDA9 */
  {0x0F84,0x0004,0x1FC4,0x00C4,0x0104,0x0784,0x38E4,0x0004,0x0034,0x3FC4,0x0204,0x023C,0x0204,0x0204,0x0004,0x0000},  /* U+CDB0 */
  {0x0F08,0x0008,0x3F88,0x0108,0x0708,0x39C8,0x0008,0x7FE8,0x0478,0x0408,0x0410,0x0410,0x0E38,0x39C6,0x2000,0x0000},  /* U+CDC4 */
  {0x0014,0x0E14,0x3F14,0x0114,0x0614,0x0F14,0x3094,0x0014,0x7F94,0x0414,0x04F4,0x0414,0x0414,0x0014,0x0004,0x0000},  /* U+CDCC */
  {0x0000,0x0E14,0x0014,0x3F14,0x0314,0x0614,0x3B94,0x0014,0x7F94,0x0414,0x0474,0x0814,0x0800,0x0800,0x0FFC,0x0000},  /* U+CDD0 */
  {0x0F84,0x0004,0x1FC4,0x0084,0x0104,0x0704,0x38E4,0x0004,0x0034,0x7FC4,0x0204,0x0204,0x0204,0x0204,0x0004,0x0000},  /* U+CDE8 */
  {0x0000,0x0784,0x0004,0x1FC4,0x0084,0x0304,0x1CE4,0x0004,0x0004,0x7FE4,0x0204,0x0204,0x0800,0x0800,0x0FFC,0x0000},  /* U+CDEC */
  {0x0784,0x0004,0x1FC4,0x0084,0x0384,0x1CC4,0x0004,0x3FF4,0x0204,0x0FFC,0x0004,0x0FFC,0x0800,0x0800,0x0FFC,0x0000},  /* U+CDF0 */
  {0x0000,0x0784,0x0004,0x1FC4,0x0084,0x0384,0x1CC4,0x0004,0x3FF4,0x0204,0x0200,0x0FFC,0x0804,0x0804,0x0FFC,0x0000},  /* U+CDF8 */
  {0x0000,0x0784,0x0004,0x1FC4,0x0084,0x0384,0x1CC4,0x0004,0x3FE4,0x0204,0x0200,0x0804,0x0FFC,0x0804,0x0FFC,0x0000},  /* U+CDF9 */
  {0x0000,0x0F08,0x0008,0x3F88,0x0188,0x0608,0x39C8,0x0008,0x7FE8,0x0408,0x0408,0x0080,0x0140,0x0320,0x1C1C,0x0000},  /* U+CDFB */
  {0x0784,0x0004,0x1FC4,0x0084,0x0384,0x1CE4,0x0004,0x3FF4,0x0204,0x0204,0x03F0,0x0C0C,0x0804,0x0C0C,0x03F0,0x0000},  /* U+CDFD */
  {0x03E0,0x0000,0x1FF0,0x0030,0x0060,0x03C0,0x1E3C,0x2000,0x0000,0x7FFE,0x0420,0x0420,0x0420,0x0420,0x0420,0x0000},  /* U+CE04 */
  {0x0000,0x03E0,0x0000,0x0FF0,0x0030,0x00C0,0x0FF8,0x1004,0x0000,0x7FFE,0x0220,0x0A20,0x0A20,0x0800,0x0FFC,0x0000},  /* U+CE08 */
  {0x0000,0x07C0,0x0000,0x1FF0,0x0040,0x03C0,0x3C78,0x0000,0x7FFC,0x0440,0x1FF0,0x0010,0x1FF0,0x1000,0x1FF8,0x0000},  /* U+CE0C */
  {0x0000,0x07C0,0x0000,0x1FF0,0x0060,0x0180,0x1EF8,0x2000,0x7FFC,0x0440,0x0440,0x1FF0,0x1010,0x1010,0x1FF0,0x0000},  /* U+CE14 */
  {0x07C0,0x0000,0x1FF0,0x0060,0x0180,0x1EF8,0x2000,0xFFFE,0x0820,0x0820,0x0FE0,0x1830,0x1010,0x1830,0x07C0,0x0000},  /* U+CE19 */
  {0x0000,0x0000,0x07C0,0x0000,0x1FF0,0x0020,0x00C0,0x0180,0x0EE0,0x3018,0x0000,0x0000,0x0000,0xFFFE,0x0000,0x0000},  /* U+CE20 */
  {0x07C0,0x0000,0x1FF0,0x0060,0x0180,0x0EF0,0x3008,0xFFFE,0x0000,0x0000,0x3FF0,0x0010,0x0010,0x0010,0x0010,0x0000},  /* U+CE21 */
  {0x0000,0x07C0,0x0000,0x1FF0,0x0060,0x01C0,0x0FE0,0x3018,0x0000,0xFFFE,0x0000,0x1000,0x1000,0x1000,0x1FF8,0x0000},  /* U+CE24 */
  {0x0000,0x07C0,0x0000,0x1FF0,0x0040,0x03C0,0x3C78,0x0000,0xFFFE,0x0000,0x1FF0,0x0010,0x1FF0,0x1000,0x1FF8,0x0000},  /* U+CE28 */
  {0x0000,0x07C0,0x0000,0x1FF0,0x0060,0x0180,0x0EF0,0x3008,0xFFFE,0x0000,0x0000,0x1FF0,0x1010,0x1010,0x1FF0,0x0000},  /* U+CE30 */
  {0x0000,0x07C0,0x0000,0x1FF0,0x0060,0x0180,0x1EF8,0x2000,0xFFFE,0x0000,0x1010,0x1010,0x1FF0,0x1010,0x1FF0,0x0000},  /* U+CE31 */
  {0x07C0,0x0000,0x1FF0,0x0060,0x0180,0x0EF0,0x3008,0x0000,0xFFFE,0x0000,0x0100,0x0380,0x06C0,0x3838,0x2000,0x0000},  /* U+CE33 */
  {0x07C0,0x0000,0x1FF0,0x0060,0x0180,0x0EF0,0x1008,0xFFFE,0x0000,0x0000,0x07E0,0x1830,0x1010,0x1830,0x07E0,0x0000},  /* U+CE35 */
  {0x0004,0x0F04,0x0004,0x1F84,0x0084,0x0184,0x0104,0x0304,0x0484,0x1844,0x3024,0x0004,0x0004,0x0004,0x0004,0x0000},  /* U+CE58 */
  {0x1E08,0x0008,0x3F88,0x0108,0x0308,0x0608,0x0F08,0x30C8,0x0008,0x0000,0x0FF8,0x0008,0x0008,0x0008,0x0008,0x0000},  /* U+CE59 */
  {0x0000,0x0F04,0x0004,0x1FC4,0x0084,0x0184,0x0304,0x0784,0x0CC4,0x3024,0x0004,0x0404,0x0400,0x0400,0x07FC,0x0000},  /* U+CE5C */
  {0x0000,0x1E08,0x0008,0x3F88,0x0108,0x0308,0x0608,0x0F08,0x30C8,0x0008,0x0000,0x0FF8,0x0800,0x0800,0x0FF8,0x0000},  /* U+CE5F */
  {0x0F04,0x0004,0x1FC4,0x0084,0x0184,0x0304,0x0CC4,0x3824,0x0000,0x07FC,0x0004,0x07FC,0x0400,0x0400,0x07FC,0x0000},  /* U+CE60 */
  {0x0F04,0x0004,0x1FC4,0x0084,0x0184,0x0304,0x0CC4,0x3824,0x0000,0x0FFC,0x0084,0x0F84,0x0804,0x0804,0x0F84,0x0000},  /* U+CE61 */
  {0x0000,0x1E08,0x0008,0x3F88,0x0108,0x0308,0x0608,0x0F08,0x30C8,0x0008,0x0000,0x0FF8,0x0808,0x0808,0x0FF8,0x0000},  /* U+CE68 */
  {0x0000,0x1E08,0x0008,0x3F88,0x0108,0x0308,0x0608,0x0D08,0x30C8,0x0000,0x0808,0x0808,0x0FF8,0x0808,0x0FF8,0x0000},  /* U+CE69 */
  {0x0000,0x0F04,0x0004,0x1F84,0x0084,0x0104,0x0304,0x0784,0x18C4,0x2004,0x0084,0x0080,0x0140,0x0620,0x1C1C,0x0000},  /* U+CE6B */
  {0x1E08,0x0008,0x3F88,0x0108,0x0308,0x0608,0x0F08,0x30C8,0x0008,0x03E0,0x0410,0x0808,0x0808,0x0410,0x03E0,0x0000},  /* U+CE6D */
  {0x0010,0x3F10,0x0110,0x0110,0x0110,0x7E10,0x021C,0x0410,0x0C10,0x1810,0x6010,0x4010,0x0010,0x0010,0x0010,0x0000},  /* U+CE74 */
  {0x0000,0x0010,0x7F10,0x0110,0x0110,0x7E1C,0x0610,0x0C10,0x3010,0x6010,0x1FF0,0x0010,0x0010,0x0010,0x0010,0x0000},  /* U+CE75 */
  {0x0000,0x0010,0x7F10,0x0110,0x0110,0x7E10,0x061C,0x0C10,0x1810,0x6010,0x1010,0x1010,0x1000,0x1000,0x1FF8,0x0000},  /* U+CE78 */
  {0x7F10,0x0110,0x0110,0x7E1C,0x0610,0x0C10,0x3010,0x6000,0x1FF0,0x0010,0x0010,0x1FF0,0x1000,0x1000,0x1FF0,0x0000},  /* U+CE7C */
  {0x0000,0x7F10,0x0110,0x0110,0x7E10,0x061E,0x0C10,0x1810,0x6010,0x0000,0x1FF0,0x1010,0x1010,0x1010,0x1FF0,0x0000},  /* U+CE84 */
  {0x0010,0x7F10,0x0110,0x0110,0x7E1E,0x0610,0x0C10,0x3010,0x6000,0x1010,0x1010,0x1FF0,0x1010,0x1010,0x1FF0,0x0000},  /* U+CE85 */
  {0x0000,0x0010,0x7F10,0x0110,0x0110,0x7E1C,0x0610,0x0C10,0x1810,0x6010,0x0100,0x0380,0x0280,0x0C60,0x3818,0x0000},  /* U+CE87 */
  {0x7F10,0x0110,0x0110,0x7E10,0x041C,0x0C10,0x3010,0x6010,0x0010,0x07C0,0x0830,0x1010,0x1010,0x0830,0x07C0,0x0000},  /* U+CE89 */
  {0x0024,0x3F24,0x0124,0x0124,0x0124,0x3E24,0x023C,0x0424,0x0C24,0x1824,0x2024,0x0024,0x0024,0x0024,0x0004,0x0000},  /* U+CE90 */
  {0x0000,0x0048,0x3F48,0x0148,0x0148,0x3E78,0x0248,0x0C48,0x1848,0x2048,0x1FF8,0x0008,0x0008,0x0008,0x0008,0x0000},  /* U+CE91 */
  {0x0008,0x0048,0x3F48,0x0148,0x0248,0x7E78,0x0448,0x0C48,0x1848,0x6048,0x0848,0x0800,0x0800,0x0800,0x0FFC,0x0000},  /* U+CE94 */
  {0x3F48,0x0148,0x0148,0x3E48,0x0678,0x0C48,0x3048,0x0048,0x0000,0x0FF8,0x0008,0x0FF8,0x0800,0x0800,0x0FFC,0x0000},  /* U+CE98 */
  {0x0000,0x0048,0x3F48,0x0148,0x3E48,0x0678,0x0C48,0x3848,0x2048,0x0008,0x0FF8,0x0808,0x0808,0x0808,0x0FF8,0x0000},  /* U+CEA0 */
  {0x0000,0x3F48,0x0148,0x0148,0x3E48,0x0478,0x0C48,0x3048,0x2048,0x0808,0x0808,0x0FF8,0x0808,0x0808,0x0FF8,0x0000},  /* U+CEA1 */
  {0x0000,0x0048,0x3F48,0x0148,0x0148,0x3E78,0x0248,0x0448,0x1848,0x3048,0x0088,0x01C0,0x0140,0x0630,0x1C0C,0x0000},  /* U+CEA3 */
  {0x0040,0x0048,0x3E48,0x0248,0x7C68,0x0478,0x0848,0x3048,0x4048,0x0418,0x0410,0x0410,0x0E28,0x1B2C,0x31C6,0x0000},  /* U+CEA4 */
  {0x0048,0x3F48,0x0148,0x3E48,0x0678,0x0C48,0x1848,0x2048,0x0008,0x03E0,0x0C10,0x0808,0x0808,0x0C10,0x03E0,0x0000},  /* U+CEA5 */
  {0x0000,0x0010,0x3F10,0x0110,0x0110,0x011C,0x7E10,0x0210,0x0410,0x081C,0x1010,0x6010,0x0010,0x0010,0x0010,0x0000},  /* U+CEAC */
  {0x0010,0x0010,0x7F10,0x011C,0x0E10,0x7E10,0x061C,0x0C10,0x3010,0x6000,0x1FF0,0x0010,0x0010,0x0010,0x0010,0x0000},  /* U+CEAD */
  {0x0010,0x7F10,0x0110,0x011C,0x7E10,0x0410,0x0C1C,0x3010,0x6010,0x0010,0x07C0,0x0830,0x1010,0x1010,0x0830,0x07C0},  /* U+CEC1 */
  {0x0004,0x1F84,0x0084,0x0084,0x0084,0x3F04,0x017C,0x0204,0x0404,0x0804,0x3004,0x0004,0x0004,0x0004,0x0004,0x0000},  /* U+CEE4 */
  {0x0000,0x0004,0x1F84,0x0084,0x0084,0x3F3C,0x0304,0x0604,0x1C04,0x3000,0x07FC,0x0004,0x0004,0x0004,0x0004,0x0000},  /* U+CEE5 */
  {0x0008,0x0008,0x1F88,0x0088,0x0088,0x3FF8,0x0208,0x0608,0x1808,0x3008,0x0808,0x0800,0x0800,0x0800,0x0FF8,0x0000},  /* U+CEE8 */
  {0x0000,0x1F88,0x0088,0x0088,0x3F08,0x0278,0x0408,0x1808,0x2008,0x0000,0x0FF8,0x0800,0x0800,0x0800,0x0FF8,0x0000},  /* U+CEEB */
  {0x0008,0x3F88,0x0088,0x0108,0x3F78,0x0208,0x0408,0x1808,0x2000,0x0FF8,0x0008,0x0008,0x0FF8,0x0800,0x0800,0x0FF8},  /* U+CEEC */
  {0x0000,0x1F88,0x0088,0x0088,0x3F08,0x0278,0x0608,0x1808,0x2008,0x0000,0x0FF8,0x0808,0x0808,0x0808,0x0FF8,0x0000},  /* U+CEF4 */
  {0x0000,0x1F88,0x0088,0x0088,0x3F08,0x0278,0x0408,0x1808,0x2008,0x0808,0x0808,0x0FF8,0x0808,0x0808,0x0FF8,0x0000},  /* U+CEF5 */
  {0x0000,0x0004,0x1F84,0x0084,0x0084,0x3F7C,0x0204,0x0404,0x1804,0x2004,0x0080,0x01C0,0x0140,0x0630,0x1C0C,0x0000},  /* U+CEF7 */
  {0x0000,0x3F88,0x0088,0x0108,0x7F08,0x0678,0x0C08,0x3008,0x6008,0x0410,0x0410,0x0410,0x0E28,0x1B6C,0x3186,0x0000},  /* U+CEF8 */
  {0x1F88,0x0088,0x0088,0x3F08,0x0278,0x0608,0x1808,0x2008,0x0008,0x03E0,0x0C10,0x0808,0x0808,0x0C10,0x03E0,0x0000},  /* U+CEF9 */
  {0x0028,0x3F28,0x0128,0x0128,0x0128,0x3FE8,0x0228,0x0428,0x0828,0x1028,0x2028,0x0028,0x0028,0x0028,0x0008,0x0000},  /* U+CF00 */
  {0x0000,0x0028,0x3F28,0x0128,0x0128,0x3FE8,0x0628,0x0C28,0x3028,0x0000,0x1FF8,0x0008,0x0008,0x0008,0x0008,0x0000},  /* U+CF01 */
  {0x0000,0x0028,0x3F28,0x0128,0x0128,0x7FE8,0x0428,0x0828,0x3028,0x2028,0x0828,0x0808,0x0800,0x0800,0x0FFC,0x0000},  /* U+CF04 */
  {0x3F08,0x0128,0x0128,0x3F28,0x07E8,0x0C28,0x1828,0x2028,0x0000,0x0FF8,0x0008,0x0FF8,0x0800,0x0800,0x0FFC,0x0000},  /* U+CF08 */
  {0x0000,0x0028,0x3F28,0x0128,0x3F28,0x07E8,0x0C28,0x1828,0x3028,0x0000,0x0FF8,0x0808,0x0808,0x0808,0x0FF8,0x0000},  /* U+CF10 */
  {0x0000,0x1F94,0x0094,0x0094,0x1F94,0x03F4,0x0614,0x0C14,0x3814,0x0404,0x0404,0x07FC,0x0404,0x0404,0x07FC,0x0000},  /* U+CF11 */
  {0x0000,0x0028,0x3F28,0x0128,0x0128,0x3FE8,0x0628,0x0C28,0x3028,0x2028,0x0088,0x01C0,0x0140,0x0630,0x1C0C,0x0000},  /* U+CF13 */
  {0x0028,0x3F28,0x0128,0x3F28,0x07E8,0x0428,0x1828,0x3028,0x0008,0x03E0,0x0C10,0x0808,0x0808,0x0C10,0x03E0,0x0000},  /* U+CF15 */
  {0x0004,0x1F84,0x0084,0x0084,0x00FC,0x3F04,0x0104,0x0204,0x047C,0x0804,0x3004,0x0004,0x0004,0x0004,0x0004,0x0000},  /* U+CF1C */
  {0x0000,0x0008,0x1F88,0x0088,0x00F8,0x3F08,0x0208,0x04F8,0x1808,0x3008,0x0808,0x0800,0x0800,0x0800,0x0FF8,0x0000},  /* U+CF20 */
  {0x3F88,0x0088,0x01F8,0x3F08,0x0208,0x0CF8,0x1808,0x2008,0x0FF8,0x0008,0x0008,0x0FF8,0x0800,0x0800,0x0FF8,0x0000},  /* U+CF24 */
  {0x0000,0x1F88,0x0088,0x0088,0x00F8,0x3F08,0x02F8,0x0408,0x1808,0x2000,0x0FF8,0x0808,0x0808,0x0808,0x0FF8,0x0000},  /* U+CF2C */
  {0x0008,0x1F88,0x0088,0x00F8,0x3F08,0x0208,0x0CF8,0x1808,0x2000,0x0808,0x0808,0x0FF8,0x0808,0x0808,0x0FF8,0x0000},  /* U+CF2D */
  {0x0000,0x0004,0x1F84,0x0084,0x00FC,0x3F04,0x0304,0x067C,0x0C04,0x3004,0x0080,0x01C0,0x0140,0x0630,0x1C0C,0x0000},  /* U+CF2F */
  {0x0000,0x3F88,0x0088,0x0088,0x01F8,0x7E08,0x06F8,0x0C08,0x3008,0x6410,0x0410,0x0410,0x0E28,0x1B6C,0x3186,0x0000},  /* U+CF30 */
  {0x1F88,0x0088,0x0088,0x00F8,0x3F08,0x02F8,0x0408,0x1808,0x2008,0x03E0,0x0C10,0x0808,0x0808,0x0C10,0x03E0,0x0000},  /* U+CF31 */
  {0x0028,0x3F28,0x0128,0x0128,0x01E8,0x3F28,0x0228,0x0428,0x0DE8,0x1828,0x2028,0x0028,0x0028,0x0028,0x0008,0x0000},  /* U+CF38 */
  {0x0000,0x0000,0x1FF8,0x0008,0x0008,0x0008,0x1FF8,0x0008,0x0108,0x0108,0x0100,0x0100,0x7FFE,0x0000,0x0000,0x0000},  /* U+CF54 */
  {0x0000,0x1FF8,0x0008,0x0008,0x0FF8,0x0008,0x0108,0x0100,0x7FFE,0x0000,0x1FF8,0x0008,0x0008,0x0008,0x0008,0x0000},  /* U+CF55 */
  {0x0000,0x0FF8,0x0008,0x0008,0x0FF8,0x0008,0x0108,0x0100,0x7FFE,0x0000,0x0800,0x0800,0x0800,0x0800,0x0FFC,0x0000},  /* U+CF58 */
  {0x0000,0x0FF8,0x0008,0x0FF8,0x0008,0x0108,0x0100,0x7FFE,0x0000,0x0000,0x0FF8,0x0008,0x0FF8,0x0800,0x0FFC,0x0000},  /* U+CF5C */
  {0x0000,0x0FF8,0x0008,0x0008,0x0FF8,0x0008,0x0108,0x0100,0x7FFE,0x0000,0x0FF8,0x0808,0x0808,0x0808,0x0FF8,0x0000},  /* U+CF64 */
  {0x0000,0x0FF8,0x0008,0x0008,0x0FF8,0x0008,0x0108,0x0100,0x7FFE,0x0000,0x0808,0x0808,0x0FF8,0x0808,0x0FF8,0x0000},  /* U+CF65 */
  {0x0000,0x0FF8,0x0008,0x0008,0x0FF8,0x0008,0x0108,0x0100,0x7FFE,0x0000,0x0180,0x0180,0x03C0,0x0660,0x181C,0x0000},  /* U+CF67 */
  {0x1FF8,0x0008,0x0008,0x0FF8,0x0008,0x0108,0x0100,0x7FFE,0x0000,0x03E0,0x0C18,0x0808,0x0808,0x0C18,0x03E0,0x0000},  /* U+CF69 */
  {0x0000,0x0008,0x1FC8,0x0048,0x0048,0x1FC8,0x0048,0x004E,0x0448,0x0408,0x0408,0x7FE8,0x0008,0x0008,0x0008,0x0000},  /* U+CF70 */
  {0x0010,0x3F90,0x0090,0x0090,0x3F90,0x009C,0x0490,0x0410,0x7FF0,0x0000,0x0000,0x3FF0,0x0010,0x0010,0x0010,0x0010},  /* U+CF71 */
  {0x0000,0x0010,0x3F90,0x0090,0x3F90,0x0090,0x049C,0x0410,0x0410,0x7FF0,0x0010,0x1010,0x1000,0x1000,0x1FF8,0x0000},  /* U+CF74 */
  {0x3F90,0x0090,0x0090,0x3F90,0x009C,0x0410,0x0410,0x7FF0,0x0000,0x1FF0,0x0010,0x1FF0,0x1000,0x1000,0x1FF8,0x0000},  /* U+CF78 */
  {0x0010,0x3F90,0x0090,0x0090,0x3F90,0x009C,0x0410,0x0410,0x7FF0,0x0000,0x0000,0x1FF0,0x1010,0x1010,0x1FF0,0x0000},  /* U+CF80 */
  {0x0010,0x3F90,0x0090,0x0090,0x3F90,0x009C,0x0410,0x0410,0x7FF0,0x0010,0x07C0,0x1830,0x1010,0x1010,0x1830,0x07C0},  /* U+CF85 */
  {0x0000,0x0024,0x1FA4,0x00A4,0x00A4,0x00A4,0x1FA4,0x00BC,0x08A4,0x08A4,0x0824,0x7FA4,0x0024,0x0024,0x0024,0x0000},  /* U+CF8C */
  {0x1FA4,0x00A4,0x00A4,0x1FA4,0x00BC,0x04A4,0x0424,0x3FE4,0x0004,0x01F0,0x0608,0x0404,0x0404,0x0608,0x01F0,0x0000},  /* U+CFA1 */
  {0x0004,0x1FC4,0x0044,0x0044,0x1FC4,0x0044,0x0444,0x0444,0x0404,0x0404,0x7FE4,0x0004,0x0004,0x0004,0x0004,0x0000},  /* U+CFA8 */
  {0x1FC4,0x0044,0x0044,0x1FC4,0x0044,0x0244,0x0204,0x3FF4,0x0000,0x0FFC,0x0004,0x0FFC,0x0800,0x0800,0x0FFC,0x0000},  /* U+CFB0 */
  {0x0000,0x0000,0x1FF8,0x0008,0x0008,0x0008,0x1FF8,0x0008,0x0448,0x0448,0x0440,0x0440,0x7FFE,0x0000,0x0000,0x0000},  /* U+CFC4 */
  {0x0000,0x3FF0,0x0010,0x0010,0x0010,0x3FF0,0x0010,0x0010,0x7FFC,0x0100,0x0100,0x0100,0x0100,0x0100,0x0100,0x0000},  /* U+CFE0 */
  {0x1FF0,0x0010,0x0010,0x1FF0,0x0010,0x0010,0x7FFC,0x0100,0x0100,0x0100,0x3FF0,0x0010,0x0010,0x0010,0x0010,0x0000},  /* U+CFE1 */
  {0x0000,0x0FF8,0x0008,0x0008,0x0FF8,0x0008,0x0008,0x0008,0x7FFE,0x0080,0x0880,0x0880,0x0880,0x0800,0x0FFC,0x0000},  /* U+CFE4 */
  {0x0000,0x1FF0,0x0010,0x0010,0x1FF0,0x0010,0x7FFC,0x0100,0x0100,0x1FF0,0x0010,0x0010,0x1FF0,0x1000,0x1FF8,0x0000},  /* U+CFE8 */
  {0x0000,0x1FF0,0x0010,0x0010,0x1FF0,0x0010,0x0010,0x7FFC,0x0100,0x0100,0x1FF0,0x1010,0x1010,0x1010,0x1FF0,0x0000},  /* U+CFF0 */
  {0x0000,0x1FF0,0x0010,0x0010,0x1FF0,0x0010,0x0010,0x7FFC,0x0100,0x1110,0x1010,0x1FF0,0x1010,0x1010,0x1FF0,0x0000},  /* U+CFF1 */
  {0x0000,0x1FF0,0x0010,0x0010,0x1FF0,0x0010,0x0010,0x7FFC,0x0100,0x0100,0x0100,0x0380,0x06C0,0x0C60,0x3018,0x0000},  /* U+CFF3 */
  {0x3FF0,0x0010,0x0010,0x1FF0,0x0010,0x0010,0x7FFC,0x0100,0x0100,0x07C0,0x1830,0x1010,0x1010,0x1830,0x07C0,0x0000},  /* U+CFF5 */
  {0x0004,0x1FC4,0x0044,0x0044,0x1FC4,0x0044,0x0044,0x3FF4,0x0204,0x0204,0x027C,0x0204,0x0204,0x0204,0x0004,0x0000},  /* U+CFFC */
  {0x0004,0x0004,0x1FC4,0x0044,0x0044,0x1FC4,0x0044,0x0044,0x3FF4,0x023C,0x0204,0x0A04,0x0800,0x0800,0x0FFC,0x0000},  /* U+D000 */
  {0x1FC4,0x0044,0x0044,0x1FC4,0x0044,0x3FF4,0x0204,0x023C,0x0004,0x0FFC,0x0004,0x0FFC,0x0800,0x0800,0x0FFC,0x0000},  /* U+D004 */
  {0x0004,0x1FC4,0x0044,0x0044,0x1FC4,0x0044,0x0054,0x3FE4,0x023C,0x0204,0x0204,0x03F0,0x0C0C,0x0804,0x0C0C,0x03F0},  /* U+D011 */
  {0x0014,0x3F14,0x0114,0x0114,0x3F14,0x0114,0x0114,0x7F94,0x0414,0x04F4,0x0414,0x0414,0x0414,0x0414,0x0004,0x0000},  /* U+D018 */
  {0x0014,0x1F94,0x0094,0x1F94,0x0094,0x0094,0x7FD4,0x0474,0x0414,0x0404,0x03F0,0x0C0C,0x0804,0x0C0C,0x03F0,0x0000},  /* U+D02D */
  {0x0004,0x1FC4,0x0044,0x0044,0x1FC4,0x0044,0x0044,0x3FF4,0x0204,0x0204,0x0204,0x0204,0x0204,0x0004,0x0004,0x0000},  /* U+D034 */
  {0x0004,0x1FC4,0x0044,0x1FC4,0x0044,0x0044,0x3FF4,0x0204,0x0204,0x0000,0x0FFC,0x0004,0x0004,0x0004,0x0004,0x0000},  /* U+D035 */
  {0x0000,0x0004,0x1FC4,0x0044,0x0044,0x1FC4,0x0044,0x0044,0x3FF4,0x0204,0x0204,0x0A04,0x0800,0x0800,0x0FFC,0x0000},  /* U+D038 */
  {0x1FC4,0x0044,0x0044,0x1FC4,0x0044,0x0054,0x3FE4,0x0204,0x0200,0x0FFC,0x0004,0x0FFC,0x0800,0x0800,0x0FFC,0x0000},  /* U+D03C */
  {0x0000,0x0004,0x1FC4,0x0044,0x1FC4,0x0044,0x0044,0x3FF4,0x0204,0x0204,0x0000,0x0FFC,0x0804,0x0804,0x0FFC,0x0000},  /* U+D044 */
  {0x0000,0x1FC4,0x0044,0x0044,0x1FC4,0x0044,0x0054,0x3FE4,0x0204,0x0200,0x0804,0x0804,0x0FFC,0x0804,0x0FFC,0x0000},  /* U+D045 */
  {0x0000,0x0008,0x3F88,0x0088,0x0088,0x3F88,0x0088,0x0088,0x7FE8,0x0408,0x0488,0x0480,0x0140,0x0630,0x1C1C,0x0000},  /* U+D047 */
  {0x0004,0x1FC4,0x0044,0x1FC4,0x0044,0x0044,0x3FF4,0x0204,0x0204,0x0004,0x03F0,0x0C0C,0x0804,0x0C0C,0x03F0,0x0000},  /* U+D049 */
  {0x0000,0x1FF8,0x0008,0x0008,0x0008,0x1FF8,0x0008,0x0008,0x7FFE,0x0420,0x0420,0x0420,0x0420,0x0420,0x0420,0x0000},  /* U+D050 */
  {0x0000,0x0FF8,0x0008,0x0008,0x0FF8,0x0008,0x0008,0x0008,0x7FFE,0x0220,0x0A20,0x0A20,0x0A20,0x0800,0x0FFC,0x0000},  /* U+D054 */
  {0x0000,0x1FF0,0x0010,0x0010,0x1FF0,0x0010,0x7FFC,0x0440,0x0440,0x1FF0,0x0010,0x0010,0x1FF0,0x1000,0x1FF8,0x0000},  /* U+D058 */
  {0x0000,0x1FF0,0x0010,0x0010,0x1FF0,0x0010,0x0010,0x7FFC,0x0440,0x0440,0x1FF0,0x1010,0x1010,0x1010,0x1FF0,0x0000},  /* U+D060 */
  {0x0000,0x0000,0x1FF8,0x0008,0x0008,0x0008,0x0008,0x1FF8,0x0008,0x0008,0x0008,0x0010,0x7FFE,0x0000,0x0000,0x0000},  /* U+D06C */
  {0x0000,0x1FF8,0x0008,0x0008,0x0FF8,0x0008,0x0008,0x7FFE,0x0000,0x0000,0x1FF8,0x0008,0x0008,0x0008,0x0008,0x0000},  /* U+D06D */
  {0x0000,0x1FF0,0x0010,0x0010,0x0010,0x1FF0,0x0010,0x0010,0x7FFC,0x0000,0x1000,0x1000,0x1000,0x1000,0x1FF8,0x0000},  /* U+D070 */
  {0x0000,0x0FF8,0x0008,0x0008,0x0FF8,0x0008,0x0008,0x7FFE,0x0000,0x0FF8,0x0008,0x0008,0x0FF8,0x0800,0x0FFC,0x0000},  /* U+D074 */
  {0x0000,0x0FF8,0x0008,0x0008,0x0FF8,0x0008,0x0008,0x7FFE,0x0000,0x0000,0x0FF8,0x0808,0x0808,0x0808,0x0FF8,0x0000},  /* U+D07C */
  {0x0000,0x0FF8,0x0008,0x0008,0x0FF8,0x0008,0x0008,0x7FFE,0x0000,0x0808,0x0808,0x0FF8,0x0808,0x0808,0x0FF8,0x0000},  /* U+D07D */
  {0x1FF8,0x0008,0x0008,0x0FF8,0x0008,0x0008,0x0008,0x7FFE,0x0000,0x03E0,0x0C18,0x0808,0x0808,0x0C18,0x03E0,0x0000},  /* U+D081 */
  {0x0004,0x3F84,0x0084,0x0084,0x0084,0x3F04,0x0104,0x0204,0x0404,0x0804,0x3004,0x0004,0x0004,0x0004,0x0004,0x0000},  /* U+D0A4 */
  {0x0000,0x0008,0x3F88,0x0088,0x0088,0x3F08,0x0308,0x0608,0x1808,0x3000,0x0FF8,0x0008,0x0008,0x0008,0x0008,0x0000},  /* U+D0A5 */
  {0x0000,0x0008,0x1F88,0x0088,0x0088,0x3F08,0x0208,0x0608,0x1808,0x3008,0x0808,0x0808,0x0800,0x0800,0x0FF8,0x0000},  /* U+D0A8 */
  {0x3F88,0x0088,0x0188,0x3F08,0x0208,0x0408,0x1808,0x2008,0x0FF8,0x0008,0x0008,0x0FF8,0x0800,0x0800,0x0FF8,0x0000},  /* U+D0AC */
  {0x0000,0x1F88,0x0088,0x0088,0x0088,0x3F08,0x0208,0x0608,0x1808,0x2000,0x0FF8,0x0808,0x0808,0x0808,0x0FF8,0x0000},  /* U+D0B4 */
  {0x0000,0x1F88,0x0088,0x0088,0x3F08,0x0208,0x0408,0x1808,0x2008,0x0808,0x0808,0x0FF8,0x0808,0x0808,0x0FF8,0x0000},  /* U+D0B5 */
  {0x0000,0x0008,0x3F88,0x0088,0x0088,0x3F08,0x0308,0x0608,0x0C08,0x3008,0x0080,0x0180,0x0140,0x0630,0x1C1C,0x0000},  /* U+D0B7 */
  {0x1F88,0x0088,0x0088,0x3F08,0x0308,0x0608,0x1808,0x2008,0x0008,0x03E0,0x0C10,0x0808,0x0808,0x0C10,0x03E0,0x0000},  /* U+D0B9 */
  {0x0010,0x3F90,0x2010,0x2010,0x2010,0x3F90,0x201C,0x2010,0x2010,0x2010,0x3FD0,0x0010,0x0010,0x0010,0x0010,0x0000},  /* U+D0C0 */
  {0x0010,0x3F10,0x2010,0x2010,0x3F1C,0x2010,0x2010,0x3F90,0x0010,0x0000,0x1FF0,0x0010,0x0010,0x0010,0x0010,0x0000},  /* U+D0C1 */
  {0x0010,0x0010,0x3F10,0x2010,0x2010,0x3F1C,0x2010,0x2010,0x3F90,0x0010,0x0010,0x1000,0x1000,0x1000,0x1FF8,0x0000},  /* U+D0C4 */
  {0x0010,0x3F10,0x2010,0x2010,0x3F1C,0x2010,0x2010,0x3F90,0x0000,0x0000,0x1FF0,0x0010,0x1FF0,0x1000,0x1000,0x1FF0},  /* U+D0C8 */
  {0x0010,0x3F10,0x2010,0x2010,0x3F1C,0x2010,0x2010,0x3F90,0x0000,0x0000,0x1FF0,0x0210,0x1E10,0x1010,0x1010,0x1F10},  /* U+D0C9 */
  {0x0000,0x3F10,0x2010,0x2010,0x2010,0x3F1C,0x2010,0x2010,0x3F90,0x0010,0x1FF0,0x1010,0x1010,0x1010,0x1FF0,0x0000},  /* U+D0D0 */
  {0x0010,0x3F10,0x2010,0x2010,0x3F18,0x201C,0x2010,0x2010,0x3F90,0x0000,0x1010,0x1010,0x1FF0,0x1010,0x1FF0,0x0000},  /* U+D0D1 */
  {0x0000,0x0010,0x3F10,0x2010,0x2010,0x3F10,0x201C,0x2010,0x3F90,0x0010,0x0110,0x0180,0x03C0,0x0660,0x381C,0x0000},  /* U+D0D3 */
  {0x0000,0x3F10,0x2010,0x2010,0x2010,0x3F1C,0x2010,0x2010,0x3F90,0x0000,0x0420,0x0420,0x0C70,0x1A58,0x318C,0x0000},  /* U+D0D4 */
  {0x3F10,0x2010,0x2010,0x2010,0x3F1C,0x2010,0x2010,0x3F90,0x0010,0x07C0,0x1830,0x1010,0x1010,0x1830,0x07C0,0x0000},  /* U+D0D5 */
  {0x0024,0x3F24,0x2024,0x2024,0x2024,0x3F24,0x203C,0x2024,0x2024,0x2024,0x3FA4,0x0024,0x0024,0x0024,0x0004,0x0000},  /* U+D0DC */
  {0x0024,0x3F24,0x2024,0x2024,0x3F3C,0x2024,0x2024,0x3FA4,0x0024,0x0000,0x0FFC,0x0004,0x0004,0x0004,0x0004,0x0000},  /* U+D0DD */
  {0x0008,0x0048,0x7E48,0x4048,0x4048,0x7E78,0x4048,0x4048,0x7F48,0x0048,0x0048,0x0808,0x0800,0x0800,0x0FFC,0x0000},  /* U+D0E0 */
  {0x7E48,0x4048,0x4048,0x7E48,0x4078,0x4048,0x7F48,0x0048,0x0000,0x0FF8,0x0008,0x0FF8,0x0800,0x0800,0x0FFC,0x0000},  /* U+D0E4 */
  {0x0000,0x0024,0x3F24,0x2024,0x2024,0x3F3C,0x2024,0x2024,0x3FA4,0x0024,0x0000,0x07FC,0x0404,0x0404,0x07FC,0x0000},  /* U+D0EC */
  {0x0000,0x3F24,0x2024,0x2024,0x2024,0x3F3C,0x2024,0x2024,0x3FA4,0x0000,0x0404,0x0404,0x07FC,0x0404,0x07FC,0x0000},  /* U+D0ED */
  {0x0000,0x0048,0x7E48,0x4048,0x4048,0x7E78,0x4048,0x4048,0x7F48,0x0048,0x0108,0x0180,0x0380,0x0660,0x381C,0x0000},  /* U+D0EF */
  {0x0000,0x0048,0x7E48,0x4048,0x4048,0x7E78,0x4048,0x4048,0x7F48,0x0008,0x0410,0x0410,0x0E38,0x1B2C,0x31C6,0x0000},  /* U+D0F0 */
  {0x0024,0x3F24,0x2024,0x2024,0x3F3C,0x2024,0x2024,0x3FA4,0x0024,0x01F0,0x060C,0x0404,0x0404,0x0608,0x01F0,0x0000},  /* U+D0F1 */
  {0x0010,0x3F90,0x2010,0x2010,0x201C,0x3F90,0x2010,0x2010,0x201C,0x2010,0x3FD0,0x0010,0x0010,0x0010,0x0010,0x0000},  /* U+D0F8 */
  {0x0010,0x3F10,0x2010,0x201C,0x2010,0x3F10,0x201C,0x2010,0x3F90,0x0010,0x07C0,0x1830,0x1010,0x1010,0x1830,0x07C0},  /* U+D10D */
  {0x0000,0x0008,0x3F08,0x2008,0x2008,0x2008,0x3F78,0x2008,0x2008,0x2008,0x2008,0x3F88,0x0008,0x0008,0x0008,0x0000},  /* U+D130 */
  {0x0008,0x3F08,0x2008,0x2008,0x3F78,0x2008,0x2008,0x3F88,0x0008,0x0000,0x0FF8,0x0008,0x0008,0x0008,0x0008,0x0000},  /* U+D131 */
  {0x0000,0x0008,0x3F08,0x2008,0x2008,0x3F78,0x2008,0x2008,0x2008,0x3F88,0x0008,0x0808,0x0800,0x0800,0x0FF8,0x0000},  /* U+D134 */
  {0x3F08,0x2008,0x2008,0x3F78,0x2008,0x2008,0x3F88,0x0008,0x0000,0x0FF8,0x0008,0x0FF8,0x0800,0x0800,0x0FF8,0x0000},  /* U+D138 */
  {0x3F08,0x2008,0x2008,0x3F78,0x2008,0x2008,0x3F88,0x0008,0x0000,0x1EF8,0x0288,0x1E88,0x1088,0x1088,0x1FF8,0x0000},  /* U+D13A */
  {0x0000,0x3F08,0x2008,0x2008,0x2008,0x3F78,0x2008,0x2008,0x3F88,0x0008,0x0FF8,0x0808,0x0808,0x0808,0x0FF8,0x0000},  /* U+D140 */
  {0x0008,0x3F08,0x2008,0x2008,0x3F78,0x2008,0x2008,0x2008,0x3F88,0x0000,0x0808,0x0808,0x0FF8,0x0808,0x0FF8,0x0000},  /* U+D141 */
  {0x0000,0x0008,0x3F08,0x2008,0x2008,0x3F78,0x2008,0x2008,0x3F88,0x0008,0x0080,0x0180,0x0140,0x0620,0x181C,0x0000},  /* U+D143 */
  {0x0000,0x7E10,0x4010,0x4010,0x4010,0x7EF0,0x4010,0x4010,0x7F10,0x0010,0x0820,0x0820,0x1C70,0x3658,0x638C,0x0000},  /* U+D144 */
  {0x3F08,0x2008,0x2008,0x2008,0x3F78,0x2008,0x2008,0x3F88,0x0008,0x03E0,0x0C18,0x0808,0x0808,0x0C10,0x03E0,0x0000},  /* U+D145 */
  {0x0014,0x3F14,0x2014,0x2014,0x2014,0x3E74,0x2014,0x2014,0x2014,0x2014,0x3F14,0x0014,0x0014,0x0014,0x0004,0x0000},  /* U+D14C */
  {0x0014,0x3E14,0x2014,0x2014,0x3E74,0x2014,0x2014,0x3F14,0x0014,0x0000,0x0FFC,0x0004,0x0004,0x0004,0x0004,0x0000},  /* U+D14D */
  {0x0000,0x0028,0x7C28,0x4028,0x4028,0x7CE8,0x4028,0x4028,0x7E28,0x0028,0x0028,0x0808,0x0800,0x0800,0x0FFC,0x0000},  /* U+D150 */
  {0x7C28,0x4028,0x4028,0x7CE8,0x4028,0x4028,0x7E28,0x0008,0x0000,0x0FF8,0x0008,0x0FF8,0x0800,0x0800,0x0FFC,0x0000},  /* U+D154 */
  {0x0000,0x0014,0x3E14,0x2014,0x2014,0x3E74,0x2014,0x2014,0x3F14,0x0014,0x0000,0x07FC,0x0404,0x0404,0x07FC,0x0000},  /* U+D15C */
  {0x0000,0x3E14,0x2014,0x2014,0x2014,0x3E74,0x2014,0x2014,0x3F14,0x0000,0x0404,0x0404,0x07FC,0x0404,0x07FC,0x0000},  /* U+D15D */
  {0x0000,0x0028,0x7C28,0x4028,0x4028,0x7CE8,0x4028,0x4028,0x7E28,0x0008,0x0108,0x0180,0x0380,0x0660,0x381C,0x0000},  /* U+D15F */
  {0x0014,0x3E14,0x2014,0x2014,0x3E74,0x2014,0x2014,0x3F14,0x0014,0x01F0,0x060C,0x0404,0x0404,0x0608,0x01F0,0x0000},  /* U+D161 */
  {0x0008,0x3F08,0x2008,0x2008,0x2078,0x3F08,0x2008,0x2078,0x2008,0x2008,0x3F88,0x0008,0x0008,0x0008,0x0008,0x0000},  /* U+D168 */
  {0x0000,0x0008,0x3F08,0x2008,0x2078,0x3F08,0x2008,0x2078,0x2008,0x3F88,0x0008,0x0808,0x0800,0x0800,0x0FF8,0x0000},  /* U+D16C */
  {0x0000,0x7E10,0x4010,0x40F0,0x4010,0x7E10,0x40F0,0x4010,0x7F10,0x0010,0x0820,0x0820,0x1C70,0x3658,0x638C,0x0000},  /* U+D17C */
  {0x0014,0x3F14,0x2014,0x2074,0x2014,0x3E14,0x2014,0x2074,0x2014,0x2014,0x3F14,0x0014,0x0014,0x0014,0x0004,0x0000},  /* U+D184 */
  {0x0000,0x0028,0x7C28,0x40E8,0x4028,0x7C28,0x4028,0x40E8,0x7F28,0x0028,0x0028,0x0828,0x0800,0x0800,0x0FFC,0x0000},  /* U+D188 */
  {0x0000,0x0000,0x1FF8,0x1000,0x1000,0x1FF8,0x1000,0x1000,0x1FF8,0x0100,0x0100,0x0100,0x7FFE,0x0000,0x0000,0x0000},  /* U+D1A0 */
  {0x1FF0,0x1000,0x1FF0,0x1000,0x1000,0x1FF0,0x0100,0x0100,0x7FFE,0x0000,0x3FF0,0x0010,0x0010,0x0010,0x0010,0x0000},  /* U+D1A1 */
  {0x0000,0x1FF0,0x1000,0x1000,0x1FF0,0x1000,0x1FF0,0x0100,0x0100,0x7FFE,0x0000,0x1000,0x1000,0x1000,0x1FF8,0x0000},  /* U+D1A4 */
  {0x0000,0x1FF0,0x1000,0x1FF0,0x1000,0x1FF0,0x0100,0x0100,0x7FFE,0x0000,0x1FF0,0x0010,0x1FF0,0x1000,0x1FF8,0x0000},  /* U+D1A8 */
  {0x0000,0x1FF0,0x1000,0x1FF0,0x1000,0x1000,0x1FF0,0x0100,0x0100,0x7FFE,0x0000,0x1FF0,0x1010,0x1010,0x1FF0,0x0000},  /* U+D1B0 */
  {0x0000,0x1FF0,0x1000,0x1FF0,0x1000,0x1000,0x1FF0,0x0100,0x7FFE,0x0000,0x1010,0x1010,0x1FF0,0x1010,0x1FF0,0x0000},  /* U+D1B1 */
  {0x1FF0,0x1000,0x1000,0x1FF0,0x1000,0x1FF0,0x0100,0x0100,0x7FFE,0x0100,0x0100,0x0280,0x0640,0x3838,0x2000,0x0000},  /* U+D1B3 */
  {0x1FF0,0x1000,0x1FF0,0x1000,0x1000,0x1FF0,0x0100,0x0100,0x7FFE,0x0000,0x07C0,0x1830,0x1010,0x1830,0x07C0,0x0000},  /* U+D1B5 */
  {0x0000,0x1FF0,0x1000,0x1FF0,0x1000,0x1000,0x1FF0,0x0100,0x0100,0x7FFE,0x0000,0x1FF0,0x0440,0x0440,0x1FF0,0x0000},  /* U+D1BA */
  {0x0000,0x0010,0x3F90,0x2010,0x2010,0x3F90,0x2010,0x201C,0x3F90,0x0410,0x0410,0x0410,0x7FD0,0x0010,0x0010,0x0000},  /* U+D1BC */
  {0x0000,0x0010,0x3F90,0x2010,0x3F10,0x2010,0x201C,0x3F90,0x0410,0x7FF0,0x0010,0x1010,0x1000,0x1000,0x1FF8,0x0000},  /* U+D1C0 */
  {0x0024,0x3F24,0x2024,0x2024,0x3F24,0x2024,0x203C,0x3FA4,0x0424,0x0424,0x3FE4,0x0024,0x0024,0x0024,0x0004,0x0000},  /* U+D1D8 */
  {0x0004,0x1FC4,0x1004,0x1004,0x1FC4,0x1004,0x1004,0x1FC4,0x0204,0x0204,0x0204,0x3FE4,0x0004,0x0004,0x0004,0x0000},  /* U+D1F4 */
  {0x0000,0x0008,0x3F88,0x2008,0x3F08,0x2008,0x3F88,0x0408,0x0408,0x7FE8,0x0008,0x0808,0x0800,0x0800,0x0FFC,0x0000},  /* U+D1F8 */
  {0x0000,0x0008,0x3F88,0x2008,0x3F08,0x2008,0x3F88,0x0408,0x0408,0x7FE8,0x0088,0x0080,0x0140,0x0320,0x1C1C,0x0000},  /* U+D207 */
  {0x1FC4,0x1004,0x1004,0x1F84,0x1004,0x1FC4,0x0204,0x0204,0x3FF4,0x03F0,0x0C08,0x0804,0x0804,0x0408,0x03F0,0x0000},  /* U+D209 */
  {0x0000,0x0000,0x1FF8,0x1000,0x1000,0x1FF8,0x1000,0x1000,0x1FF0,0x0440,0x0440,0x0440,0x7FFC,0x0000,0x0000,0x0000},  /* U+D210 */
  {0x1FF8,0x1000,0x1000,0x1FF8,0x1000,0x1000,0x1FF8,0x0000,0x0000,0x7FFE,0x0100,0x0100,0x0100,0x0100,0x0100,0x0000},  /* U+D22C */
  {0x1FF0,0x1000,0x1FF0,0x1000,0x1000,0x1FF0,0x0000,0x7FFE,0x0100,0x0100,0x3FF0,0x0010,0x0010,0x0010,0x0010,0x0000},  /* U+D22D */
  {0x0000,0x0FF8,0x0800,0x0800,0x0FF8,0x0800,0x0FFC,0x0000,0x0000,0x7FFE,0x0080,0x0880,0x0880,0x0800,0x0FFC,0x0000},  /* U+D230 */
  {0x0000,0x1FF0,0x1000,0x1FF0,0x1000,0x1FF0,0x0000,0x7FFE,0x0100,0x0100,0x1FF0,0x0010,0x1FF0,0x1000,0x1FF8,0x0000},  /* U+D234 */
  {0x0000,0x1FF0,0x1000,0x1FF0,0x1000,0x1000,0x1FF0,0x0000,0x7FFE,0x0100,0x0100,0x1FF0,0x1010,0x1010,0x1FF0,0x0000},  /* U+D23C */
  {0x0000,0x1FF0,0x1000,0x1FF0,0x1000,0x1000,0x1FF0,0x0000,0x7FFE,0x0100,0x1110,0x1010,0x1FF0,0x1010,0x1FF0,0x0000},  /* U+D23D */
  {0x0000,0x1FF0,0x1000,0x1000,0x1FF0,0x1000,0x1FF8,0x0000,0x7FFE,0x0100,0x0100,0x0100,0x0280,0x0C60,0x3818,0x0000},  /* U+D23F */
  {0x1FF0,0x1000,0x1FF0,0x1000,0x1000,0x1FF0,0x0000,0x7FFE,0x0100,0x0100,0x07E0,0x1830,0x1010,0x1810,0x07E0,0x0000},  /* U+D241 */
  {0x0004,0x0004,0x1FC4,0x1004,0x1FC4,0x1004,0x1004,0x1FC4,0x0014,0x3FE4,0x0204,0x023C,0x0204,0x0204,0x0204,0x0000},  /* U+D248 */
  {0x3F88,0x2008,0x3F08,0x2008,0x3F88,0x0008,0x0008,0x7FE8,0x0478,0x0408,0x0410,0x0410,0x0A28,0x31C6,0x2000,0x0000},  /* U+D25C */
  {0x0014,0x3F14,0x2014,0x3F14,0x2014,0x2014,0x3F14,0x0014,0x7F94,0x0414,0x04F4,0x0414,0x0414,0x0414,0x0004,0x0000},  /* U+D264 */
  {0x0004,0x1FC4,0x1004,0x1FC4,0x1004,0x1004,0x1FC4,0x0004,0x0004,0x3FE4,0x0204,0x0204,0x0204,0x0204,0x0204,0x0000},  /* U+D280 */
  {0x1FC4,0x1004,0x1F84,0x1004,0x1FC4,0x0004,0x0004,0x3FF4,0x0204,0x0200,0x0FFC,0x0004,0x0004,0x0004,0x0004,0x0000},  /* U+D281 */
  {0x0000,0x1FC4,0x1004,0x1004,0x1F84,0x1004,0x1FC4,0x0004,0x7FE4,0x0204,0x0204,0x0804,0x0800,0x0800,0x0FFC,0x0000},  /* U+D284 */
  {0x1FC4,0x1004,0x1F84,0x1004,0x1FC4,0x0004,0x0004,0x3FF4,0x0204,0x0FFC,0x0004,0x0FFC,0x0800,0x0800,0x0FFC,0x0000},  /* U+D288 */
  {0x0000,0x1FC4,0x1004,0x1F84,0x1004,0x1FC4,0x0004,0x0004,0x3FF4,0x0204,0x0200,0x0FFC,0x0804,0x0804,0x0FFC,0x0000},  /* U+D290 */
  {0x0000,0x1FC4,0x1004,0x1F84,0x1004,0x1FC4,0x0004,0x0004,0x3FF4,0x0204,0x0A04,0x0804,0x0FFC,0x0804,0x0FFC,0x0000},  /* U+D291 */
  {0x1FC4,0x1004,0x1F84,0x1004,0x1FC4,0x0004,0x0004,0x3FF4,0x0204,0x0204,0x03F0,0x0C0C,0x0804,0x0C0C,0x03F0,0x0000},  /* U+D295 */
  {0x0FFC,0x0800,0x0800,0x0FFC,0x0800,0x0800,0x0FFC,0x0000,0x0000,0x7FFE,0x0420,0x0420,0x0420,0x0420,0x0420,0x0000},  /* U+D29C */
  {0x0000,0x0FF8,0x0800,0x0800,0x0FF8,0x0800,0x0FFC,0x0000,0x0000,0x7FFE,0x0220,0x0A20,0x0A20,0x0800,0x0FFC,0x0000},  /* U+D2A0 */
  {0x0000,0x1FF0,0x1000,0x1FF0,0x1000,0x1FF0,0x0000,0x7FFC,0x0440,0x0440,0x1FF0,0x0010,0x1FF0,0x1000,0x1FF8,0x0000},  /* U+D2A4 */
  {0x0000,0x1FF0,0x1000,0x1FF0,0x1000,0x1000,0x1FF0,0x0000,0x7FFC,0x0440,0x0440,0x1FF0,0x1010,0x1010,0x1FF0,0x0000},  /* U+D2AC */
  {0x1FF0,0x1000,0x1FF0,0x1000,0x1000,0x1FF0,0x0000,0xFFFE,0x0820,0x0820,0x0FE0,0x1830,0x1010,0x1830,0x07C0,0x0000},  /* U+D2B1 */
  {0x0000,0x0000,0x1FF8,0x1000,0x1000,0x1FF8,0x1000,0x1000,0x1FF8,0x0000,0x0000,0x0000,0xFFFE,0x0000,0x0000,0x0000},  /* U+D2B8 */
  {0x1FF0,0x1000,0x1000,0x1FF0,0x1000,0x1FF0,0x0000,0x0000,0xFFFE,0x0000,0x1FF0,0x0010,0x0010,0x0010,0x0010,0x0000},  /* U+D2B9 */
  {0x0000,0x1FF0,0x1000,0x1000,0x1FF0,0x1000,0x1000,0x1FF8,0x0000,0xFFFE,0x0000,0x1000,0x1000,0x1000,0x1FF8,0x0000},  /* U+D2BC */
  {0x0000,0x1FF0,0x1000,0x1000,0x1FF0,0x1000,0x1FF8,0x0000,0xFFFE,0x0000,0x0000,0x1FF8,0x1000,0x1000,0x1FF8,0x0000},  /* U+D2BF */
  {0x0000,0x1FF0,0x1000,0x1FF0,0x1000,0x1FF0,0x0000,0x0000,0xFFFE,0x0000,0x1FF0,0x0010,0x1FF0,0x1000,0x1FF8,0x0000},  /* U+D2C0 */
  {0x1FF0,0x1000,0x1FF0,0x1000,0x1FF8,0x0000,0x0000,0xFFFE,0x0000,0x1EF8,0x0288,0x1E88,0x1088,0x1088,0x1FF8,0x0000},  /* U+D2C2 */
  {0x0000,0x1FF0,0x1000,0x1000,0x1FF0,0x1000,0x1FF0,0x0000,0xFFFE,0x0000,0x0000,0x1FF0,0x1010,0x1010,0x1FF0,0x0000},  /* U+D2C8 */
  {0x0000,0x1FF0,0x1000,0x1FF0,0x1000,0x1000,0x1FF0,0x0000,0xFFFE,0x0000,0x1010,0x1010,0x1FF0,0x1010,0x1FF0,0x0000},  /* U+D2C9 */
  {0x1FF0,0x1000,0x1000,0x1FF0,0x1000,0x1FF8,0x0000,0x0000,0xFFFE,0x0100,0x0100,0x0280,0x0440,0x3838,0x2000,0x0000},  /* U+D2CB */
  {0x0004,0x1FC4,0x1004,0x1004,0x1FC4,0x1004,0x1004,0x1FC4,0x0004,0x0034,0x3FC4,0x0004,0x0004,0x0004,0x0004,0x0000},  /* U+D2D4 */
  {0x0000,0x0004,0x1FC4,0x1004,0x1F84,0x1004,0x1FC4,0x0004,0x0004,0x3FF4,0x0004,0x0804,0x0800,0x0800,0x0FFC,0x0000},  /* U+D2D8 */
  {0x1FC4,0x1004,0x1F84,0x1004,0x1FC4,0x0004,0x0004,0x3FF4,0x0000,0x0FFC,0x0004,0x0FFC,0x0800,0x0800,0x0FFC,0x0000},  /* U+D2DC */
  {0x0000,0x1FC4,0x1004,0x1004,0x1F84,0x1004,0x1FC4,0x0004,0x3FF4,0x0004,0x0000,0x0FFC,0x0804,0x0804,0x0FFC,0x0000},  /* U+D2E4 */
  {0x0000,0x1FC4,0x1004,0x1F84,0x1004,0x1004,0x1FC4,0x0004,0x3FF4,0x0004,0x0804,0x0804,0x0FFC,0x0804,0x0FFC,0x0000},  /* U+D2E5 */
  {0x0008,0x3F88,0x2008,0x2008,0x2008,0x3F88,0x2008,0x2008,0x2008,0x2008,0x3FC8,0x0008,0x0008,0x0008,0x0008,0x0000},  /* U+D2F0 */
  {0x0008,0x3F08,0x2008,0x2008,0x3F08,0x2008,0x2008,0x3F88,0x0008,0x0000,0x0FF8,0x0008,0x0008,0x0008,0x0008,0x0000},  /* U+D2F1 */
  {0x0000,0x0008,0x3F08,0x2008,0x2008,0x3F08,0x2008,0x2008,0x2008,0x3F88,0x0008,0x0808,0x0800,0x0800,0x0FF8,0x0000},  /* U+D2F4 */
  {0x3F08,0x2008,0x2008,0x3F08,0x2008,0x2008,0x3F88,0x0008,0x0000,0x0FF8,0x0008,0x0FF8,0x0800,0x0800,0x0FF8,0x0000},  /* U+D2F8 */
  {0x0000,0x3F08,0x2008,0x2008,0x2008,0x3F08,0x2008,0x2008,0x3F88,0x0008,0x0FF8,0x0808,0x0808,0x0808,0x0FF8,0x0000},  /* U+D300 */
  {0x0000,0x3F08,0x2008,0x2008,0x3F08,0x2008,0x2008,0x2008,0x3F88,0x0000,0x0808,0x0808,0x0FF8,0x0808,0x0FF8,0x0000},  /* U+D301 */
  {0x0000,0x0008,0x3F08,0x2008,0x2008,0x3F08,0x2008,0x2008,0x3F88,0x0008,0x0088,0x0180,0x01C0,0x0620,0x181C,0x0000},  /* U+D303 */
  {0x3F08,0x2008,0x2008,0x2008,0x3F08,0x2008,0x2008,0x3F88,0x0008,0x03E0,0x0C18,0x0808,0x0808,0x0C10,0x03E0,0x0000},  /* U+D305 */
  {0x0010,0x7F90,0x1110,0x1110,0x1110,0x1110,0x111C,0x1110,0x1110,0x7FD0,0x0010,0x0010,0x0010,0x0010,0x0010,0x0000},  /* U+D30C */
  {0x0000,0x0010,0x7FD0,0x1110,0x1110,0x111C,0x1110,0x7FD0,0x0010,0x0000,0x1FF0,0x0010,0x0010,0x0010,0x0010,0x0000},  /* U+D30D */
  {0x0000,0x0010,0x7FD0,0x1110,0x1110,0x111C,0x1110,0x7FD0,0x0010,0x0000,0x1FF0,0x0110,0x0110,0x0110,0x0110,0x0000},  /* U+D30E */
  {0x0010,0x0010,0x7FD0,0x1110,0x1110,0x111C,0x1110,0x1110,0x7FD0,0x0010,0x0010,0x0800,0x0800,0x0800,0x0FFC,0x0000},  /* U+D310 */
  {0x7FD0,0x1110,0x1110,0x111C,0x1110,0x1110,0x7FD0,0x0000,0x1FF0,0x0010,0x0010,0x1FF0,0x1000,0x1000,0x1FF0,0x0000},  /* U+D314 */
  {0x7FD0,0x1110,0x1110,0x111C,0x1110,0x1110,0x7FD0,0x0010,0x1EF0,0x0290,0x0290,0x1E90,0x1090,0x1090,0x1FF0,0x0000},  /* U+D316 */
  {0x0000,0x0010,0x7FD0,0x1110,0x1110,0x111C,0x1110,0x7FD0,0x0010,0x0010,0x1FF0,0x1010,0x1010,0x1010,0x1FF0,0x0000},  /* U+D31C */
  {0x0010,0x7FD0,0x1110,0x1110,0x111C,0x1110,0x1110,0x7FD0,0x0000,0x1010,0x1010,0x1FF0,0x1010,0x1010,0x1FF0,0x0000},  /* U+D31D */
  {0x0000,0x0010,0x7FD0,0x1110,0x1110,0x111C,0x1110,0x1110,0x7FD0,0x0010,0x0100,0x0180,0x02C0,0x0460,0x381C,0x0000},  /* U+D31F */
  {0x0000,0x0010,0x7FD0,0x1110,0x1110,0x111C,0x1110,0x7FD0,0x0010,0x0420,0x0420,0x0420,0x0E50,0x1A58,0x318C,0x0000},  /* U+D320 */
  {0x0010,0x7FD0,0x1110,0x1110,0x111C,0x1110,0x7FD0,0x0010,0x0010,0x07C0,0x0830,0x1010,0x1010,0x0830,0x07C0,0x0000},  /* U+D321 */
  {0x7FD0,0x1110,0x1110,0x111C,0x1110,0x1110,0x7FD0,0x0000,0x0FF0,0x0800,0x0800,0x0FF0,0x0800,0x0800,0x0FF8,0x0000},  /* U+D325 */
  {0x0024,0x7FA4,0x1124,0x1124,0x1124,0x1124,0x113C,0x1124,0x1124,0x7FE4,0x0024,0x0024,0x0024,0x0024,0x0004,0x0000},  /* U+D328 */
  {0x0000,0x0024,0x7FA4,0x1124,0x1124,0x113C,0x1124,0x7FE4,0x0024,0x0024,0x0FFC,0x0004,0x0004,0x0004,0x0004,0x0000},  /* U+D329 */
  {0x0004,0x0024,0x7FA4,0x1124,0x1124,0x113C,0x1124,0x1124,0x7FE4,0x0024,0x0424,0x0400,0x0400,0x0400,0x07FE,0x0000},  /* U+D32C */
  {0x7FA4,0x1124,0x1124,0x1124,0x113C,0x1124,0x7FE4,0x0024,0x0000,0x07FC,0x0004,0x07FC,0x0400,0x0400,0x07FE,0x0000},  /* U+D330 */
  {0x0000,0x0024,0x7FA4,0x1124,0x1124,0x113C,0x1124,0x7FE4,0x0024,0x0004,0x07FC,0x0404,0x0404,0x0404,0x07FC,0x0000},  /* U+D338 */
  {0x0000,0x7FA4,0x1124,0x1124,0x1124,0x113C,0x1124,0x7FE4,0x0024,0x0404,0x0404,0x07FC,0x0404,0x0404,0x07FC,0x0000},  /* U+D339 */
  {0x0000,0x0024,0x7FA4,0x1124,0x1124,0x113C,0x1124,0x1124,0x7FE4,0x0024,0x0084,0x00C0,0x0160,0x0230,0x1C0E,0x0000},  /* U+D33B */
  {0x0000,0x0048,0xFF48,0x2248,0x2248,0x2278,0x2248,0xFFC8,0x0048,0x0218,0x0210,0x0210,0x0718,0x0D2C,0x18C6,0x0000},  /* U+D33C */
  {0x0024,0x7FA4,0x1124,0x1124,0x113C,0x1124,0x7FE4,0x0024,0x0004,0x01F0,0x0608,0x0404,0x0404,0x0608,0x01F0,0x0000},  /* U+D33D */
  {0x0000,0x0010,0x7F90,0x1110,0x1110,0x111C,0x1110,0x1110,0x1110,0x111C,0x7FD0,0x0010,0x0010,0x0010,0x0010,0x0000},  /* U+D344 */
  {0x0010,0x0010,0x7FD0,0x111C,0x1110,0x1110,0x111C,0x7FD0,0x0010,0x0000,0x1FF0,0x0010,0x0010,0x0010,0x0010,0x0000},  /* U+D345 */
  {0x0004,0x3FC4,0x0884,0x0884,0x0884,0x08BC,0x0884,0x0884,0x0884,0x3FE4,0x0004,0x0004,0x0004,0x0004,0x0004,0x0000},  /* U+D37C */
  {0x0004,0x0004,0x3FE4,0x0884,0x08BC,0x0884,0x0884,0x3FE4,0x0004,0x0000,0x07FC,0x0004,0x0004,0x0004,0x0004,0x0000},  /* U+D37D */
  {0x0000,0x0004,0x3FE4,0x0884,0x0884,0x08BC,0x0884,0x0884,0x3FE4,0x0004,0x0404,0x0404,0x0400,0x0400,0x07FC,0x0000},  /* U+D380 */
  {0x3FE4,0x0884,0x0884,0x08BC,0x0884,0x0884,0x3FE4,0x0004,0x07FC,0x0004,0x0004,0x07FC,0x0400,0x0400,0x07FC,0x0000},  /* U+D384 */
  {0x0000,0x3FE4,0x0884,0x0884,0x08BC,0x0884,0x0884,0x3FE4,0x0004,0x0000,0x07FC,0x0404,0x0404,0x0404,0x07FC,0x0000},  /* U+D38C */
  {0x0000,0x3FE4,0x0884,0x0884,0x08BC,0x0884,0x0884,0x3FE4,0x0004,0x0404,0x0404,0x07FC,0x0404,0x0404,0x07FC,0x0000},  /* U+D38D */
  {0x0008,0x0008,0x7FC8,0x1108,0x1178,0x1108,0x1108,0x1108,0x7FC8,0x0008,0x0080,0x0180,0x0340,0x0630,0x181C,0x0000},  /* U+D38F */
  {0x0000,0x7FC8,0x1108,0x1108,0x1178,0x1108,0x1108,0x7FC8,0x0008,0x0410,0x0410,0x0410,0x0E28,0x1B68,0x3186,0x0000},  /* U+D390 */
  {0x3FE4,0x0884,0x0884,0x08BC,0x0884,0x0884,0x3FE4,0x0004,0x0000,0x01F0,0x0608,0x0404,0x0404,0x0608,0x01F0,0x0000},  /* U+D391 */
  {0x0014,0x7F94,0x1114,0x1114,0x1114,0x1174,0x1114,0x1114,0x1114,0x7FD4,0x0014,0x0014,0x0014,0x0014,0x0004,0x0000},  /* U+D398 */
  {0x0000,0x0014,0x7F94,0x1114,0x1174,0x1114,0x1114,0x7FD4,0x0014,0x0000,0x0FFC,0x0004,0x0004,0x0004,0x0004,0x0000},  /* U+D399 */
  {0x0000,0x0014,0x7F94,0x1114,0x1114,0x1174,0x1114,0x1114,0x7FD4,0x0014,0x0414,0x0404,0x0400,0x0400,0x07FE,0x0000},  /* U+D39C */
  {0x7F94,0x1114,0x1114,0x1174,0x1114,0x1114,0x7FD4,0x0014,0x0000,0x07FC,0x0004,0x07FC,0x0400,0x0400,0x07FE,0x0000},  /* U+D3A0 */
  {0x0000,0x0014,0x7F94,0x1114,0x1174,0x1114,0x1114,0x7FD4,0x0014,0x0000,0x07FC,0x0404,0x0404,0x0404,0x07FC,0x0000},  /* U+D3A8 */
  {0x0000,0x7F94,0x1114,0x1114,0x1174,0x1114,0x1114,0x7FD4,0x0014,0x0404,0x0404,0x07FC,0x0404,0x0404,0x07FC,0x0000},  /* U+D3A9 */
  {0x0000,0x0014,0x7F94,0x1114,0x1174,0x1114,0x1114,0x1114,0x7FD4,0x0004,0x0084,0x00C0,0x0160,0x0230,0x1C0E,0x0000},  /* U+D3AB */
  {0x0014,0x7F94,0x1114,0x1174,0x1114,0x1114,0x7FD4,0x0014,0x0004,0x01F0,0x0608,0x0404,0x0404,0x0608,0x01F0,0x0000},  /* U+D3AD */
  {0x0004,0x3FE4,0x0884,0x08BC,0x0884,0x0884,0x0884,0x08BC,0x0884,0x3FE4,0x0004,0x0004,0x0004,0x0004,0x0004,0x0000},  /* U+D3B4 */
  {0x0004,0x0004,0x3FE4,0x08BC,0x0884,0x0884,0x08BC,0x0884,0x3FE4,0x0004,0x0404,0x0400,0x0400,0x0400,0x07FC,0x0000},  /* U+D3B8 */
  {0x3FE4,0x0884,0x08BC,0x0884,0x08BC,0x0884,0x3FE4,0x0000,0x07FC,0x0004,0x0004,0x07FC,0x0400,0x0400,0x07FC,0x0000},  /* U+D3BC */
  {0x0000,0x3FE4,0x0884,0x08BC,0x0884,0x0884,0x08BC,0x0884,0x3FE4,0x0004,0x07FC,0x0404,0x0404,0x0404,0x07FC,0x0000},  /* U+D3C4 */
  {0x0000,0x3FE4,0x0884,0x08BC,0x0884,0x08BC,0x0884,0x3FE4,0x0000,0x0404,0x0404,0x07FC,0x0404,0x0404,0x07FC,0x0000},  /* U+D3C5 */
  {0x0000,0x7FC8,0x1108,0x1178,0x1108,0x1108,0x1178,0x1108,0x7FC8,0x0410,0x0410,0x0410,0x0E28,0x1B6C,0x3186,0x0000},  /* U+D3C8 */
  {0x3FE4,0x0884,0x08BC,0x0884,0x0884,0x08BC,0x0884,0x3FE4,0x0004,0x01F0,0x0608,0x0404,0x0404,0x0608,0x01F0,0x0000},  /* U+D3C9 */
  {0x0014,0x7F94,0x1114,0x1174,0x1114,0x1114,0x1114,0x1174,0x1114,0x7FD4,0x0014,0x0014,0x0014,0x0014,0x0004,0x0000},  /* U+D3D0 */
  {0x7F14,0x1214,0x1274,0x1214,0x1274,0x1214,0x7F94,0x0004,0x0000,0x07FC,0x0004,0x07FC,0x0400,0x0400,0x07FE,0x0000},  /* U+D3D8 */
  {0x0000,0x7F14,0x1214,0x1274,0x1214,0x1274,0x1214,0x7F94,0x0004,0x0404,0x0404,0x07FC,0x0404,0x0404,0x07FC,0x0000},  /* U+D3E1 */
  {0x0000,0x0014,0x7F14,0x1274,0x1214,0x1214,0x1274,0x1214,0x7F94,0x0014,0x0084,0x00C0,0x0160,0x0230,0x1C0E,0x0000},  /* U+D3E3 */
  {0x0000,0x0000,0x3FF8,0x0820,0x0820,0x0820,0x0820,0x0820,0x3FF8,0x0100,0x0100,0x0100,0x7FFE,0x0000,0x0000,0x0000},  /* U+D3EC */
  {0x1FF0,0x0440,0x0440,0x0440,0x1FF0,0x0100,0x0100,0x7FFE,0x0000,0x0000,0x3FF0,0x0010,0x0010,0x0010,0x0010,0x0000},  /* U+D3ED */
  {0x0000,0x1FF0,0x0440,0x0440,0x0440,0x0440,0x1FF0,0x0100,0x0100,0x7FFE,0x0000,0x1000,0x1000,0x1000,0x1FF8,0x0000},  /* U+D3F0 */
  {0x0000,0x1FF0,0x0440,0x0440,0x0440,0x1FF0,0x0100,0x7FFE,0x0000,0x1FF0,0x0010,0x0010,0x1FF0,0x1000,0x1FF8,0x0000},  /* U+D3F4 */
  {0x0000,0x1FF0,0x0440,0x0440,0x0440,0x1FF0,0x0100,0x0100,0x7FFE,0x0000,0x0000,0x1FF0,0x1010,0x1010,0x1FF0,0x0000},  /* U+D3FC */
  {0x0000,0x1FF0,0x0440,0x0440,0x0440,0x1FF0,0x0100,0x0100,0x7FFE,0x0000,0x1010,0x1010,0x1FF0,0x1010,0x1FF0,0x0000},  /* U+D3FD */
  {0x1FF0,0x0440,0x0440,0x0440,0x1FF0,0x0100,0x0100,0x7FFE,0x0000,0x0100,0x0100,0x0280,0x0440,0x3838,0x2000,0x0000},  /* U+D3FF */
  {0x1FF0,0x0440,0x0440,0x0440,0x1FF0,0x0100,0x0100,0x7FFE,0x0000,0x07C0,0x1830,0x1010,0x1010,0x1830,0x07C0,0x0000},  /* U+D401 */
  {0x0000,0x0010,0x7FD0,0x1110,0x1110,0x1110,0x1110,0x111C,0x7FD0,0x0410,0x0410,0x0410,0x7FD0,0x0010,0x0010,0x0000},  /* U+D408 */
  {0x0010,0x7F90,0x1110,0x1110,0x1110,0x7FDC,0x0410,0x0410,0x7FF0,0x0010,0x07C0,0x1830,0x1010,0x1010,0x1830,0x07C0},  /* U+D41D */
  {0x0004,0x3FE4,0x0884,0x0884,0x0884,0x0884,0x3FE4,0x0204,0x0204,0x0204,0x0204,0x3FE4,0x0004,0x0004,0x0004,0x0000},  /* U+D440 */
  {0x0000,0x0004,0x3FC4,0x0884,0x0884,0x0884,0x3FE4,0x0204,0x0204,0x3FF4,0x0004,0x0804,0x0800,0x0800,0x0FFC,0x0000},  /* U+D444 */
  {0x0000,0x0000,0x3FF8,0x0820,0x0820,0x0820,0x0820,0x3FF8,0x0820,0x0820,0x0820,0x0820,0xFFFE,0x0000,0x0000,0x0000},  /* U+D45C */
  {0x0000,0x1FF8,0x0820,0x0820,0x0820,0x0820,0x3FF8,0x0820,0x0820,0xFFFE,0x0000,0x1000,0x1000,0x1000,0x1FF8,0x0000},  /* U+D460 */
  {0x0000,0x1FF0,0x0820,0x0820,0x0820,0x3FF8,0x0820,0xFFFE,0x0000,0x1FF0,0x0010,0x0010,0x1FF0,0x1000,0x1FF8,0x0000},  /* U+D464 */
  {0x0000,0x1FF0,0x0820,0x0820,0x0820,0x3FF8,0x0820,0x0820,0xFFFE,0x0000,0x1010,0x1010,0x1FF0,0x1010,0x1FF0,0x0000},  /* U+D46D */
  {0x3FF8,0x0820,0x0820,0x0820,0x3FF8,0x0820,0x0820,0xFFFE,0x0000,0x0100,0x0100,0x0280,0x0440,0x3838,0x2000,0x0000},  /* U+D46F */
  {0x0000,0x3FF8,0x0820,0x0820,0x0820,0x0820,0x3FF8,0x0000,0x0000,0x7FFE,0x0100,0x0100,0x0100,0x0100,0x0100,0x0000},  /* U+D478 */
  {0x1FF0,0x0440,0x0440,0x0440,0x1FF0,0x0000,0x0000,0x7FFE,0x0100,0x0100,0x3FF0,0x0010,0x0010,0x0010,0x0010,0x0000},  /* U+D479 */
  {0x0000,0x0FF8,0x0220,0x0220,0x0220,0x0220,0x0FF8,0x0000,0x7FFE,0x0080,0x0880,0x0880,0x0800,0x0800,0x0FFC,0x0000},  /* U+D47C */
  {0x0000,0x1FF0,0x0440,0x0440,0x0440,0x1FF0,0x0000,0x0000,0x7FFE,0x0100,0x0100,0x1FF0,0x1000,0x1000,0x1FF8,0x0000},  /* U+D47F */
  {0x0000,0x1FF0,0x0440,0x0440,0x0440,0x1FF0,0x0000,0x7FFE,0x0100,0x0100,0x1FF0,0x0010,0x1FF0,0x1000,0x1FF8,0x0000},  /* U+D480 */
  {0x1FF0,0x0440,0x0440,0x0440,0x3FF8,0x0000,0x7FFE,0x0100,0x0100,0x3EF8,0x0288,0x3E88,0x2088,0x2088,0x3EF8,0x0000},  /* U+D482 */
  {0x0000,0x1FF0,0x0440,0x0440,0x0440,0x1FF0,0x0000,0x0000,0x7FFE,0x0100,0x0100,0x1FF0,0x1010,0x1010,0x1FF0,0x0000},  /* U+D488 */
  {0x0000,0x1FF0,0x0440,0x0440,0x0440,0x1FF0,0x0000,0x0000,0x7FFE,0x0100,0x1110,0x1010,0x1FF0,0x1010,0x1FF0,0x0000},  /* U+D489 */
  {0x1FF0,0x0440,0x0440,0x0440,0x1FF0,0x0000,0x0000,0x7FFE,0x0100,0x0100,0x0100,0x0280,0x0460,0x3838,0x2000,0x0000},  /* U+D48B */
  {0x1FF0,0x0440,0x0440,0x0440,0x1FF0,0x0000,0x0000,0x7FFE,0x0100,0x0100,0x07E0,0x1830,0x1010,0x1830,0x07C0,0x0000},  /* U+D48D */
  {0x0004,0x0004,0x1FC4,0x0884,0x0884,0x0884,0x3FE4,0x0004,0x0014,0x3FE4,0x0204,0x023C,0x0204,0x0204,0x0204,0x0000},  /* U+D494 */
  {0x1FC4,0x0884,0x0884,0x0884,0x3FE4,0x0004,0x3FF4,0x0204,0x023C,0x0004,0x03F0,0x0C0C,0x0804,0x0C0C,0x03F0,0x0000},  /* U+D4A9 */
  {0x0004,0x3FC4,0x0884,0x0884,0x0884,0x0884,0x3FE4,0x0014,0x3FE4,0x0204,0x0204,0x0204,0x0204,0x0204,0x0004,0x0000},  /* U+D4CC */
  {0x0000,0x1FC4,0x0884,0x0884,0x0884,0x3FE4,0x0004,0x0004,0x7FE4,0x0204,0x0204,0x0A04,0x0800,0x0800,0x0FFC,0x0000},  /* U+D4D0 */
  {0x1FC4,0x0884,0x0884,0x0884,0x3FE4,0x0004,0x3FF4,0x0204,0x0200,0x0FFC,0x0004,0x0FFC,0x0800,0x0800,0x0FFC,0x0000},  /* U+D4D4 */
  {0x0000,0x1FC4,0x0884,0x0884,0x0884,0x3FE4,0x0004,0x3FF4,0x0204,0x0204,0x0000,0x0FFC,0x0804,0x0804,0x0FFC,0x0000},  /* U+D4DC */
  {0x0000,0x0008,0x3F88,0x1108,0x1108,0x7FC8,0x0008,0x0008,0x7FE8,0x0408,0x0488,0x0180,0x0140,0x0620,0x1C1C,0x0000},  /* U+D4DF */
  {0x0000,0x3FF8,0x0820,0x0820,0x0820,0x0820,0x3FF8,0x0000,0x0000,0xFFFE,0x0820,0x0820,0x0820,0x0820,0x0820,0x0000},  /* U+D4E8 */
  {0x0000,0x1FF0,0x0440,0x0440,0x0440,0x0440,0x1FF0,0x0000,0x7FFC,0x0240,0x1240,0x1240,0x1000,0x1000,0x1FF8,0x0000},  /* U+D4EC */
  {0x0000,0x1FF0,0x0440,0x0440,0x0440,0x1FF0,0x0000,0x7FFC,0x0440,0x0440,0x1FF0,0x0010,0x1FF0,0x1000,0x1FF8,0x0000},  /* U+D4F0 */
  {0x0000,0x1FF0,0x0440,0x0440,0x0440,0x1FF0,0x0000,0x0000,0x7FFC,0x0440,0x0440,0x1FF0,0x1010,0x1010,0x1FF0,0x0000},  /* U+D4F8 */
  {0x1FF0,0x0440,0x0440,0x0440,0x1FF0,0x0000,0x0000,0x7FFC,0x0440,0x0440,0x0540,0x0380,0x06C0,0x3838,0x2000,0x0000},  /* U+D4FB */
  {0x1FF0,0x0440,0x0440,0x0440,0x1FF0,0x0000,0x0000,0x7FFC,0x0440,0x0440,0x0FE0,0x1830,0x1010,0x1830,0x07C0,0x0000},  /* U+D4FD */
  {0x0000,0x0000,0x3FF8,0x0820,0x0820,0x0820,0x0820,0x0820,0x3FF8,0x0000,0x0000,0x0000,0xFFFE,0x0000,0x0000,0x0000},  /* U+D504 */
  {0x0000,0x1FF0,0x0440,0x0440,0x0440,0x0440,0x1FF0,0x0000,0x0000,0xFFFE,0x1000,0x1000,0x1000,0x1000,0x1FF8,0x0000},  /* U+D508 */
  {0x0000,0x1FF0,0x0440,0x0440,0x0440,0x1FF0,0x0000,0xFFFE,0x0000,0x1FF0,0x0010,0x0010,0x1FF0,0x1000,0x1FF8,0x0000},  /* U+D50C */
  {0x0000,0x1FF0,0x0440,0x0440,0x0440,0x1FF0,0x0000,0x0000,0xFFFE,0x0000,0x1FF0,0x1010,0x1010,0x1010,0x1FF0,0x0000},  /* U+D514 */
  {0x0000,0x1FF0,0x0440,0x0440,0x0440,0x1FF0,0x0000,0x0000,0xFFFE,0x0000,0x1010,0x1010,0x1FF0,0x1010,0x1FF0,0x0000},  /* U+D515 */
  {0x0000,0x3FF0,0x0840,0x0840,0x0840,0x3FF0,0x0000,0x0000,0xFFFE,0x0000,0x0100,0x0300,0x0780,0x0CC0,0x3838,0x0000},  /* U+D517 */
  {0x0004,0x3FC4,0x0884,0x0884,0x0884,0x0884,0x0884,0x0884,0x0884,0x3FE4,0x0004,0x0004,0x0004,0x0004,0x0004,0x0000},  /* U+D53C */
  {0x0004,0x3FE4,0x0884,0x0884,0x0884,0x0884,0x3FE4,0x0004,0x0000,0x07FC,0x0004,0x0004,0x0004,0x0004,0x0004,0x0000},  /* U+D53D */
  {0x0000,0x0004,0x3FE4,0x0884,0x0884,0x0884,0x0884,0x0884,0x3FE4,0x0004,0x0404,0x0400,0x0400,0x0400,0x07FC,0x0000},  /* U+D540 */
  {0x3FE4,0x0884,0x0884,0x0884,0x0884,0x0884,0x3FE4,0x0004,0x07FC,0x0004,0x0004,0x07FC,0x0400,0x0400,0x07FC,0x0000},  /* U+D544 */
  {0x0000,0x3FE4,0x0884,0x0884,0x0884,0x0884,0x0884,0x3FE4,0x0004,0x0000,0x07FC,0x0404,0x0404,0x0404,0x07FC,0x0000},  /* U+D54C */
  {0x0000,0x3FE4,0x0884,0x0884,0x0884,0x0884,0x0884,0x3FE4,0x0004,0x0404,0x0404,0x07FC,0x0404,0x0404,0x07FC,0x0000},  /* U+D54D */
  {0x0000,0x0008,0x7FC8,0x1108,0x1108,0x1108,0x1108,0x1108,0x7FC8,0x0008,0x0080,0x0180,0x0340,0x0620,0x181C,0x0000},  /* U+D54F */
  {0x3FE4,0x0884,0x0884,0x0884,0x0884,0x0884,0x3FE4,0x0004,0x0004,0x01F0,0x0608,0x0404,0x0404,0x0608,0x01F0,0x0000},  /* U+D551 */
  {0x1F10,0x0010,0x0010,0x7FD0,0x0010,0x0E10,0x111C,0x2090,0x2090,0x2090,0x1110,0x0E10,0x0010,0x0010,0x0010,0x0000},  /* U+D558 */
  {0x0010,0x1F10,0x0010,0x7FD0,0x0010,0x1F1C,0x2090,0x2090,0x2090,0x1F10,0x0000,0x1FF0,0x0010,0x0010,0x0010,0x0010},  /* U+D559 */
  {0x0010,0x1F10,0x0010,0x7FD0,0x0010,0x0E10,0x319C,0x2090,0x2090,0x3190,0x0E10,0x1010,0x1000,0x1000,0x1FF8,0x0000},  /* U+D55C */
  {0x1F10,0x0010,0x7FD0,0x1F10,0x209C,0x2090,0x2090,0x1F10,0x0000,0x1FF0,0x0010,0x1FF0,0x1000,0x1000,0x1FF0,0x0000},  /* U+D560 */
  {0x1F10,0x0010,0x7FD0,0x1F10,0x309C,0x2090,0x3090,0x1F10,0x0000,0x3EF8,0x0280,0x3EF8,0x2080,0x2080,0x3EF8,0x0000},  /* U+D565 */
  {0x0010,0x1F10,0x0010,0x7FD0,0x0010,0x1F1C,0x2090,0x2090,0x2090,0x1F10,0x0000,0x1FF0,0x1010,0x1010,0x1FF0,0x0000},  /* U+D568 */
  {0x0000,0x1F10,0x0010,0x7FD0,0x1F10,0x209C,0x2090,0x2090,0x1F10,0x0000,0x1010,0x1010,0x1FF0,0x1010,0x1FF0,0x0000},  /* U+D569 */
  {0x0000,0x1F10,0x0010,0x7FD0,0x0010,0x1F10,0x209C,0x2090,0x2090,0x1F10,0x0090,0x0080,0x0140,0x0620,0x1C1C,0x0000},  /* U+D56B */
  {0x0010,0x1F10,0x0010,0x7FD0,0x0010,0x1F1C,0x2090,0x2090,0x2090,0x1F10,0x0000,0x07E0,0x1830,0x1010,0x1830,0x07C0},  /* U+D56D */
  {0x0024,0x0F24,0x0024,0x3FA4,0x0024,0x0F24,0x19BC,0x10A4,0x10A4,0x10A4,0x19A4,0x0F24,0x0024,0x0024,0x0004,0x0000},  /* U+D574 */
  {0x0F24,0x0024,0x3FA4,0x0024,0x0F3C,0x10A4,0x10A4,0x10A4,0x0F24,0x0000,0x0FFC,0x0004,0x0004,0x0004,0x0004,0x0000},  /* U+D575 */
  {0x0000,0x1E48,0x0048,0x7F48,0x0048,0x1E48,0x2178,0x2148,0x2148,0x1E48,0x0048,0x0848,0x0800,0x0800,0x0FFC,0x0000},  /* U+D578 */
  {0x1E48,0x0048,0x7F48,0x1E48,0x2178,0x2148,0x2148,0x1E48,0x0000,0x0FF8,0x0008,0x0FF8,0x0800,0x0800,0x0FFC,0x0000},  /* U+D57C */
  {0x0000,0x0F24,0x0024,0x3FA4,0x0024,0x0F3C,0x10A4,0x10A4,0x10A4,0x0F24,0x0000,0x07FC,0x0404,0x0404,0x07FC,0x0000},  /* U+D584 */
  {0x0000,0x0F24,0x0024,0x3FA4,0x0F24,0x10BC,0x10A4,0x10A4,0x0F24,0x0000,0x0404,0x0404,0x07FC,0x0404,0x07FC,0x0000},  /* U+D585 */
  {0x0008,0x1E48,0x0048,0x7F48,0x0048,0x1E78,0x2148,0x2148,0x2148,0x1E48,0x0088,0x0180,0x0140,0x0620,0x181C,0x0000},  /* U+D587 */
  {0x1E48,0x0048,0x7F48,0x0048,0x1E78,0x2148,0x2148,0x2148,0x1E48,0x0210,0x0210,0x0718,0x0D2C,0x18C6,0x1002,0x0000},  /* U+D588 */
  {0x0F24,0x0024,0x3FA4,0x0024,0x0F3C,0x10A4,0x10A4,0x10A4,0x0F24,0x0000,0x01F0,0x060C,0x0404,0x060C,0x01F0,0x0000},  /* U+D589 */
  {0x0000,0x1F10,0x0010,0x0010,0x7FD0,0x001C,0x0E10,0x1110,0x2090,0x209C,0x2090,0x1110,0x0E10,0x0010,0x0010,0x0000},  /* U+D590 */
  {0x1F10,0x0010,0x7FD0,0x001C,0x1F10,0x2090,0x209C,0x2090,0x1F10,0x0010,0x07E0,0x1830,0x1010,0x1830,0x07C0,0x0000},  /* U+D5A5 */
  {0x0000,0x0F84,0x0004,0x0004,0x3FE4,0x0004,0x0704,0x08BC,0x1044,0x1044,0x1044,0x0884,0x0704,0x0004,0x0004,0x0000},  /* U+D5C8 */
  {0x0004,0x0F84,0x0004,0x3FE4,0x0004,0x0F9C,0x1044,0x1044,0x1044,0x0F84,0x0000,0x07FC,0x0004,0x0004,0x0004,0x0004},  /* U+D5C9 */
  {0x0000,0x0F84,0x0004,0x3FE4,0x0004,0x0704,0x18DC,0x1044,0x1044,0x18C4,0x0704,0x0404,0x0400,0x0400,0x07FC,0x0000},  /* U+D5CC */
  {0x0F84,0x0004,0x3FE4,0x0F84,0x105C,0x1044,0x1044,0x0F84,0x0000,0x07FC,0x0004,0x07FC,0x0400,0x0400,0x07FC,0x0000},  /* U+D5D0 */
  {0x0784,0x0004,0x3FE4,0x0784,0x087C,0x0844,0x0844,0x0784,0x0000,0x0F7C,0x0144,0x0F44,0x0844,0x0844,0x0FFC,0x0000},  /* U+D5D2 */
  {0x0004,0x0F84,0x0004,0x3FE4,0x0004,0x0F9C,0x1044,0x1044,0x1044,0x0F84,0x0000,0x07FC,0x0404,0x0404,0x07FC,0x0000},  /* U+D5D8 */
  {0x0004,0x0F84,0x0004,0x3FE4,0x0F84,0x105C,0x1044,0x1044,0x0F84,0x0000,0x0404,0x0404,0x07FC,0x0404,0x07FC,0x0000},  /* U+D5D9 */
  {0x0000,0x1F08,0x0008,0x7FC8,0x0008,0x1F08,0x20B8,0x2088,0x2088,0x1F08,0x0088,0x0080,0x0140,0x0220,0x1C1C,0x0000},  /* U+D5DB */
  {0x0004,0x0F84,0x0004,0x3FE4,0x0004,0x0F9C,0x1044,0x1044,0x1044,0x0F84,0x0000,0x01F0,0x060C,0x0404,0x060C,0x01F0},  /* U+D5DD */
  {0x0014,0x0F14,0x0014,0x3F94,0x0014,0x0F14,0x1994,0x10F4,0x1094,0x1094,0x1994,0x0F14,0x0014,0x0014,0x0004,0x0000},  /* U+D5E4 */
  {0x0F14,0x0014,0x3F94,0x0014,0x0F14,0x10F4,0x1094,0x1094,0x0F14,0x0000,0x0FFC,0x0004,0x0004,0x0004,0x0004,0x0000},  /* U+D5E5 */
  {0x0000,0x1E28,0x0028,0x7F28,0x0028,0x1E28,0x21E8,0x2128,0x2128,0x1E28,0x0028,0x0828,0x0800,0x0800,0x0FFC,0x0000},  /* U+D5E8 */
  {0x1E28,0x0028,0x7F28,0x1E28,0x21E8,0x2128,0x2128,0x1E28,0x0000,0x0FF8,0x0008,0x0FF8,0x0800,0x0800,0x0FFC,0x0000},  /* U+D5EC */
  {0x0000,0x0F14,0x0014,0x3F94,0x0014,0x0F74,0x1094,0x1094,0x1094,0x0F14,0x0000,0x07FC,0x0404,0x0404,0x07FC,0x0000},  /* U+D5F4 */
  {0x0000,0x0F14,0x0014,0x3F94,0x0F14,0x10F4,0x1094,0x1094,0x0F14,0x0000,0x0404,0x0404,0x07FC,0x0404,0x07FC,0x0000},  /* U+D5F5 */
  {0x0000,0x1E28,0x0028,0x7F28,0x0028,0x1E28,0x21E8,0x2128,0x2128,0x1E28,0x0088,0x0180,0x0140,0x0620,0x181C,0x0000},  /* U+D5F7 */
  {0x0F14,0x0014,0x3F94,0x0014,0x0F74,0x1094,0x1094,0x1094,0x0F14,0x0000,0x01F0,0x060C,0x0404,0x060C,0x01F0,0x0000},  /* U+D5F9 */
  {0x0004,0x0F84,0x0004,0x0004,0x3FE4,0x0004,0x073C,0x0884,0x1044,0x105C,0x1044,0x0884,0x0704,0x0004,0x0004,0x0000},  /* U+D600 */
  {0x0F84,0x0004,0x3FE4,0x0004,0x0F9C,0x1044,0x105C,0x1044,0x0F84,0x0000,0x07FC,0x0004,0x0004,0x0004,0x0004,0x0000},  /* U+D601 */
  {0x0004,0x0F84,0x0004,0x3FE4,0x0004,0x071C,0x18C4,0x1044,0x105C,0x18C4,0x0704,0x0404,0x0400,0x0400,0x07FC,0x0000},  /* U+D604 */
  {0x0F84,0x0004,0x3FE4,0x0F84,0x105C,0x1044,0x105C,0x0F84,0x0000,0x07FC,0x0004,0x07FC,0x0400,0x0400,0x07FC,0x0000},  /* U+D608 */
  {0x0000,0x0F84,0x0004,0x3FE4,0x0004,0x0F9C,0x1044,0x105C,0x1044,0x0F84,0x0000,0x07FC,0x0404,0x0404,0x07FC,0x0000},  /* U+D610 */
  {0x0000,0x0F84,0x0004,0x3FE4,0x0F84,0x105C,0x1044,0x105C,0x0F84,0x0000,0x0404,0x0404,0x07FC,0x0404,0x07FC,0x0000},  /* U+D611 */
  {0x0000,0x1F08,0x0008,0x7FC8,0x0008,0x1F38,0x2088,0x2088,0x20B8,0x1F08,0x0088,0x0080,0x0140,0x0620,0x1C1C,0x0000},  /* U+D613 */
  {0x1F08,0x0008,0x7FC8,0x0008,0x1F38,0x2088,0x20B8,0x2088,0x1F08,0x0410,0x0410,0x0E28,0x1B6C,0x3186,0x2002,0x0000},  /* U+D614 */
  {0x0F84,0x0004,0x3FE4,0x0004,0x0F9C,0x1044,0x1044,0x105C,0x0F84,0x0004,0x01F0,0x060C,0x0404,0x060C,0x01F0,0x0000},  /* U+D615 */
  {0x0014,0x1E14,0x0014,0x3F94,0x0014,0x1E74,0x3114,0x2094,0x20F4,0x3114,0x1E14,0x0014,0x0014,0x0014,0x0004,0x0000},  /* U+D61C */
  {0x0000,0x1E28,0x0028,0x7F28,0x0028,0x1CE8,0x2228,0x2228,0x22E8,0x1C28,0x0028,0x0808,0x0800,0x0800,0x0FFC,0x0000},  /* U+D620 */
  {0x1E28,0x0028,0x7F28,0x1C28,0x22E8,0x2228,0x22E8,0x1C28,0x0000,0x0FF8,0x0008,0x0FF8,0x0800,0x0800,0x0FFC,0x0000},  /* U+D624 */
  {0x0000,0x0F14,0x0014,0x3F94,0x0E14,0x1174,0x1114,0x1174,0x0E14,0x0000,0x0404,0x0404,0x07FC,0x0404,0x07FC,0x0000},  /* U+D62D */
  {0x0000,0x0000,0x07C0,0x0000,0x3FF8,0x0000,0x07C0,0x1830,0x1010,0x1830,0x07C0,0x0100,0x0100,0x7FFE,0x0000,0x0000},  /* U+D638 */
  {0x0000,0x07C0,0x0000,0x3FF8,0x0FC0,0x1020,0x1020,0x0FC0,0x0100,0x7FFE,0x0000,0x3FF0,0x0010,0x0010,0x0010,0x0000},  /* U+D639 */
  {0x0000,0x07C0,0x0000,0x3FF8,0x07E0,0x0C10,0x0810,0x0C10,0x07E0,0x0100,0x7FFE,0x1000,0x1000,0x1000,0x1FF8,0x0000},  /* U+D63C */
  {0x0000,0x07C0,0x3FF8,0x0000,0x07C0,0x0820,0x0820,0x07C0,0x7FFE,0x0000,0x1FF0,0x0010,0x1FF0,0x1000,0x1FF8,0x0000},  /* U+D640 */
  {0x07C0,0x3FF8,0x0000,0x0FC0,0x1020,0x1020,0x0FC0,0x7FFE,0x0000,0x3EF8,0x0280,0x0280,0x3EF8,0x2080,0x3EF8,0x0000},  /* U+D645 */
  {0x0000,0x07C0,0x3FF8,0x0000,0x07C0,0x0820,0x0820,0x07C0,0x0100,0x7FFE,0x0000,0x1FF0,0x1010,0x1010,0x1FF0,0x0000},  /* U+D648 */
  {0x0000,0x07C0,0x3FF8,0x0000,0x07C0,0x0820,0x0820,0x07C0,0x0100,0x7FFE,0x0000,0x1010,0x1FF0,0x1010,0x1FF0,0x0000},  /* U+D649 */
  {0x07C0,0x0000,0x3FF8,0x0FE0,0x1010,0x1010,0x0FE0,0x0100,0x7FFE,0x0000,0x0100,0x0380,0x06C0,0x3838,0x2000,0x0000},  /* U+D64B */
  {0x07C0,0x0000,0x3FF8,0x07C0,0x0820,0x0820,0x07C0,0x0100,0x7FFE,0x0000,0x07C0,0x1830,0x1010,0x1830,0x07C0,0x0000},  /* U+D64D */
  {0x0000,0x07C0,0x3FF8,0x0000,0x07C0,0x0820,0x0820,0x07C0,0x7FFE,0x0000,0x1FF8,0x1000,0x1FF0,0x1000,0x1FF8,0x0000},  /* U+D651 */
  {0x0000,0x1F10,0x0010,0x7FD0,0x0010,0x1F10,0x2090,0x209C,0x2090,0x1F10,0x0410,0x0430,0x7FD0,0x0010,0x0010,0x0000},  /* U+D654 */
  {0x0000,0x1F10,0x0010,0x7FD0,0x1F10,0x2090,0x209C,0x1F10,0x0410,0x7FD0,0x0010,0x3FF0,0x0010,0x0010,0x0010,0x0000},  /* U+D655 */
  {0x0010,0x1F10,0x0010,0x7FD0,0x1F10,0x3090,0x209C,0x3090,0x1F10,0x0410,0x7FD0,0x0010,0x1000,0x1000,0x1FF8,0x0000},  /* U+D658 */
  {0x1F10,0x7FD0,0x0010,0x1F10,0x209C,0x2090,0x1F10,0x7FD0,0x0000,0x1FF0,0x0010,0x1FF0,0x1000,0x1000,0x1FF8,0x0000},  /* U+D65C */
  {0x1F10,0x0010,0x7FD0,0x1F10,0x2090,0x2090,0x209C,0x1F10,0x0410,0x7FD0,0x0090,0x0180,0x0260,0x1C18,0x0004,0x0000},  /* U+D667 */
  {0x1F10,0x0010,0x7FD0,0x1F10,0x2090,0x209C,0x1F10,0x0410,0x7FD0,0x0010,0x07E0,0x1830,0x1010,0x1830,0x07E0,0x0000},  /* U+D669 */
  {0x0000,0x1E24,0x0024,0x3FA4,0x0024,0x1F24,0x20A4,0x20BC,0x21A4,0x1E24,0x0824,0x0824,0x7FA4,0x0024,0x0024,0x0000},  /* U+D670 */
  {0x0004,0x0E24,0x0024,0x3FA4,0x0E24,0x113C,0x1124,0x0E24,0x0424,0x3FE4,0x0000,0x0FFC,0x0004,0x0004,0x0004,0x0000},  /* U+D671 */
  {0x0000,0x3C48,0x0048,0x7F48,0x1C48,0x2248,0x2278,0x3648,0x1C48,0x0848,0x7FC8,0x0848,0x0800,0x0800,0x0FFC,0x0000},  /* U+D674 */
  {0x0E24,0x0024,0x3FA4,0x0E24,0x1124,0x113C,0x0A24,0x0424,0x3FE4,0x0024,0x0084,0x01C0,0x0320,0x1C1C,0x1000,0x0000},  /* U+D683 */
  {0x0004,0x0E24,0x0024,0x3FA4,0x0E24,0x113C,0x1124,0x0E24,0x0424,0x3FE4,0x0000,0x01F0,0x060C,0x0404,0x060C,0x01F0},  /* U+D685 */
  {0x0F84,0x0004,0x3FE4,0x0004,0x0F84,0x1044,0x1044,0x1044,0x0F84,0x0204,0x0214,0x3FE4,0x0004,0x0004,0x0004,0x0000},  /* U+D68C */
  {0x0000,0x0784,0x0004,0x3FE4,0x0F84,0x1044,0x1044,0x0F84,0x0204,0x7FF4,0x0000,0x0FFC,0x0004,0x0004,0x0004,0x0000},  /* U+D68D */
  {0x0000,0x0784,0x0004,0x3FE4,0x0F84,0x1844,0x1044,0x1844,0x0F84,0x0204,0x7FF4,0x0804,0x0800,0x0800,0x0FFC,0x0000},  /* U+D690 */
  {0x0784,0x3FE4,0x0004,0x0F84,0x1044,0x1044,0x0F84,0x3FF4,0x0004,0x0FFC,0x0004,0x0FFC,0x0800,0x0800,0x0FFC,0x0000},  /* U+D694 */
  {0x0784,0x0004,0x3FE4,0x0F84,0x1044,0x1044,0x0F84,0x0204,0x7FF4,0x0004,0x0804,0x0FFC,0x0804,0x0804,0x0FFC,0x0000},  /* U+D69D */
  {0x0000,0x0784,0x0004,0x3FE4,0x0F84,0x1044,0x1044,0x1044,0x0F84,0x0204,0x7FF4,0x0040,0x00C0,0x0130,0x0E0C,0x0000},  /* U+D69F */
  {0x0784,0x0004,0x3FE4,0x0F84,0x1044,0x1044,0x0F84,0x0204,0x7FF4,0x0004,0x03F0,0x0C0C,0x0804,0x0C0C,0x03F0,0x0000},  /* U+D6A1 */
  {0x0000,0x0000,0x07C0,0x0000,0x3FF8,0x0000,0x07E0,0x1810,0x1010,0x1830,0x07E0,0x0820,0x0820,0xFFFE,0x0000,0x0000},  /* U+D6A8 */
  {0x0000,0x07C0,0x0000,0x3FF8,0x07C0,0x0C20,0x0820,0x0C20,0x07C0,0x0440,0x7FFC,0x1000,0x1000,0x1000,0x1FF8,0x0000},  /* U+D6AC */
  {0x0000,0x07C0,0x3FF8,0x0000,0x07C0,0x0820,0x0820,0x07C0,0x7FFC,0x0000,0x1FF0,0x0010,0x1FF0,0x1000,0x1FF8,0x0000},  /* U+D6B0 */
  {0x0000,0x07C0,0x3FF8,0x0000,0x07C0,0x0820,0x0820,0x07C0,0x0440,0x7FFC,0x0000,0x1010,0x1FF0,0x1010,0x1FF0,0x0000},  /* U+D6B9 */
  {0x07C0,0x3FF8,0x0000,0x07C0,0x0820,0x0820,0x07C0,0x0440,0x7FFC,0x0000,0x0100,0x0380,0x06C0,0x3838,0x2000,0x0000},  /* U+D6BB */
  {0x07C0,0x0000,0x3FF8,0x07C0,0x1830,0x1010,0x1830,0x07C0,0x0000,0x7FFE,0x0100,0x0100,0x0100,0x0100,0x0100,0x0000},  /* U+D6C4 */
  {0x0000,0x07C0,0x3FF8,0x0000,0x0FC0,0x1020,0x1020,0x0FC0,0x0000,0x7FFE,0x0100,0x3FF0,0x0010,0x0010,0x0010,0x0000},  /* U+D6C5 */
  {0x0000,0x03E0,0x0000,0x1FFC,0x03F0,0x0408,0x0408,0x03F0,0x0000,0x7FFE,0x0080,0x0880,0x0880,0x0800,0x0FFC,0x0000},  /* U+D6C8 */
  {0x0000,0x07C0,0x3FF8,0x0000,0x07C0,0x0820,0x0820,0x07C0,0x7FFE,0x0100,0x1FF0,0x0010,0x1FF0,0x1000,0x1FF8,0x0000},  /* U+D6CC */
  {0x07C0,0x3FF8,0x0000,0x0FC0,0x1020,0x1020,0x0FC0,0x7FFC,0x0100,0x3EF8,0x0280,0x0280,0x3EF8,0x2080,0x3EF8,0x0000},  /* U+D6D1 */
  {0x0000,0x07C0,0x3FF8,0x0000,0x07C0,0x0820,0x0820,0x07C0,0x0000,0x7FFE,0x0100,0x1FF0,0x1010,0x1010,0x1FF0,0x0000},  /* U+D6D4 */
  {0x07C0,0x3FF8,0x0000,0x0FE0,0x1010,0x1010,0x0FE0,0x0000,0x7FFE,0x0100,0x0100,0x0380,0x06C0,0x1830,0x2008,0x0000},  /* U+D6D7 */
  {0x07C0,0x3FF8,0x0000,0x07C0,0x0820,0x0820,0x07C0,0x0000,0x7FFE,0x0100,0x07C0,0x1830,0x1010,0x1830,0x07C0,0x0000},  /* U+D6D9 */
  {0x0F84,0x0004,0x3FE4,0x0F84,0x1044,0x1044,0x1044,0x0F84,0x0034,0x3FC4,0x0204,0x023C,0x0204,0x0204,0x0004,0x0000},  /* U+D6E0 */
  {0x0004,0x0F84,0x0004,0x3FE4,0x0F84,0x1044,0x1044,0x0F84,0x0074,0x3FC4,0x023C,0x0A04,0x0800,0x0800,0x0FFC,0x0000},  /* U+D6E4 */
  {0x0F84,0x3FE4,0x0004,0x0F84,0x1044,0x0F84,0x0064,0x3FC4,0x023C,0x0200,0x0FFC,0x0004,0x0FFC,0x0800,0x0FFC,0x0000},  /* U+D6E8 */
  {0x0004,0x0F04,0x3FE4,0x0004,0x0F84,0x1044,0x1044,0x0F84,0x3FF4,0x023C,0x0200,0x0FFC,0x0804,0x0804,0x0804,0x0FFC},  /* U+D6F0 */
  {0x0004,0x0F04,0x3FE4,0x0004,0x0F84,0x1044,0x1044,0x0F84,0x3FF4,0x023C,0x0204,0x03F0,0x0C0C,0x0804,0x0C0C,0x03F0},  /* U+D6F5 */
  {0x0F14,0x0014,0x3F94,0x1F14,0x2094,0x2094,0x2094,0x1F14,0x0014,0x7F94,0x04F4,0x0414,0x0414,0x0414,0x0004,0x0000},  /* U+D6FC */
  {0x0E14,0x0014,0x3F94,0x0E14,0x1114,0x1114,0x0E14,0x7F94,0x0474,0x0414,0x0000,0x0FFC,0x0004,0x0004,0x0004,0x0000},  /* U+D6FD */
  {0x0000,0x0E14,0x0014,0x3F94,0x0E14,0x1114,0x1114,0x0E14,0x0014,0x7F94,0x0474,0x0414,0x0804,0x0800,0x0FFC,0x0000},  /* U+D700 */
  {0x0E14,0x3F94,0x0E14,0x1114,0x1114,0x0E14,0x7F94,0x0474,0x0404,0x0000,0x0FFC,0x0004,0x0FFC,0x0800,0x0FFC,0x0000},  /* U+D704 */
  {0x0E14,0x0014,0x3F94,0x0E14,0x1114,0x1114,0x0E14,0x7F94,0x0474,0x0404,0x03F0,0x0C0C,0x0804,0x0C0C,0x03F0,0x0000},  /* U+D711 */
  {0x0F84,0x0004,0x3FE4,0x0F84,0x1044,0x1044,0x1044,0x0F84,0x0024,0x7FC4,0x0204,0x0204,0x0204,0x0204,0x0004,0x0000},  /* U+D718 */
  {0x0784,0x3FE4,0x0004,0x0F84,0x1044,0x1044,0x0F84,0x3FE4,0x0204,0x0204,0x0000,0x0FFC,0x0004,0x0004,0x0004,0x0000},  /* U+D719 */
  {0x0000,0x0784,0x0004,0x3FE4,0x0F84,0x1044,0x1044,0x0F84,0x0004,0x3FE4,0x0204,0x0204,0x0804,0x0800,0x0FFC,0x0000},  /* U+D71C */
  {0x0784,0x3FE4,0x0004,0x0F84,0x1044,0x0F84,0x0004,0x3FE4,0x0204,0x0200,0x0FFC,0x0004,0x0FFC,0x0800,0x0FFC,0x0000},  /* U+D720 */
  {0x0784,0x3FE4,0x0004,0x0F84,0x1044,0x1044,0x0F84,0x3FE4,0x0204,0x0204,0x0FFC,0x0804,0x0804,0x0804,0x0FFC,0x0000},  /* U+D728 */
  {0x0784,0x3FE4,0x0004,0x0F84,0x1044,0x1044,0x0F84,0x3FE4,0x0204,0x0200,0x0804,0x0FFC,0x0804,0x0804,0x0FFC,0x0000},  /* U+D729 */
  {0x0F08,0x0008,0x7FC8,0x1F08,0x2088,0x2088,0x1F08,0x0008,0x7FC8,0x0408,0x0480,0x01C0,0x0360,0x1C1C,0x1000,0x0000},  /* U+D72B */
  {0x0784,0x3FE4,0x0004,0x0F84,0x1044,0x1044,0x0F84,0x0004,0x3FE4,0x0204,0x03F0,0x0C0C,0x0804,0x0C0C,0x03F0,0x0000},  /* U+D72D */
  {0x03E0,0x0000,0x1FFC,0x07E0,0x0C30,0x0810,0x0C30,0x07E0,0x0000,0x7FFE,0x0420,0x0420,0x0420,0x0420,0x0420,0x0000},  /* U+D734 */
  {0x0000,0x07C0,0x3FF8,0x0000,0x07C0,0x0820,0x0820,0x07C0,0x0000,0x7FFC,0x0440,0x1FF0,0x0010,0x0010,0x0010,0x0000},  /* U+D735 */
  {0x0000,0x03E0,0x0000,0x1FFC,0x03E0,0x0410,0x0410,0x03E0,0x0000,0x7FFE,0x0220,0x0A20,0x0A20,0x0800,0x0FFC,0x0000},  /* U+D738 */
  {0x0000,0x07C0,0x3FF8,0x0000,0x07C0,0x0820,0x0820,0x07C0,0x7FFC,0x0440,0x1FF0,0x0010,0x1FF0,0x1000,0x1FF8,0x0000},  /* U+D73C */
  {0x0000,0x07C0,0x3FF8,0x0000,0x07C0,0x0820,0x0820,0x07C0,0x0000,0x7FFC,0x0440,0x1FF0,0x1010,0x1010,0x1FF0,0x0000},  /* U+D744 */
  {0x07C0,0x3FF8,0x0000,0x0FE0,0x1010,0x1010,0x0FE0,0x0000,0xFFFE,0x0820,0x0920,0x0380,0x06C0,0x3838,0x2000,0x0000},  /* U+D747 */
  {0x07C0,0x3FF8,0x0000,0x0FC0,0x1020,0x1020,0x0FC0,0x0000,0xFFFE,0x0820,0x0FE0,0x1830,0x1010,0x1830,0x07C0,0x0000},  /* U+D749 */
  {0x0000,0x0000,0x07C0,0x0000,0x3FF8,0x0000,0x0FC0,0x1020,0x1020,0x1020,0x0FC0,0x0000,0x0000,0xFFFE,0x0000,0x0000},  /* U+D750 */
  {0x0000,0x07C0,0x3FF8,0x0000,0x0FC0,0x1020,0x1020,0x0FC0,0x0000,0xFFFE,0x0000,0x3FF0,0x0010,0x0010,0x0010,0x0000},  /* U+D751 */
  {0x0000,0x07C0,0x0000,0x3FF8,0x07E0,0x0C10,0x0810,0x0C10,0x07E0,0x0000,0xFFFE,0x1000,0x1000,0x1000,0x1FF8,0x0000},  /* U+D754 */
  {0x07C0,0x3FF8,0x0000,0x0FC0,0x1020,0x1020,0x0FC0,0xFFFE,0x0000,0x2078,0x21FC,0x2070,0x2088,0x3E88,0x0070,0x0000},  /* U+D756 */
  {0x0000,0x07C0,0x3FF8,0x0000,0x07E0,0x0810,0x0810,0x07E0,0x0000,0xFFFE,0x0000,0x1FF8,0x1000,0x1000,0x1FF8,0x0000},  /* U+D757 */
  {0x0000,0x07C0,0x3FF8,0x0000,0x07C0,0x0820,0x0820,0x07C0,0xFFFE,0x0000,0x1FF0,0x0010,0x1FF0,0x1000,0x1FF8,0x0000},  /* U+D758 */
  {0x07C0,0x3FF8,0x0000,0x07E0,0x0810,0x0810,0x07E0,0xFFFE,0x0000,0x1EF8,0x0208,0x1E08,0x1008,0x1008,0x1F08,0x0000},  /* U+D759 */
  {0x0000,0x07C0,0x3FF8,0x0000,0x07C0,0x0820,0x0820,0x07C0,0x0000,0xFFFE,0x0000,0x1FF0,0x1010,0x1010,0x1FF0,0x0000},  /* U+D760 */
  {0x0000,0x07C0,0x3FF8,0x0000,0x07C0,0x0820,0x0820,0x07C0,0x0000,0xFFFE,0x0000,0x1010,0x1FF0,0x1010,0x1FF0,0x0000},  /* U+D761 */
  {0x07C0,0x3FF8,0x0000,0x0FE0,0x1010,0x1010,0x0FE0,0x0000,0xFFFE,0x0000,0x0100,0x0380,0x06C0,0x3838,0x2000,0x0000},  /* U+D763 */
  {0x07C0,0x3FF8,0x0000,0x07C0,0x0820,0x0820,0x07C0,0x0000,0xFFFE,0x0000,0x07C0,0x1830,0x1010,0x1830,0x07C0,0x0000},  /* U+D765 */
  {0x0000,0x07C0,0x3FF8,0x0000,0x07C0,0x0820,0x0820,0x07C0,0xFFFE,0x0000,0x1FF8,0x1000,0x1FF0,0x1000,0x1FF8,0x0000},  /* U+D769 */
  {0x0004,0x0F84,0x0004,0x3FE4,0x0004,0x0F84,0x1044,0x1044,0x1044,0x0F84,0x0014,0x3FE4,0x0004,0x0004,0x0004,0x0000},  /* U+D76C */
  {0x0000,0x0784,0x0004,0x3FE4,0x0F84,0x1844,0x1044,0x1844,0x0F84,0x0004,0x3FF4,0x0804,0x0800,0x0800,0x0FFC,0x0000},  /* U+D770 */
  {0x0784,0x3FE4,0x0004,0x0F84,0x1044,0x1044,0x0F84,0x3FF4,0x0000,0x0FFC,0x0004,0x0FFC,0x0800,0x0800,0x0FFC,0x0000},  /* U+D774 */
  {0x0784,0x0004,0x3FE4,0x0F84,0x1044,0x1044,0x0F84,0x0014,0x3FE4,0x0004,0x0FFC,0x0804,0x0804,0x0804,0x0FFC,0x0000},  /* U+D77C */
  {0x0784,0x3FE4,0x0004,0x0F84,0x1044,0x1044,0x0F84,0x0004,0x3FF4,0x0004,0x0804,0x0FFC,0x0804,0x0804,0x0FFC,0x0000},  /* U+D77D */
  {0x0784,0x0004,0x3FE4,0x0F84,0x1044,0x1044,0x0F84,0x0014,0x3FE4,0x0004,0x03F0,0x0C0C,0x0804,0x0C0C,0x03F0,0x0000},  /* U+D781 */
  {0x0F84,0x0004,0x0004,0x3FE4,0x0004,0x0704,0x0884,0x1044,0x1044,0x1044,0x0884,0x0704,0x0004,0x0004,0x0004,0x0000},  /* U+D788 */
  {0x0F84,0x0004,0x3FE4,0x0004,0x0F84,0x1044,0x1044,0x1044,0x0F84,0x0000,0x07FC,0x0004,0x0004,0x0004,0x0004,0x0000},  /* U+D789 */
  {0x0000,0x0F84,0x0004,0x3FE4,0x0004,0x0704,0x18C4,0x1044,0x1044,0x18C4,0x0704,0x0404,0x0400,0x0400,0x07FC,0x0000},  /* U+D78C */
  {0x0F84,0x0004,0x3FE4,0x0F84,0x1044,0x1044,0x1044,0x0F84,0x0000,0x07FC,0x0004,0x07FC,0x0400,0x0400,0x07FC,0x0000},  /* U+D790 */
  {0x0000,0x0F84,0x0004,0x3FE4,0x0004,0x0F84,0x1044,0x1044,0x1044,0x0F84,0x0000,0x07FC,0x0404,0x0404,0x07FC,0x0000},  /* U+D798 */
  {0x0000,0x0F84,0x0004,0x3FE4,0x0F84,0x1044,0x1044,0x1044,0x0F84,0x0000,0x0404,0x0404,0x07FC,0x0404,0x07FC,0x0000},  /* U+D799 */
  {0x0000,0x1F08,0x0008,0x7FC8,0x0008,0x1F08,0x2088,0x2088,0x2088,0x1F08,0x0088,0x0080,0x0140,0x0620,0x1C1C,0x0000},  /* U+D79B */
  {0x0F84,0x0004,0x3FE4,0x0004,0x0F84,0x1044,0x1044,0x1044,0x0F84,0x0000,0x01F0,0x060C,0x0404,0x060C,0x01F0,0x0000},  /* U+D79D */
};

static const unsigned short font16_kana[][16] = {
  {0x0000,0x0000,0x0000,0x0000,0x0000,0x0000,0x0000,0x0000,0x0000,0x0000,0x0000,0x0000,0x0000,0x0000,0x0000,0x0000},  /* U+3000 */
  {0x0000,0x0000,0x0000,0x0000,0x0000,0x0000,0x0200,0x0180,0x0080,0x0040,0x0000,0x0000,0x0000,0x0000,0x0000,0x0000},  /* U+3001 */
  {0x0000,0x0000,0x0000,0x0000,0x0000,0x0180,0x0240,0x0240,0x0240,0x0180,0x0000,0x0000,0x0000,0x0000,0x0000,0x0000},  /* U+3002 */
  {0x0000,0x0000,0x0000,0x0000,0x0310,0x0220,0x0220,0x0420,0x0440,0x0440,0x0840,0x0880,0x0000,0x0000,0x0000,0x0000},  /* U+3003 */
  {0x0000,0x0F10,0x1018,0x2014,0x4012,0x4092,0x40E2,0x4102,0x4302,0x4502,0x4502,0x4404,0x2204,0x1A18,0x04E0,0x0000},  /* U+3004 */
  {0x0000,0x0000,0x0100,0x0200,0x0200,0x05F8,0x0408,0x0810,0x1010,0x1420,0x2340,0x0080,0x0060,0x0010,0x0000,0x0000},  /* U+3005 */
  {0x0000,0x0008,0x0008,0x0010,0x0420,0x0340,0x0080,0x00E0,0x0110,0x1208,0x1400,0x1800,0x1800,0x1000,0x0000,0x0000},  /* U+3006 */
  {0x0000,0x07E0,0x1818,0x2004,0x2004,0x4002,0x4002,0x4002,0x4002,0x4002,0x4002,0x2004,0x2004,0x1818,0x07E0,0x0000},  /* U+3007 */
  {0x0000,0x0040,0x0080,0x0080,0x0100,0x0200,0x0200,0x0400,0x0400,0x0200,0x0200,0x0100,0x0080,0x0080,0x0040,0x0000},  /* U+3008 */
  {0x0000,0x0400,0x0200,0x0200,0x0100,0x0080,0x0080,0x0040,0x0040,0x0080,0x0080,0x0100,0x0200,0x0200,0x0400,0x0000},  /* U+3009 */
  {0x0000,0x00A0,0x0120,0x0140,0x0280,0x0280,0x0500,0x0500,0x0500,0x0480,0x0280,0x0240,0x0140,0x0120,0x00A0,0x0000},  /* U+300A */
  {0x0000,0x0500,0x0480,0x0280,0x0240,0x0140,0x00A0,0x00A0,0x00A0,0x0120,0x0140,0x0240,0x0280,0x0480,0x0500,0x0000},  /* U+300B */
  {0x0000,0x0000,0x0000,0x03C0,0x0200,0x0200,0x0200,0x0200,0x0200,0x0200,0x0200,0x0200,0x0200,0x0000,0x0000,0x0000},  /* U+300C */
  {0x0000,0x0000,0x0000,0x0040,0x0040,0x0040,0x0040,0x0040,0x0040,0x0040,0x0040,0x0040,0x03C0,0x0000,0x0000,0x0000},  /* U+300D */
  {0x0000,0x0000,0x0000,0x07C0,0x05C0,0x0600,0x0600,0x0600,0x0600,0x0600,0x0600,0x0600,0x0600,0x0000,0x0000,0x0000},  /* U+300E */
  {0x0000,0x0000,0x0000,0x00C0,0x00C0,0x00C0,0x00C0,0x00C0,0x00C0,0x00C0,0x00C0,0x0740,0x07C0,0x0000,0x0000,0x0000},  /* U+300F */
  {0x0000,0x03C0,0x0380,0x0300,0x0300,0x0200,0x0200,0x0200,0x0200,0x0200,0x0300,0x0300,0x0300,0x0380,0x03C0,0x0000},  /* U+3010 */
  {0x0000,0x03C0,0x01C0,0x00C0,0x00C0,0x0040,0x0040,0x0040,0x0040,0x0040,0x00C0,0x00C0,0x00C0,0x01C0,0x03C0,0x0000},  /* U+3011 */
  {0x0000,0x0000,0x1FF8,0x0000,0x0000,0x1FF8,0x0100,0x0100,0x0100,0x0100,0x0100,0x0100,0x0100,0x0000,0x0000,0x0000},  /* U+3012 */
  {0x0000,0x0000,0x3FFC,0x3FFC,0x3FFC,0x3FFC,0x0000,0x0000,0x0000,0x0000,0x3FFC,0x3FFC,0x3FFC,0x3FFC,0x0000,0x0000},  /* U+3013 */
  {0x0080,0x0100,0x0200,0x0200,0x0200,0x0200,0x0200,0x0200,0x0200,0x0200,0x0200,0x0200,0x0200,0x0200,0x0180,0x0000},  /* U+3014 */
  {0x0200,0x0100,0x0080,0x0080,0x0080,0x0080,0x0080,0x0080,0x0080,0x0080,0x0080,0x0080,0x0080,0x0080,0x0300,0x0000},  /* U+3015 */
  {0x0000,0x07C0,0x0500,0x0500,0x0600,0x0400,0x0400,0x0400,0x0400,0x0400,0x0400,0x0600,0x0500,0x0500,0x07C0,0x0000},  /* U+3016 */
  {0x0000,0x07C0,0x0140,0x0140,0x00C0,0x00C0,0x00C0,0x0040,0x0040,0x00C0,0x00C0,0x00C0,0x0140,0x0140,0x07C0,0x0000},  /* U+3017 */
  {0x0180,0x0240,0x0480,0x0700,0x0600,0x0600,0x0600,0x0600,0x0600,0x0600,0x0600,0x0600,0x0700,0x04C0,0x0380,0x0080},  /* U+3018 */
  {0x0300,0x0480,0x0240,0x01C0,0x00C0,0x00C0,0x00C0,0x00C0,0x00C0,0x00C0,0x00C0,0x00C0,0x01C0,0x0640,0x0380,0x0200},  /* U+3019 */
  {0x0000,0x03C0,0x0280,0x0280,0x0280,0x0280,0x0280,0x0280,0x0280,0x0280,0x0280,0x0280,0x0280,0x0280,0x03C0,0x0000},  /* U+301A */
  {0x0000,0x03C0,0x0140,0x0140,0x0140,0x0140,0x0140,0x0140,0x0140,0x0140,0x0140,0x0140,0x0140,0x0140,0x03C0,0x0000},  /* U+301B */
  {0x0000,0x0000,0x0000,0x0000,0x0000,0x0000,0x1E00,0x2102,0x4084,0x0078,0x0000,0x0000,0x0000,0x0000,0x0000,0x0000},  /* U+301C */
  {0x0000,0x0000,0x0000,0x0000,0x0000,0x0300,0x0080,0x0240,0x0100,0x00C0,0x0000,0x0000,0x0000,0x0000,0x0000,0x0000},  /* U+301D */
  {0x0000,0x0000,0x0000,0x0000,0x0000,0x00C0,0x0100,0x0240,0x0080,0x0300,0x0000,0x0000,0x0000,0x0000,0x0000,0x0000},  /* U+301E */
  {0x0000,0x0000,0x0000,0x0000,0x0000,0x0300,0x00C0,0x0240,0x0100,0x00C0,0x0000,0x0000,0x0000,0x0000,0x0000,0x0000},  /* U+301F */
  {0x0000,0x0000,0x3FFC,0x3FFC,0x0000,0x3FFC,0x2184,0x5DBA,0x55AA,0x4992,0x2424,0x2424,0x1BD8,0x07E0,0x0000,0x0000},  /* U+3020 */
  {0x0000,0x0100,0x0100,0x0100,0x0100,0x0100,0x0100,0x0100,0x0100,0x0100,0x0100,0x0100,0x0100,0x0100,0x0100,0x0000},  /* U+3021 */
  {0x0000,0x0040,0x0040,0x0240,0x0240,0x0240,0x0240,0x0240,0x0240,0x0240,0x0240,0x0240,0x0240,0x0040,0x0040,0x0000},  /* U+3022 */
  {0x0000,0x0010,0x1010,0x1110,0x1110,0x1110,0x1110,0x1110,0x1110,0x1110,0x1110,0x1110,0x1010,0x0010,0x0010,0x0000},  /* U+3023 */
  {0x0000,0x0000,0x0008,0x0810,0x0410,0x0220,0x0120,0x00C0,0x0040,0x00A0,0x0110,0x0608,0x0808,0x3004,0x0000,0x0000},  /* U+3024 */
  {0x0000,0x0000,0x0200,0x0460,0x0420,0x0820,0x0440,0x0380,0x0460,0x0810,0x0810,0x0810,0x0810,0x07E0,0x0000,0x0000},  /* U+3025 */
  {0x0000,0x0000,0x0000,0x0000,0x0000,0x0000,0x0100,0x0100,0x0100,0x7FFE,0x0000,0x0000,0x0000,0x0000,0x0000,0x0000},  /* U+3026 */
  {0x0000,0x0000,0x0000,0x0100,0x0100,0x0100,0x7FFE,0x0000,0x0000,0x0000,0x0000,0x0FF0,0x0000,0x0000,0x0000,0x0000},  /* U+3027 */
  {0x0000,0x0100,0x0100,0x0100,0x0000,0x7FFE,0x0000,0x0000,0x0000,0x0FF0,0x0000,0x0000,0x0000,0x7FFE,0x0000,0x0000},  /* U+3028 */
  {0x0000,0x0100,0x0100,0x0100,0x1EF0,0x0010,0x1010,0x0820,0x0420,0x0240,0x0180,0x0340,0x0C30,0x300C,0x0000,0x0000},  /* U+3029 */
  {0x0000,0x0000,0x0000,0x0000,0x0000,0x0000,0x0300,0x0280,0x0100,0x0000,0x0000,0x0000,0x0000,0x0000,0x0000,0x0000},  /* U+302A */
  {0x0000,0x0000,0x0000,0x0000,0x0000,0x0000,0x0100,0x0280,0x0100,0x0000,0x0000,0x0000,0x0000,0x0000,0x0000,0x0000},  /* U+302B */
  {0x0000,0x0000,0x0000,0x0000,0x0000,0x0000,0x0100,0x0280,0x0100,0x0000,0x0000,0x0000,0x0000,0x0000,0x0000,0x0000},  /* U+302C */
  {0x0000,0x0000,0x0000,0x0000,0x0000,0x0000,0x0180,0x0280,0x0100,0x0000,0x0000,0x0000,0x0000,0x0000,0x0000,0x0000},  /* U+302D */
  {0x0000,0x0000,0x0000,0x0000,0x0000,0x0000,0x0000,0x0180,0x0180,0x0000,0x0000,0x0000,0x0000,0x0000,0x0000,0x0000},  /* U+302E */
  {0x0000,0x0000,0x0000,0x0000,0x0000,0x0000,0x0180,0x0000,0x0100,0x0180,0x0000,0x0000,0x0000,0x0000,0x0000,0x0000},  /* U+302F */
  {0x0000,0x0000,0x0000,0x0000,0x0000,0x0000,0xC3C3,0x4242,0x2424,0x1818,0x0000,0x0000,0x0000,0x0000,0x0000,0x0000},  /* U+3030 */
  {0x00C0,0x00C0,0x01C0,0x0180,0x0380,0x0300,0x0300,0x0300,0x0300,0x0300,0x0380,0x0180,0x01C0,0x00C0,0x00C0,0x0040},  /* U+3031 */
  {0x01C0,0x0180,0x0380,0x03C0,0x07C0,0x0600,0x0600,0x0600,0x0600,0x0600,0x0700,0x0300,0x0380,0x0180,0x01C0,0x00C0},  /* U+3032 */
  {0x0010,0x0020,0x0020,0x0040,0x0040,0x0080,0x0080,0x0100,0x0200,0x0200,0x0400,0x0400,0x0800,0x0800,0x0800,0x0000},  /* U+3033 */
  {0x0020,0x0040,0x0040,0x0080,0x0080,0x0100,0x0150,0x0228,0x0420,0x0400,0x0800,0x0800,0x1000,0x1000,0x1000,0x0000},  /* U+3034 */
  {0x0800,0x0800,0x0800,0x0400,0x0200,0x0200,0x0100,0x0100,0x0080,0x0080,0x0040,0x0040,0x0020,0x0020,0x0020,0x0000},  /* U+3035 */
  {0x0000,0x0FF0,0x1008,0x2004,0x4002,0x5FFA,0x4002,0x5FFA,0x4182,0x4182,0x4182,0x4182,0x2184,0x1008,0x0FF0,0x0000},  /* U+3036 */
  {0x0000,0x4242,0x4242,0x2424,0x2424,0x1428,0x1818,0x0810,0x0808,0x1418,0x1424,0x2424,0x2244,0x4242,0x4182,0x0000},  /* U+3037 */
  {0x0000,0x0100,0x0100,0x0100,0x0100,0x0100,0x7FFE,0x0100,0x0100,0x0100,0x0100,0x0100,0x0100,0x0100,0x0100,0x0000},  /* U+3038 */
  {0x0000,0x0420,0x0420,0x0420,0x0420,0x7FFE,0x0420,0x0420,0x0420,0x0420,0x0420,0x0420,0x0420,0x0420,0x0420,0x0000},  /* U+3039 */
  {0x0000,0x0810,0x0890,0x0890,0x0890,0x0890,0x7FFE,0x0890,0x0890,0x0890,0x0890,0x1090,0x1090,0x1090,0x2010,0x0000},  /* U+303A */
  {0x0000,0x0400,0x0200,0x0200,0x0180,0x0040,0x01A0,0x0E00,0x0400,0x0200,0x0100,0x0080,0x0070,0x0180,0x0600,0x0000},  /* U+303B */
  {0x0000,0x0000,0x3FFC,0x200C,0x2014,0x2024,0x2044,0x2084,0x2104,0x2204,0x2404,0x2804,0x3004,0x3FFC,0x0000,0x0000},  /* U+303C */
  {0x0000,0x0000,0x1980,0x2640,0x4040,0x0020,0x0020,0x0010,0x0010,0x0008,0x0004,0x0004,0x0002,0x0000,0x0000,0x0000},  /* U+303D */
  {0x0000,0x5A5A,0x0000,0x4002,0x4212,0x0DE0,0x4002,0x0080,0x47E2,0x47E2,0x0100,0x4102,0x4002,0x0000,0x5A5A,0x0000},  /* U+303E */
  {0x0000,0x0000,0x0FF0,0x0C30,0x0A50,0x0A50,0x0990,0x0910,0x0990,0x0990,0x0A50,0x0C30,0x0C30,0x0FF0,0x0000,0x0000},  /* U+303F */
  {0x3FFC,0x300C,0x300C,0x2814,0x2424,0x2244,0x2244,0x2184,0x2184,0x2244,0x2664,0x2424,0x2814,0x300C,0x2004,0x3FFC},  /* U+3040 */
  {0x0000,0x0000,0x0100,0x0FF0,0x0220,0x03E0,0x0658,0x0A48,0x0A88,0x1288,0x1308,0x0D30,0x0040,0x0000,0x0000,0x0000},  /* U+3041 */
  {0x0000,0x0200,0x1FF8,0x0200,0x0220,0x03F0,0x0628,0x0A44,0x1244,0x2284,0x2304,0x2608,0x1930,0x0040,0x0000,0x0000},  /* U+3042 */
  {0x0000,0x0000,0x0000,0x1020,0x1010,0x1010,0x1008,0x1008,0x1008,0x1108,0x0900,0x0600,0x0000,0x0000,0x0000,0x0000},  /* U+3043 */
  {0x0000,0x0000,0x2000,0x2010,0x2008,0x2008,0x2004,0x2004,0x2004,0x1084,0x1100,0x1100,0x0E00,0x0000,0x0000,0x0000},  /* U+3044 */
  {0x0000,0x0000,0x03E0,0x0000,0x0000,0x07E0,0x0810,0x0010,0x0010,0x0010,0x0020,0x00C0,0x0300,0x0000,0x0000,0x0000},  /* U+3045 */
  {0x0000,0x07E0,0x0000,0x0000,0x03E0,0x1C10,0x0008,0x0008,0x0008,0x0010,0x0010,0x0020,0x01C0,0x0600,0x0000,0x0000},  /* U+3046 */
  {0x0000,0x0000,0x07C0,0x0020,0x0000,0x0FE0,0x0040,0x0080,0x0100,0x0280,0x0440,0x0840,0x1038,0x0000,0x0000,0x0000},  /* U+3047 */
  {0x0000,0x0000,0x07E0,0x0000,0x0000,0x00E0,0x1F20,0x0040,0x0180,0x0300,0x0480,0x0840,0x0840,0x307C,0x0000,0x0000},  /* U+3048 */
  {0x0000,0x0000,0x0400,0x0420,0x3F90,0x0408,0x0400,0x07E0,0x1810,0x2410,0x2410,0x2420,0x19C0,0x0000,0x0000,0x0000},  /* U+3049 */
  {0x0000,0x0800,0x0800,0x0820,0x7F98,0x0804,0x0800,0x09C0,0x0630,0x1808,0x2808,0x4808,0x4810,0x39E0,0x0000,0x0000},  /* U+304A */
  {0x0000,0x0000,0x0400,0x0400,0x0810,0x7F88,0x0848,0x0844,0x1044,0x1040,0x1040,0x2080,0x2080,0x4F80,0x0000,0x0000},  /* U+304B */
  {0x0000,0x000A,0x040A,0x0404,0x0418,0x7FC8,0x0444,0x0824,0x0842,0x0840,0x1040,0x1040,0x2040,0x2780,0x0000,0x0000},  /* U+304C */
  {0x0000,0x0100,0x3B70,0x0480,0x0080,0x00B8,0x3F40,0x0040,0x0020,0x20E0,0x2000,0x2000,0x1000,0x0FC0,0x0000,0x0000},  /* U+304D */
  {0x0000,0x0028,0x0214,0x63F0,0x1D00,0x0100,0x00F0,0x7F80,0x0040,0x0040,0x21E0,0x4000,0x4000,0x3000,0x0FC0,0x0000},  /* U+304E */
  {0x0000,0x0020,0x0040,0x0080,0x0100,0x0200,0x0400,0x0800,0x0800,0x0400,0x0200,0x0100,0x0080,0x0040,0x0020,0x0000},  /* U+304F */
  {0x0000,0x0020,0x0040,0x0080,0x0110,0x0648,0x0828,0x1020,0x0800,0x0400,0x0200,0x0100,0x0080,0x0040,0x0020,0x0000},  /* U+3050 */
  {0x0000,0x2020,0x2020,0x4020,0x43FC,0x4020,0x4020,0x4020,0x5020,0x6020,0x2020,0x2040,0x2080,0x0100,0x0000,0x0000},  /* U+3051 */
  {0x0000,0x0014,0x202C,0x202A,0x4020,0x47FC,0x4020,0x4020,0x4020,0x4020,0x6020,0x6020,0x2040,0x2080,0x0100,0x0000},  /* U+3052 */
  {0x0000,0x0000,0x0FF0,0x0000,0x0000,0x0000,0x0000,0x0000,0x1000,0x1000,0x1000,0x1000,0x0FF8,0x0000,0x0000,0x0000},  /* U+3053 */
  {0x0000,0x0014,0x0014,0x1FE8,0x0000,0x0000,0x0000,0x0000,0x0000,0x2000,0x2000,0x2000,0x2000,0x1FF0,0x0000,0x0000},  /* U+3054 */
  {0x0000,0x0000,0x0100,0x0088,0x3FF0,0x0080,0x0040,0x0040,0x0020,0x10F0,0x2000,0x2000,0x2000,0x1FE0,0x0000,0x0000},  /* U+3055 */
  {0x0008,0x0014,0x0114,0x0088,0x39F8,0x0680,0x0040,0x0040,0x0020,0x10F0,0x2000,0x2000,0x2000,0x1800,0x07E0,0x0000},  /* U+3056 */
  {0x0000,0x1000,0x1000,0x1000,0x1000,0x1000,0x1000,0x1000,0x1000,0x1000,0x1008,0x1010,0x0860,0x0780,0x0000,0x0000},  /* U+3057 */
  {0x0000,0x1020,0x10A0,0x1050,0x1040,0x1000,0x1000,0x1000,0x1000,0x1000,0x1008,0x1010,0x1060,0x0F80,0x0000,0x0000},  /* U+3058 */
  {0x0000,0x0080,0x0080,0x7FFC,0x0080,0x0780,0x0880,0x0880,0x0880,0x0780,0x0080,0x0100,0x0600,0x0800,0x0000,0x0000},  /* U+3059 */
  {0x0000,0x0014,0x0094,0x008A,0x7FF4,0x0080,0x0380,0x0480,0x0840,0x0440,0x0780,0x0080,0x0080,0x0300,0x0400,0x0000},  /* U+305A */
  {0x0000,0x0000,0x0810,0x0810,0x0810,0x087E,0x7F90,0x0810,0x0810,0x08A0,0x0840,0x0800,0x0800,0x07F8,0x0000,0x0000},  /* U+305B */
  {0x0000,0x0002,0x002A,0x0826,0x0820,0x083C,0x7FE0,0x0820,0x0820,0x0820,0x08C0,0x0800,0x0800,0x07F8,0x0000,0x0000},  /* U+305C */
  {0x0000,0x0FF0,0x0040,0x0080,0x0100,0x0200,0x1FFC,0x2100,0x0200,0x0200,0x0200,0x0200,0x0180,0x0070,0x0000,0x0000},  /* U+305D */
  {0x0000,0x0FE0,0x0044,0x0094,0x030C,0x0400,0x3FF8,0x4100,0x0200,0x0400,0x0400,0x0200,0x0100,0x00E0,0x0000,0x0000},  /* U+305E */
  {0x0000,0x0000,0x0200,0x0400,0x3F80,0x0400,0x047C,0x0400,0x0800,0x0800,0x0880,0x1080,0x1080,0x207C,0x0000,0x0000},  /* U+305F */
  {0x0000,0x0414,0x040A,0x4F88,0x3400,0x0878,0x0884,0x0800,0x0800,0x1100,0x1100,0x1100,0x20CC,0x2030,0x0000,0x0000},  /* U+3060 */
  {0x0000,0x0000,0x0400,0x0430,0x3FC0,0x0400,0x0400,0x08E0,0x0F18,0x0808,0x1008,0x0008,0x0008,0x07F0,0x0000,0x0000},  /* U+3061 */
  {0x0000,0x0014,0x040A,0x0414,0x7FE0,0x0800,0x0800,0x0800,0x0FF0,0x0808,0x1008,0x0008,0x0008,0x0030,0x07C0,0x0000},  /* U+3062 */
  {0x0000,0x0000,0x0000,0x0000,0x01F0,0x0E08,0x1008,0x0008,0x0008,0x0008,0x0030,0x03C0,0x0000,0x0000,0x0000,0x0000},  /* U+3063 */
  {0x0000,0x0000,0x0000,0x03F8,0x1C04,0x6004,0x0004,0x0004,0x0004,0x0004,0x0018,0x03E0,0x0000,0x0000,0x0000,0x0000},  /* U+3064 */
  {0x0000,0x0014,0x000A,0x000A,0x01F0,0x0E08,0x7004,0x0004,0x0004,0x0004,0x0004,0x0008,0x0070,0x0780,0x0000,0x0000},  /* U+3065 */
  {0x0000,0x0000,0x3FFC,0x0080,0x0100,0x0100,0x0200,0x0200,0x0200,0x0200,0x0100,0x0080,0x0078,0x0000,0x0000,0x0000},  /* U+3066 */
  {0x0000,0x0000,0x1FFC,0x6080,0x0104,0x0114,0x020A,0x0200,0x0200,0x0200,0x0100,0x0100,0x00F8,0x0000,0x0000,0x0000},  /* U+3067 */
  {0x0000,0x0000,0x1000,0x1000,0x0830,0x08C0,0x0700,0x0400,0x0800,0x1000,0x1000,0x1000,0x1000,0x0FF0,0x0000,0x0000},  /* U+3068 */
  {0x0000,0x0008,0x1014,0x1014,0x1028,0x08C0,0x0B00,0x0400,0x1800,0x1000,0x2000,0x2000,0x2000,0x1FF0,0x0000,0x0000},  /* U+3069 */
  {0x0000,0x0400,0x0400,0x0400,0x7F30,0x0808,0x0844,0x1040,0x1040,0x2040,0x43C0,0x0460,0x0858,0x0C40,0x0380,0x0000},  /* U+306A */
  {0x0000,0x0000,0x1000,0x118C,0x1070,0x2000,0x2000,0x2000,0x2000,0x2000,0x2A00,0x3200,0x1100,0x20FC,0x0000,0x0000},  /* U+306B */
  {0x0000,0x0000,0x0100,0x4100,0x27E0,0x3910,0x2108,0x2208,0x5208,0x4A08,0x4CE8,0x4918,0x5114,0x20E4,0x0000,0x0000},  /* U+306C */
  {0x0000,0x0000,0x0400,0x0400,0x7CF0,0x0508,0x0E04,0x0804,0x1804,0x1804,0x287C,0x4884,0x088A,0x0870,0x0000,0x0000},  /* U+306D */
  {0x0000,0x0000,0x07F0,0x0888,0x1104,0x2104,0x2104,0x2104,0x2204,0x2204,0x2404,0x1818,0x00E0,0x0000,0x0000,0x0000},  /* U+306E */
  {0x0000,0x0000,0x2020,0x2020,0x4024,0x43F8,0x4020,0x4020,0x4020,0x4020,0x63E0,0x6438,0x4424,0x43C0,0x0000,0x0000},  /* U+306F */
  {0x0000,0x0004,0x4054,0x404C,0x4040,0x47F8,0x4040,0x4040,0x4020,0x4020,0x63E0,0x4430,0x442C,0x4440,0x4380,0x0000},  /* U+3070 */
  {0x0000,0x001C,0x4054,0x405C,0x4040,0x47F8,0x4040,0x4040,0x4020,0x4020,0x63E0,0x4430,0x442C,0x4440,0x4380,0x0000},  /* U+3071 */
  {0x0000,0x0000,0x7E20,0x0820,0x1020,0x1010,0x2028,0x2028,0x2024,0x2020,0x2020,0x2040,0x1080,0x0F00,0x0000,0x0000},  /* U+3072 */
  {0x0000,0x0004,0x0014,0x7E2C,0x0820,0x1020,0x1020,0x2030,0x2028,0x2024,0x4020,0x4040,0x2040,0x2080,0x1F00,0x0000},  /* U+3073 */
  {0x0000,0x000C,0x0012,0x7E32,0x082C,0x1020,0x1020,0x2030,0x2028,0x2024,0x4020,0x4040,0x2040,0x2080,0x1F00,0x0000},  /* U+3074 */
  {0x0000,0x0000,0x0300,0x00C0,0x0020,0x00C0,0x0000,0x0300,0x0108,0x0084,0x0844,0x1042,0x6042,0x07C0,0x0000,0x0000},  /* U+3075 */
  {0x0000,0x0000,0x0200,0x0184,0x004A,0x0088,0x0000,0x0200,0x0110,0x0088,0x0884,0x3044,0x4042,0x8F80,0x0000,0x0000},  /* U+3076 */
  {0x0000,0x0000,0x0200,0x018E,0x0052,0x008A,0x0004,0x0200,0x0110,0x0088,0x0884,0x3044,0x4042,0x8F80,0x0000,0x0000},  /* U+3077 */
  {0x0000,0x0000,0x0000,0x0200,0x0500,0x0880,0x1040,0x2020,0x2010,0x4008,0x0004,0x0002,0x0000,0x0000,0x0000,0x0000},  /* U+3078 */
  {0x0000,0x0000,0x0000,0x002C,0x0214,0x0510,0x0880,0x1040,0x1020,0x2010,0x4010,0x0008,0x0006,0x0000,0x0000,0x0000},  /* U+3079 */
  {0x0000,0x0000,0x0000,0x001C,0x0224,0x0524,0x0898,0x1040,0x1020,0x2010,0x4010,0x0008,0x0006,0x0000,0x0000,0x0000},  /* U+307A */
  {0x0000,0x0000,0x2008,0x23F0,0x4020,0x4020,0x43FC,0x4020,0x4020,0x4020,0x63C0,0x6438,0x4424,0x43C0,0x0000,0x0000},  /* U+307B */
  {0x0000,0x0014,0x400C,0x47FA,0x4040,0x4040,0x4058,0x47E0,0x4040,0x4040,0x63C0,0x4430,0x4448,0x4440,0x4380,0x0000},  /* U+307C */
  {0x000C,0x0012,0x4012,0x47EC,0x4040,0x4040,0x4058,0x47E0,0x4040,0x4040,0x63C0,0x4430,0x4448,0x4440,0x4380,0x0000},  /* U+307D */
  {0x0000,0x0100,0x3170,0x0F80,0x0100,0x0100,0x3FF0,0x0100,0x0100,0x1F00,0x21E0,0x2110,0x3108,0x0E00,0x0000,0x0000},  /* U+307E */
  {0x0000,0x0FC0,0x0080,0x0080,0x0100,0x0108,0x0FC8,0x1238,0x240C,0x440A,0x4810,0x3810,0x0060,0x0080,0x0000,0x0000},  /* U+307F */
  {0x0000,0x0000,0x0400,0x0590,0x3E08,0x0404,0x1C04,0x2400,0x2400,0x2400,0x2408,0x1808,0x0808,0x0FF0,0x0000,0x0000},  /* U+3080 */
  {0x0000,0x0000,0x0040,0x1040,0x0BE0,0x0C58,0x1884,0x2484,0x2504,0x2304,0x2204,0x2304,0x3C08,0x00F0,0x0000,0x0000},  /* U+3081 */
  {0x0000,0x0200,0x0200,0x3BC0,0x0400,0x0400,0x0410,0x3FC8,0x0404,0x0404,0x0404,0x0408,0x0210,0x01E0,0x0000,0x0000},  /* U+3082 */
  {0x0000,0x0000,0x0100,0x0880,0x08F0,0x0708,0x1C08,0x2408,0x02F0,0x0200,0x0100,0x0100,0x0100,0x0000,0x0000,0x0000},  /* U+3083 */
  {0x0000,0x0100,0x0080,0x1040,0x08F8,0x0F04,0x1804,0x6404,0x0204,0x0278,0x0200,0x0100,0x0100,0x0100,0x0080,0x0000},  /* U+3084 */
  {0x0000,0x0000,0x0100,0x1080,0x13E0,0x1490,0x1890,0x1090,0x1490,0x1490,0x13E0,0x0100,0x0600,0x0000,0x0000,0x0000},  /* U+3085 */
  {0x0000,0x0040,0x1040,0x13F8,0x2444,0x2844,0x3044,0x1044,0x2444,0x2244,0x11B8,0x00C0,0x0100,0x0200,0x0000,0x0000},  /* U+3086 */
  {0x0000,0x0000,0x0100,0x0100,0x0130,0x01C0,0x0100,0x0100,0x0100,0x0F80,0x1160,0x1110,0x0E00,0x0000,0x0000,0x0000},  /* U+3087 */
  {0x0000,0x0100,0x0100,0x0100,0x00F8,0x0100,0x0100,0x0100,0x0100,0x1F80,0x20E0,0x2098,0x1108,0x0E00,0x0000,0x0000},  /* U+3088 */
  {0x0000,0x0000,0x07C0,0x0030,0x0800,0x0800,0x0800,0x11F0,0x1608,0x1808,0x1008,0x0008,0x0008,0x07F0,0x0000,0x0000},  /* U+3089 */
  {0x0000,0x08C0,0x0B20,0x0C10,0x0810,0x0810,0x0810,0x0810,0x0810,0x0010,0x0010,0x0060,0x0180,0x0600,0x0000,0x0000},  /* U+308A */
  {0x0000,0x0000,0x0FF0,0x0020,0x0040,0x0080,0x0300,0x07F0,0x0808,0x1008,0x2008,0x0788,0x0448,0x07F0,0x0000,0x0000},  /* U+308B */
  {0x0000,0x0000,0x0800,0x0800,0xF9E0,0x0A20,0x1C20,0x1020,0x3020,0x3020,0x5020,0x9020,0x1022,0x101C,0x0000,0x0000},  /* U+308C */
  {0x0000,0x07D0,0x0820,0x0040,0x0080,0x0300,0x07F0,0x0808,0x1008,0x2008,0x0008,0x0008,0x0070,0x0780,0x0000,0x0000},  /* U+308D */
  {0x0000,0x0000,0x0000,0x0200,0x0400,0x1E70,0x0588,0x0604,0x0404,0x0C04,0x1408,0x2410,0x0460,0x0000,0x0000,0x0000},  /* U+308E */
  {0x0000,0x0000,0x0400,0x0400,0x7C20,0x05D8,0x0A04,0x0C02,0x1802,0x1802,0x2804,0x4804,0x0818,0x0860,0x0000,0x0000},  /* U+308F */
  {0x0000,0x0000,0x1F80,0x0080,0x0100,0x01E0,0x0718,0x0908,0x1204,0x2204,0x2404,0x25E4,0x2A18,0x11F0,0x0000,0x0000},  /* U+3090 */
  {0x0000,0x0FE0,0x0080,0x03E0,0x0410,0x1808,0x2788,0x0490,0x03E0,0x0400,0x0C78,0x1284,0x2104,0x4002,0x0000,0x0000},  /* U+3091 */
  {0x0000,0x0200,0x0200,0x3BF0,0x0400,0x0400,0x0B0C,0x0CB0,0x10C0,0x2380,0x0480,0x0480,0x0400,0x0400,0x03F8,0x0000},  /* U+3092 */
  {0x0000,0x0000,0x0200,0x0200,0x0400,0x0400,0x0800,0x1600,0x1900,0x1100,0x2104,0x4104,0x4108,0x40F0,0x0000,0x0000},  /* U+3093 */
  {0x0000,0x0000,0x1FC0,0x0028,0x0014,0x0790,0x3840,0x0020,0x0020,0x0020,0x0020,0x0040,0x0080,0x0F00,0x0000,0x0000},  /* U+3094 */
  {0x0000,0x0000,0x0400,0x0400,0x0420,0x3F90,0x0448,0x0848,0x0888,0x0880,0x1080,0x1080,0x2700,0x0000,0x0000,0x0000},  /* U+3095 */
  {0x0000,0x0000,0x0000,0x2040,0x2040,0x23F8,0x2040,0x2040,0x2040,0x3040,0x3040,0x2040,0x2180,0x0000,0x0000,0x0000},  /* U+3096 */
  {0x3FFC,0x300C,0x300C,0x2814,0x2424,0x2244,0x2244,0x2184,0x2184,0x2244,0x2664,0x2424,0x2814,0x300C,0x2004,0x3FFC},  /* U+3097 */
  {0x3FFC,0x300C,0x300C,0x2814,0x2424,0x2244,0x2244,0x2184,0x2184,0x2244,0x2664,0x2424,0x2814,0x300C,0x2004,0x3FFC},  /* U+3098 */
  {0x0000,0x0000,0x0000,0x0000,0x0000,0x0000,0x0380,0x0280,0x0100,0x0000,0x0000,0x0000,0x0000,0x0000,0x0000,0x0000},  /* U+3099 */
  {0x0000,0x0000,0x0000,0x0000,0x0000,0x0000,0x0180,0x0240,0x0240,0x0180,0x0000,0x0000,0x0000,0x0000,0x0000,0x0000},  /* U+309A */
  {0x0000,0x0000,0x0000,0x0000,0x0000,0x0000,0x0280,0x0140,0x0100,0x0000,0x0000,0x0000,0x0000,0x0000,0x0000,0x0000},  /* U+309B */
  {0x0000,0x0000,0x0000,0x0000,0x0000,0x0000,0x01C0,0x0240,0x03C0,0x0000,0x0000,0x0000,0x0000,0x0000,0x0000,0x0000},  /* U+309C */
  {0x0000,0x0000,0x0000,0x0000,0x0400,0x0200,0x0100,0x0100,0x0080,0x0040,0x0060,0x0380,0x0000,0x0000,0x0000,0x0000},  /* U+309D */
  {0x0000,0x0000,0x0020,0x00A0,0x0890,0x0440,0x0200,0x0100,0x0100,0x0080,0x0040,0x0380,0x0400,0x0000,0x0000,0x0000},  /* U+309E */
  {0x0000,0x0060,0x0040,0x0040,0x00BC,0x0080,0x0100,0x0140,0x03B0,0x0210,0x0408,0x0810,0x1010,0x3420,0x03C0,0x0000},  /* U+309F */
  {0x0000,0x0000,0x0000,0x0000,0x0000,0x0000,0x07E0,0x0000,0x07E0,0x0000,0x0000,0x0000,0x0000,0x0000,0x0000,0x0000},  /* U+30A0 */
  {0x0000,0x0000,0x0000,0x1FF0,0x0008,0x0110,0x0110,0x0160,0x0100,0x0100,0x0200,0x0200,0x0C00,0x0000,0x0000,0x0000},  /* U+30A1 */
  {0x0000,0x0000,0x7FFC,0x0008,0x0210,0x0220,0x0240,0x0200,0x0200,0x0200,0x0400,0x0C00,0x3000,0x0000,0x0000,0x0000},  /* U+30A2 */
  {0x0000,0x0000,0x0000,0x0008,0x0010,0x0060,0x0180,0x0640,0x1840,0x0040,0x0040,0x0040,0x0040,0x0000,0x0000,0x0000},  /* U+30A3 */
  {0x0000,0x0000,0x0008,0x0010,0x0020,0x0040,0x0180,0x0E80,0x3080,0x0080,0x0080,0x0080,0x0080,0x0080,0x0000,0x0000},  /* U+30A4 */
  {0x0000,0x0000,0x0100,0x0100,0x1FF8,0x1008,0x1008,0x1008,0x0010,0x0010,0x0020,0x00C0,0x0300,0x0000,0x0000,0x0000},  /* U+30A5 */
  {0x0000,0x0200,0x0200,0x0200,0x3FF8,0x2008,0x2010,0x2010,0x2010,0x0020,0x0020,0x0040,0x0180,0x0E00,0x0000,0x0000},  /* U+30A6 */
  {0x0000,0x0000,0x0000,0x0000,0x1FF8,0x0100,0x0100,0x0100,0x0100,0x0100,0x0100,0x1FF8,0x0000,0x0000,0x0000,0x0000},  /* U+30A7 */
  {0x0000,0x0000,0x0000,0x3FFC,0x0100,0x0100,0x0100,0x0100,0x0100,0x0100,0x0100,0x7FFE,0x0000,0x0000,0x0000,0x0000},  /* U+30A8 */
  {0x0000,0x0000,0x0080,0x0080,0x0080,0x3FF8,0x0180,0x0280,0x0480,0x0880,0x3080,0x0080,0x0380,0x0000,0x0000,0x0000},  /* U+30A9 */
  {0x0000,0x0000,0x0040,0x0040,0x0040,0x3FFC,0x00C0,0x00C0,0x0140,0x0640,0x0840,0x3040,0x0040,0x01C0,0x0000,0x0000},  /* U+30AA */
  {0x0000,0x0000,0x0100,0x0100,0x3FF0,0x0108,0x0108,0x0208,0x0208,0x0208,0x0408,0x0408,0x0808,0x30F0,0x0000,0x0000},  /* U+30AB */
  {0x0000,0x0008,0x0234,0x0214,0x0200,0x7DF0,0x0410,0x0410,0x0410,0x0810,0x0810,0x1010,0x1010,0x61E0,0x0000,0x0000},  /* U+30AC */
  {0x0000,0x0000,0x0200,0x0100,0x01F8,0x3F00,0x0100,0x0100,0x00BC,0x0FC0,0x3080,0x0080,0x0080,0x0040,0x0000,0x0000},  /* U+30AD */
  {0x0000,0x0028,0x0414,0x0410,0x05E0,0x7E00,0x0200,0x0200,0x0238,0x0FC0,0x7100,0x0100,0x0100,0x0100,0x0100,0x0000},  /* U+30AE */
  {0x0000,0x0100,0x0100,0x0200,0x03FC,0x0408,0x0808,0x3010,0x0010,0x0020,0x0040,0x0080,0x0100,0x0E00,0x0000,0x0000},  /* U+30AF */
  {0x0000,0x000C,0x020A,0x0208,0x07F8,0x0808,0x1010,0x2010,0x4020,0x0020,0x0040,0x0080,0x0100,0x0600,0x1800,0x0000},  /* U+30B0 */
  {0x0000,0x0000,0x0400,0x0400,0x0800,0x0FFE,0x1040,0x2040,0x4040,0x0080,0x0080,0x0100,0x0100,0x0600,0x0000,0x0000},  /* U+30B1 */
  {0x0000,0x0004,0x040A,0x080A,0x0800,0x0FFC,0x1040,0x2040,0x4040,0x0080,0x0080,0x0100,0x0100,0x0600,0x0800,0x0000},  /* U+30B2 */
  {0x0000,0x0000,0x1FF8,0x0008,0x0008,0x0008,0x0008,0x0008,0x0008,0x0008,0x0008,0x1FF8,0x0008,0x0000,0x0000,0x0000},  /* U+30B3 */
  {0x0000,0x0028,0x0014,0x0000,0x3FF0,0x0010,0x0010,0x0010,0x0010,0x0010,0x0010,0x0010,0x0010,0x3FF0,0x0000,0x0000},  /* U+30B4 */
  {0x0000,0x0000,0x0420,0x0420,0x0420,0x7FFE,0x0420,0x0420,0x0420,0x0420,0x0020,0x0040,0x0040,0x0380,0x0000,0x0000},  /* U+30B5 */
  {0x0000,0x082E,0x082A,0x0820,0x7FFC,0x0820,0x0820,0x0820,0x0820,0x0020,0x0040,0x0040,0x0180,0x0200,0x0000,0x0000},  /* U+30B6 */
  {0x0000,0x0000,0x0C00,0x0200,0x0100,0x0000,0x3004,0x0C04,0x0008,0x0010,0x0020,0x00C0,0x0300,0x1C00,0x0000,0x0000},  /* U+30B7 */
  {0x0000,0x0000,0x1028,0x0C24,0x0210,0x0000,0x6008,0x1808,0x0010,0x0020,0x0040,0x0180,0x0600,0x3800,0x0000,0x0000},  /* U+30B8 */
  {0x0000,0x0000,0x1FF0,0x0010,0x0010,0x0020,0x0040,0x0040,0x00C0,0x0120,0x0610,0x0808,0x3004,0x0000,0x0000,0x0000},  /* U+30B9 */
  {0x0000,0x0028,0x0014,0x3FF0,0x0020,0x0040,0x0040,0x0080,0x0100,0x0180,0x0640,0x0820,0x1010,0x6018,0x0000,0x0000},  /* U+30BA */
  {0x0000,0x0000,0x0400,0x0400,0x0404,0x04FC,0x1F08,0x6410,0x0410,0x0420,0x0400,0x0400,0x0400,0x03F8,0x0000,0x0000},  /* U+30BB */
  {0x0000,0x0004,0x040A,0x0408,0x0400,0x047C,0x0F88,0x7410,0x0410,0x0420,0x0400,0x0400,0x0400,0x07F8,0x0000,0x0000},  /* U+30BC */
  {0x0000,0x0000,0x2008,0x1008,0x0808,0x0810,0x0410,0x0020,0x0020,0x0040,0x0080,0x0100,0x0600,0x0000,0x0000,0x0000},  /* U+30BD */
  {0x0000,0x0028,0x0014,0x4000,0x2010,0x2010,0x1020,0x1020,0x0040,0x0040,0x0080,0x0100,0x0200,0x1C00,0x0000,0x0000},  /* U+30BE */
  {0x0000,0x0100,0x0100,0x03FC,0x0204,0x0408,0x0808,0x1310,0x2090,0x0060,0x0050,0x0088,0x0300,0x1C00,0x0000,0x0000},  /* U+30BF */
  {0x0000,0x0014,0x020A,0x0204,0x05F8,0x0808,0x0810,0x3610,0x4120,0x00A0,0x0060,0x0090,0x0300,0x0C00,0x1000,0x0000},  /* U+30C0 */
  {0x0000,0x0000,0x0038,0x1FC0,0x0080,0x0080,0x0080,0x3FFC,0x0080,0x0080,0x0100,0x0100,0x0200,0x0C00,0x0000,0x0000},  /* U+30C1 */
  {0x0000,0x0030,0x3FC4,0x0114,0x010A,0x0100,0x7FFC,0x0100,0x0100,0x0100,0x0200,0x0200,0x0400,0x0800,0x0000,0x0000},  /* U+30C2 */
  {0x0000,0x0000,0x0000,0x0100,0x1108,0x0888,0x0890,0x0810,0x0020,0x0020,0x00C0,0x0100,0x0600,0x0000,0x0000,0x0000},  /* U+30C3 */
  {0x0000,0x0000,0x0200,0x2104,0x2104,0x1104,0x1088,0x1008,0x0010,0x0020,0x0020,0x0040,0x0180,0x0E00,0x0000,0x0000},  /* U+30C4 */
  {0x0000,0x002C,0x0014,0x0400,0x4208,0x4210,0x2210,0x2010,0x0020,0x0040,0x0040,0x0080,0x0300,0x0C00,0x1000,0x0000},  /* U+30C5 */
  {0x0000,0x0000,0x0FF8,0x0000,0x0000,0x3F7C,0x0080,0x0080,0x0080,0x0100,0x0100,0x0200,0x0C00,0x0000,0x0000,0x0000},  /* U+30C6 */
  {0x0000,0x0014,0x3FEA,0x0008,0x0000,0x0000,0x7EF8,0x0100,0x0100,0x0100,0x0200,0x0200,0x0400,0x0800,0x1000,0x0000},  /* U+30C7 */
  {0x0000,0x0000,0x0800,0x0800,0x0800,0x0800,0x0C00,0x0B80,0x0860,0x0800,0x0800,0x0800,0x0800,0x0800,0x0000,0x0000},  /* U+30C8 */
  {0x0000,0x0000,0x0820,0x0850,0x0850,0x0820,0x0C00,0x0B80,0x0860,0x0810,0x0800,0x0800,0x0800,0x0800,0x0000,0x0000},  /* U+30C9 */
  {0x0000,0x0000,0x0100,0x0100,0x0100,0x7FFC,0x0100,0x0100,0x0100,0x0100,0x0200,0x0200,0x0400,0x1800,0x0000,0x0000},  /* U+30CA */
  {0x0000,0x0000,0x0000,0x1FF8,0x0000,0x0000,0x0000,0x0000,0x0000,0x0000,0x0000,0x3FFC,0x0000,0x0000,0x0000,0x0000},  /* U+30CB */
  {0x0000,0x0000,0x1FF8,0x0010,0x0010,0x0810,0x0420,0x0320,0x00C0,0x00A0,0x0110,0x0608,0x1800,0x0000,0x0000,0x0000},  /* U+30CC */
  {0x0000,0x0080,0x0080,0x0080,0x1FF8,0x0010,0x0020,0x00C0,0x0120,0x0690,0x388C,0x0080,0x0080,0x0080,0x0000,0x0000},  /* U+30CD */
  {0x0000,0x0000,0x0010,0x0010,0x0010,0x0020,0x0020,0x0040,0x0080,0x0100,0x0200,0x0C00,0x1000,0x0000,0x0000,0x0000},  /* U+30CE */
  {0x0000,0x0000,0x0440,0x0420,0x0420,0x0410,0x0810,0x0808,0x0808,0x1004,0x1004,0x2004,0x2004,0x0000,0x0000,0x0000},  /* U+30CF */
  {0x0000,0x0004,0x000A,0x004A,0x0420,0x0420,0x0410,0x0810,0x0808,0x0808,0x1008,0x1004,0x2004,0x4004,0x0000,0x0000},  /* U+30D0 */
  {0x0000,0x0000,0x000E,0x004A,0x042C,0x0420,0x0410,0x0810,0x0808,0x0808,0x1008,0x1004,0x2004,0x4004,0x0000,0x0000},  /* U+30D1 */
  {0x0000,0x0000,0x1000,0x1000,0x1010,0x10E0,0x1700,0x1800,0x1000,0x1000,0x1000,0x1000,0x1000,0x0FF8,0x0000,0x0000},  /* U+30D2 */
  {0x0000,0x0010,0x2028,0x2014,0x2000,0x20E0,0x2700,0x3800,0x2000,0x2000,0x2000,0x2000,0x2000,0x1FF0,0x0000,0x0000},  /* U+30D3 */
  {0x0000,0x0018,0x2024,0x2024,0x2018,0x20E0,0x2700,0x3800,0x2000,0x2000,0x2000,0x2000,0x2000,0x1FF0,0x0000,0x0000},  /* U+30D4 */
  {0x0000,0x0000,0x1FF8,0x0008,0x0008,0x0008,0x0010,0x0010,0x0020,0x0040,0x0080,0x0100,0x0E00,0x0000,0x0000,0x0000},  /* U+30D5 */
  {0x0000,0x0008,0x0014,0x0014,0x7FF0,0x0010,0x0010,0x0010,0x0020,0x0020,0x0040,0x0040,0x0080,0x0300,0x1C00,0x0000},  /* U+30D6 */
  {0x0000,0x000C,0x0012,0x7FF2,0x001C,0x0010,0x0010,0x0020,0x0020,0x0040,0x0040,0x0080,0x0300,0x1C00,0x0000,0x0000},  /* U+30D7 */
  {0x0000,0x0000,0x0000,0x0300,0x0480,0x0840,0x1040,0x2020,0x6010,0x0008,0x0004,0x0002,0x0000,0x0000,0x0000,0x0000},  /* U+30D8 */
  {0x0000,0x0000,0x0000,0x002C,0x0214,0x0510,0x0880,0x1040,0x1020,0x2010,0x4008,0x0004,0x0002,0x0000,0x0000,0x0000},  /* U+30D9 */
  {0x0000,0x0000,0x0000,0x001C,0x0224,0x0514,0x0888,0x1040,0x1020,0x2010,0x4008,0x0004,0x0002,0x0000,0x0000,0x0000},  /* U+30DA */
  {0x0000,0x0000,0x0100,0x0100,0x7FF8,0x0100,0x0100,0x0120,0x1110,0x2110,0x2108,0x4104,0x0100,0x0F00,0x0000,0x0000},  /* U+30DB */
  {0x0000,0x0014,0x010A,0x010A,0x0100,0x3FFC,0x0100,0x0100,0x0910,0x1108,0x2108,0x6104,0x0100,0x0700,0x0000,0x0000},  /* U+30DC */
  {0x0000,0x001E,0x0112,0x010C,0x0100,0x3FFC,0x0100,0x0100,0x0910,0x1108,0x2108,0x6104,0x0100,0x0700,0x0000,0x0000},  /* U+30DD */
  {0x0000,0x0000,0x3FFC,0x0004,0x0008,0x0008,0x0010,0x0C20,0x0240,0x0180,0x0080,0x0040,0x0020,0x0000,0x0000,0x0000},  /* U+30DE */
  {0x0000,0x0000,0x0E00,0x01E0,0x0018,0x0000,0x0C00,0x03C0,0x0030,0x0000,0x0000,0x1C00,0x03C0,0x0030,0x0000,0x0000},  /* U+30DF */
  {0x0000,0x0000,0x0100,0x0100,0x0200,0x0200,0x0200,0x0400,0x0410,0x0410,0x0808,0x080C,0x1FF4,0x6002,0x0000,0x0000},  /* U+30E0 */
  {0x0000,0x0000,0x0008,0x0010,0x0010,0x0C20,0x0220,0x0140,0x00C0,0x00A0,0x0110,0x0208,0x0C08,0x3000,0x0000,0x0000},  /* U+30E1 */
  {0x0000,0x0000,0x1FF8,0x0100,0x0100,0x0100,0x3FFC,0x0100,0x0100,0x0100,0x0100,0x0100,0x00FC,0x0000,0x0000,0x0000},  /* U+30E2 */
  {0x0000,0x0000,0x0000,0x0800,0x0438,0x07D0,0x2C20,0x0420,0x0240,0x0200,0x0200,0x0100,0x0100,0x0000,0x0000,0x0000},  /* U+30E3 */
  {0x0000,0x0000,0x0800,0x0400,0x047C,0x0F84,0x7208,0x0210,0x0220,0x0200,0x0100,0x0100,0x0100,0x0080,0x0000,0x0000},  /* U+30E4 */
  {0x0000,0x0000,0x0000,0x0000,0x0FE0,0x0010,0x0020,0x0020,0x0020,0x0020,0x3FFC,0x0000,0x0000,0x0000,0x0000,0x0000},  /* U+30E5 */
  {0x0000,0x0000,0x0000,0x1FF0,0x0010,0x0010,0x0010,0x0010,0x0010,0x0020,0x0020,0x7FFE,0x0000,0x0000,0x0000,0x0000},  /* U+30E6 */
  {0x0000,0x0000,0x0000,0x0FF0,0x0010,0x0010,0x0010,0x0FF0,0x0010,0x0010,0x0010,0x0FF0,0x0010,0x0000,0x0000,0x0000},  /* U+30E7 */
  {0x0000,0x0000,0x1FF8,0x0008,0x0008,0x0008,0x0008,0x1FF8,0x0008,0x0008,0x0008,0x0008,0x1FF8,0x0000,0x0000,0x0000},  /* U+30E8 */
  {0x0000,0x0000,0x0FF8,0x0000,0x0000,0x0000,0x3FFC,0x0008,0x0008,0x0008,0x0010,0x0020,0x00C0,0x0700,0x0000,0x0000},  /* U+30E9 */
  {0x0000,0x0000,0x0810,0x0810,0x0810,0x0810,0x0810,0x0810,0x0810,0x0810,0x0010,0x0020,0x0040,0x0380,0x0000,0x0000},  /* U+30EA */
  {0x0000,0x0000,0x0440,0x0440,0x0440,0x0440,0x0840,0x0840,0x0840,0x0842,0x0844,0x1048,0x1070,0x6040,0x0000,0x0000},  /* U+30EB */
  {0x0000,0x0000,0x1000,0x1000,0x1000,0x1000,0x1000,0x1000,0x1008,0x1010,0x1020,0x10C0,0x1700,0x1800,0x0000,0x0000},  /* U+30EC */
  {0x0000,0x0000,0x1FF8,0x1008,0x1008,0x1008,0x1008,0x1008,0x1008,0x1008,0x1008,0x1FF8,0x1008,0x0000,0x0000,0x0000},  /* U+30ED */
  {0x0000,0x0000,0x0000,0x1FF8,0x1008,0x1010,0x1010,0x0010,0x0020,0x0040,0x0080,0x0300,0x0000,0x0000,0x0000,0x0000},  /* U+30EE */
  {0x0000,0x0000,0x3FFC,0x2004,0x2008,0x2008,0x2008,0x0008,0x0010,0x0010,0x0020,0x00C0,0x0700,0x0000,0x0000,0x0000},  /* U+30EF */
  {0x0000,0x0000,0x0040,0x0040,0x77F8,0x0840,0x0840,0x0840,0x0840,0x0840,0x7FFC,0x0040,0x0040,0x0040,0x0000,0x0000},  /* U+30F0 */
  {0x0000,0x0000,0x0000,0x3FFC,0x0004,0x0108,0x0110,0x0120,0x0100,0x0100,0x0100,0x0100,0x7FFE,0x0000,0x0000,0x0000},  /* U+30F1 */
  {0x0000,0x0000,0x3FF8,0x0008,0x0010,0x0010,0x3FF0,0x0010,0x0020,0x0040,0x0080,0x0100,0x0E00,0x0000,0x0000,0x0000},  /* U+30F2 */
  {0x0000,0x0000,0x3000,0x0800,0x0408,0x0008,0x0008,0x0010,0x0020,0x0040,0x0180,0x0600,0x3800,0x0000,0x0000,0x0000},  /* U+30F3 */
  {0x0000,0x0028,0x0214,0x0210,0x7FF0,0x4010,0x4010,0x4010,0x4010,0x0020,0x0020,0x0040,0x0180,0x0E00,0x0000,0x0000},  /* U+30F4 */
  {0x0000,0x0000,0x0100,0x0100,0x0100,0x1FF8,0x0108,0x0208,0x0208,0x0210,0x0410,0x0810,0x10E0,0x0000,0x0000,0x0000},  /* U+30F5 */
  {0x0000,0x0000,0x0400,0x0400,0x0400,0x07FC,0x0840,0x1040,0x2080,0x0080,0x0100,0x0100,0x0600,0x0000,0x0000,0x0000},  /* U+30F6 */
  {0x0008,0x0024,0x0014,0x7FF0,0x4010,0x4010,0x4010,0x4010,0x4020,0x0020,0x0040,0x0040,0x0180,0x0600,0x0800,0x0000},  /* U+30F7 */
  {0x0000,0x0004,0x002A,0x0026,0x3BFC,0x0420,0x0420,0x0420,0x0420,0x0420,0x7FFC,0x0020,0x0020,0x0020,0x0000,0x0000},  /* U+30F8 */
  {0x0000,0x0000,0x0014,0x000A,0x3FF8,0x0004,0x0008,0x0110,0x0120,0x0100,0x0100,0x0100,0x0100,0x7FFE,0x0000,0x0000},  /* U+30F9 */
  {0x0008,0x0024,0x0014,0x7FF0,0x0010,0x0010,0x0010,0x3FE0,0x0020,0x0020,0x0040,0x0080,0x0100,0x0600,0x1800,0x0000},  /* U+30FA */
  {0x0000,0x0000,0x0000,0x0000,0x0000,0x0000,0x0000,0x0180,0x0180,0x0000,0x0000,0x0000,0x0000,0x0000,0x0000,0x0000},  /* U+30FB */
  {0x0000,0x0000,0x0000,0x0000,0x0000,0x0000,0x0000,0x3FFC,0x0000,0x0000,0x0000,0x0000,0x0000,0x0000,0x0000,0x0000},  /* U+30FC */
  {0x0000,0x0000,0x0000,0x0000,0x0400,0x0200,0x0100,0x0080,0x0040,0x0020,0x0020,0x0000,0x0000,0x0000,0x0000,0x0000},  /* U+30FD */
  {0x0000,0x0000,0x0000,0x0020,0x0120,0x0090,0x0840,0x0400,0x0200,0x0100,0x0080,0x0080,0x0040,0x0000,0x0000,0x0000},  /* U+30FE */
  {0x0000,0x1FF8,0x0008,0x0008,0x0008,0x0008,0x0008,0x0008,0x0008,0x0008,0x0008,0x0008,0x0008,0x0008,0x0000,0x0000},  /* U+30FF */
};

static const unsigned short font16_cjk_cp[] = {0x4E00,0x4E01,0x4E03,0x4E07,0x4E08,0x4E09,0x4E0A,0x4E0B,0x4E0D,0x4E0E,0x4E10,0x4E11,0x4E14,0x4E15,0x4E16,0x4E18,0x4E19,0x4E1E,0x4E21,0x4E26,0x4E2A,0x4E2D,0x4E31,0x4E32,0x4E36,0x4E38,0x4E39,0x4E3B,0x4E3C,0x4E3F,0x4E42,0x4E43,0x4E45,0x4E4B,0x4E4D,0x4E4E,0x4E4F,0x4E56,0x4E57,0x4E58,0x4E59,0x4E5D,0x4E5E,0x4E5F,0x4E71,0x4E73,0x4E7E,0x4E80,0x4E82,0x4E85,0x4E86,0x4E88,0x4E89,0x4E8A,0x4E8B,0x4E8C,0x4E8E,0x4E91,0x4E92,0x4E94,0x4E95,0x4E98,0x4E99,0x4E9B,0x4E9C,0x4E9E,0x4E9F,0x4EA0,0x4EA1,0x4EA2,0x4EA4,0x4EA5,0x4EA6,0x4EA8,0x4EAB,0x4EAC,0x4EAD,0x4EAE,0x4EB0,0x4EB3,0x4EB6,0x4EBA,0x4EC0,0x4EC1,0x4EC2,0x4EC4,0x4EC6,0x4EC7,0x4ECA,0x4ECB,0x4ECD,0x4ECE,0x4ECF,0x4ED4,0x4ED5,0x4ED6,0x4ED7,0x4ED8,0x4ED9,0x4EDE,0x4EDF,0x4EE3,0x4EE4,0x4EE5,0x4EED,0x4EEE,0x4EF0,0x4EF2,0x4EF6,0x4EF7,0x4EFB,0x4F01,0x4F09,0x4F0A,0x4F0D,0x4F0E,0x4F0F,0x4F10,0x4F11,0x4F1A,0x4F1C,0x4F1D,0x4F2F,0x4F30,0x4F34,0x4F36,0x4F38,0x4F3A,0x4F3C,0x4F3D,0x4F43,0x4F46,0x4F47,0x4F4D,0x4F4E,0x4F4F,0x4F50,0x4F51,0x4F53,0x4F55,0x4F57,0x4F59,0x4F5A,0x4F5B,0x4F5C,0x4F5D,0x4F69,0x4F6F,0x4F70,0x4F73,0x4F75,0x4F76,0x4F7B,0x4F7C,0x4F7F,0x4F83,0x4F86,0x4F88,0x4F8B,0x4F8D,0x4F8F,0x4F91,0x4F96,0x4F98,0x4F9B,0x4F9D,0x4FA0,0x4FA1,0x4FAD,0x4FAE,0x4FAF,0x4FB5,0x4FB6,0x4FBF,0x4FC2,0x4FC3,0x4FC4,0x4FCA,0x4FCE,0x4FD0,0x4FD1,0x4FD4,0x4FD7,0x4FD8,0x4FDA,0x4FDB,0x4FDD,0x4FDF,0x4FE1,0x4FE3,0x4FE4,0x4FE5,0x4FEE,0x4FEF,0x4FF3,0x4FF5,0x4FF6,0x4FF8,0x4FFA,0x4FFE,0x5005,0x5006,0x5009,0x500B,0x500D,0x5011,0x5012,0x5014,0x5016,0x5019,0x501A,0x501F,0x5021,0x5023,0x5024,0x5025,0x5026,0x5028,0x5029,0x502A,0x502B,0x502C,0x502D,0x5036,0x5039,0x5043,0x5047,0x5048,0x5049,0x504F,0x5050,0x5055,0x5056,0x505A,0x505C,0x5065,0x506C,0x5072,0x5074,0x5075,0x5076,0x5078,0x507D,0x5080,0x5085,0x508D,0x5091,0x5098,0x5099,0x509A,0x50AC,0x50AD,0x50B2,0x50B4,0x50B5,0x50B7,0x50BE,0x50C5,0x50CD,0x50CF,0x50D1,0x50D5,0x50DA,0x50E7,0x50FB,0x5100,0x5104,0x5112,0x5118,0x511F,0x512A,0x5132,0x5141,0x5143,0x5144,0x5145,0x5146,0x5147,0x5148,0x5149,0x514B,0x514D,0x514E,0x5150,0x515A,0x515C,0x5165,0x5168,0x516B,0x516C,0x516D,0x5171,0x5175,0x5176,0x5177,0x5178,0x517C,0x5185,0x5186,0x518A,0x518D,0x5192,0x5197,0x5199,0x51A0,0x51A5,0x51A8,0x51AC,0x51B4,0x51B6,0x51B7,0x51C4,0x51C6,0x51CB,0x51CC,0x51CD,0x51DD,0x51E1,0x51E6,0x51E7,0x51EA,0x51F1,0x51F6,0x51F8,0x51F9,0x51FA,0x51FD,0x5200,0x5203,0x5206,0x5207,0x5208,0x520A,0x5211,0x5217,0x521D,0x5224,0x5225,0x5229,0x5230,0x5236,0x5237,0x5238,0x523A,0x523B,0x5243,0x5247,0x524A,0x524D,0x5256,0x525B,0x5263,0x5264,0x5265,0x526F,0x5270,0x5272,0x5275,0x5283,0x5287,0x5289,0x529B,0x529F,0x52A0,0x52A3,0x52A9,0x52AA,0x52AB,0x52B1,0x52B4,0x52B9,0x52BE,0x52C3,0x52C5,0x52C7,0x52C9,0x52D5,0x52D8,0x52D9,0x52DD,0x52DF,0x52E2,0x52E4,0x52E7,0x52F2,0x52FA,0x52FE,0x52FF,0x5301,0x5302,0x5305,0x5316,0x5317,0x5319,0x531D,0x5320,0x5321,0x532A,0x5339,0x533A,0x533B,0x533F,0x5341,0x5343,0x5347,0x5348,0x534A,0x5351,0x5352,0x5353,0x5354,0x5357,0x5358,0x535A,0x535C,0x5360,0x5366,0x536F,0x5370,0x5371,0x5373,0x5374,0x5375,0x5378,0x537F,0x5384,0x5398,0x539A,0x539F,0x53A8,0x53A9,0x53AD,0x53B3,0x53BB,0x53C2,0x53C8,0x53C9,0x53CA,0x53CB,0x53CC,0x53CD,0x53CE,0x53D4,0x53D6,0x53D7,0x53D9,0x53DB,0x53E1,0x53E2,0x53E3,0x53E4,0x53E5,0x53E9,0x53EA,0x53EB,0x53EC,0x53EF,0x53F0,0x53F1,0x53F2,0x53F3,0x53F6,0x53F7,0x53F8,0x5403,0x5404,0x5408,0x5409,0x540A,0x540B,0x540C,0x540D,0x540E,0x540F,0x5410,0x5411,0x541B,0x541F,0x5420,0x5426,0x542B,0x5438,0x5439,0x543B,0x543E,0x5442,0x5446,0x5448,0x5449,0x544A,0x5451,0x5468,0x546A,0x5473,0x547C,0x547D,0x548B,0x548C,0x54B2,0x54B3,0x54BD,0x54C0,0x54C1,0x54C9,0x54E1,0x54E8,0x54E9,0x54F2,0x5504,0x5506,0x5507,0x5510,0x5516,0x552F,0x5531,0x553E,0x5544,0x5546,0x554F,0x5553,0x5584,0x5589,0x558B,0x559A,0x559C,0x559D,0x55A7,0x55AA,0x55AB,0x55AC,0x55B0,0x55B6,0x55E3,0x5606,0x5609,0x5617,0x5618,0x5629,0x5631,0x5642,0x564C,0x565B,0x5668,0x5674,0x5678,0x567A,0x5687,0x56A2,0x56DA,0x56DB,0x56DE,0x56E0,0x56E3,0x56F0,0x56F2,0x56F3,0x56FA,0x56FD,0x5703,0x570F,0x5712,0x571F,0x5727,0x5728,0x572D,0x5730,0x5742,0x5747,0x574A,0x5750,0x5751,0x5764,0x5766,0x576A,0x5782,0x578B,0x57A2,0x57A3,0x57CB,0x57CE,0x57DC,0x57DF,0x57E0,0x57F4,0x57F7,0x57F9,0x57FA,0x57FC,0x5800,0x5802,0x5805,0x5806,0x5815,0x5824,0x582A,0x5830,0x5831,0x5834,0x5835,0x583A,0x5840,0x5841,0x584A,0x5851,0x5854,0x5857,0x5858,0x5859,0x585A,0x585E,0x5869,0x586B,0x5875,0x587E,0x5883,0x5893,0x5897,0x589C,0x58A8,0x58B3,0x58BE,0x58C1,0x58C7,0x58CA,0x58CC,0x58D5,0x58EB,0x58EC,0x58EE,0x58F0,0x58F1,0x58F2,0x58F7,0x5909,0x590F,0x5915,0x5916,0x5919,0x591A,0x591C,0x5922,0x5927,0x5929,0x592A,0x592B,0x592E,0x5931,0x5937,0x5944,0x5947,0x5948,0x5949,0x594F,0x5951,0x5954,0x5957,0x5965,0x5968,0x596A,0x596E,0x5973,0x5974,0x597D,0x5982,0x5983,0x5984,0x598A,0x5993,0x5996,0x5999,0x59A5,0x59A8,0x59AC,0x59B9,0x59BB,0x59BE,0x59C9,0x59CB,0x59D0,0x59D1,0x59D3,0x59D4,0x59E5,0x59E6,0x59EA,0x59EB,0x59F6,0x59FB,0x59FF,0x5A01,0x5A03,0x5A18,0x5A20,0x5A29,0x5A2F,0x5A3C,0x5A41,0x5A46,0x5A5A,0x5A66,0x5A7F,0x5A92,0x5A9B,0x5AC1,0x5AC9,0x5ACC,0x5AE1,0x5B09,0x5B22,0x5B2C,0x5B30,0x5B50,0x5B54,0x5B57,0x5B58,0x5B5C,0x5B5D,0x5B5F,0x5B63,0x5B64,0x5B66,0x5B6B,0x5B85,0x5B87,0x5B88,0x5B89,0x5B8B,0x5B8C,0x5B8D,0x5B8F,0x5B95,0x5B97,0x5B98,0x5B99,0x5B9A,0x5B9B,0x5B9C,0x5B9D,0x5B9F,0x5BA2,0x5BA3,0x5BA4,0x5BA5,0x5BAE,0x5BB0,0x5BB3,0x5BB4,0x5BB5,0x5BB6,0x5BB9,0x5BBF,0x5BC2,0x5BC4,0x5BC5,0x5BC6,0x5BCC,0x5BD2,0x5BD3,0x5BDB,0x5BDD,0x5BDF,0x5BE1,0x5BE7,0x5BE9,0x5BEE,0x5BF5,0x5BF8,0x5BFA,0x5BFE,0x5BFF,0x5C01,0x5C02,0x5C04,0x5C06,0x5C09,0x5C0A,0x5C0B,0x5C0E,0x5C0F,0x5C11,0x5C16,0x5C1A,0x5C24,0x5C2D,0x5C31,0x5C3A,0x5C3B,0x5C3C,0x5C3D,0x5C3E,0x5C3F,0x5C40,0x5C45,0x5C48,0x5C4A,0x5C4B,0x5C4D,0x5C51,0x5C55,0x5C5E,0x5C60,0x5C61,0x5C64,0x5C65,0x5C6F,0x5C71,0x5C90,0x5CA1,0x5CA8,0x5CA9,0x5CAC,0x5CB1,0x5CB3,0x5CB8,0x5CE0,0x5CE1,0x5CE8,0x5CEF,0x5CF0,0x5CF6,0x5CFB,0x5D07,0x5D0E,0x5D16,0x5D29,0x5D50,0x5D69,0x5D6F,0x5D8B,0x5DBA,0x5DCC,0x5DDD,0x5DDE,0x5DE1,0x5DE3,0x5DE5,0x5DE6,0x5DE7,0x5DE8,0x5DEE,0x5DF1,0x5DF3,0x5DF4,0x5DF7,0x5DFB,0x5DFD,0x5DFE,0x5E02,0x5E03,0x5E06,0x5E0C,0x5E16,0x5E1D,0x5E25,0x5E2B,0x5E2D,0x5E2F,0x5E30,0x5E33,0x5E38,0x5E3D,0x5E45,0x5E4C,0x5E55,0x5E61,0x5E63,0x5E72,0x5E73,0x5E74,0x5E78,0x5E79,0x5E7B,0x5E7C,0x5E7D,0x5E7E,0x5E81,0x5E83,0x5E84,0x5E87,0x5E8A,0x5E8F,0x5E95,0x5E96,0x5E97,0x5E9A,0x5E9C,0x5EA6,0x5EA7,0x5EAB,0x5EAD,0x5EB5,0x5EB6,0x5EB7,0x5EB8,0x5EC3,0x5EC9,0x5ECA,0x5ED3,0x5EDF,0x5EE0,0x5EF6,0x5EF7,0x5EFA,0x5EFB,0x5EFC,0x5EFF,0x5F01,0x5F04,0x5F0A,0x5F0C,0x5F0D,0x5F0F,0x5F10,0x5F13,0x5F14,0x5F15,0x5F17,0x5F18,0x5F1B,0x5F1F,0x5F25,0x5F26,0x5F27,0x5F31,0x5F35,0x5F37,0x5F3C,0x5F3E,0x5F4A,0x5F53,0x5F62,0x5F66,0x5F69,0x5F6A,0x5F6B,0x5F6C,0x5F70,0x5F71,0x5F79,0x5F7C,0x5F80,0x5F81,0x5F84,0x5F85,0x5F8B,0x5F8C,0x5F90,0x5F92,0x5F93,0x5F97,0x5FA1,0x5FA9,0x5FAA,0x5FAE,0x5FB3,0x5FB4,0x5FB9,0x5FBD,0x5FC3,0x5FC5,0x5FCC,0x5FCD,0x5FD7,0x5FD8,0x5FD9,0x5FDC,0x5FE0,0x5FEB,0x5FF5,0x5FFD,0x6012,0x6016,0x601C,0x601D,0x6020,0x6025,0x6027,0x6028,0x602A,0x602F,0x604B,0x6050,0x6052,0x6055,0x6062,0x6065,0x6068,0x6069,0x606D,0x606F,0x6070,0x6075,0x6089,0x608C,0x6094,0x609F,0x60A0,0x60A3,0x60A6,0x60A9,0x60AA,0x60B2,0x60B6,0x60BC,0x60C5,0x60C7,0x60D1,0x60DA,0x60DC,0x60DF,0x60E3,0x60E8,0x60F0,0x60F3,0x60F9,0x6101,0x6108,0x6109,0x610F,0x611A,0x611B,0x611F,0x6148,0x614B,0x614C,0x614E,0x6155,0x6162,0x6163,0x6167,0x6168,0x616E,0x6170,0x6176,0x617E,0x6182,0x618E,0x6190,0x61A4,0x61A7,0x61A9,0x61B2,0x61B6,0x61BE,0x61C7,0x61D0,0x61F2,0x61F8,0x620A,0x620E,0x6210,0x6211,0x6212,0x6216,0x621A,0x621F,0x6226,0x622F,0x6234,0x6238,0x623B,0x623F,0x6240,0x6247,0x6249,0x624B,0x624D,0x6253,0x6255,0x6258,0x626E,0x6271,0x6276,0x6279,0x627F,0x6280,0x6284,0x628A,0x6291,0x6295,0x6297,0x6298,0x629C,0x629E,0x62AB,0x62B1,0x62B5,0x62B9,0x62BC,0x62BD,0x62C5,0x62CD,0x62D0,0x62D2,0x62D3,0x62D8,0x62D9,0x62DB,0x62DD,0x62E0,0x62E1,0x62EC,0x62ED,0x62F3,0x62F6,0x62F7,0x62FE,0x6301,0x6307,0x6309,0x6311,0x6319,0x631F,0x6328,0x632B,0x632F,0x633A,0x633D,0x633F,0x6349,0x634C,0x6355,0x6357,0x635C,0x6367,0x6368,0x636E,0x6372,0x6377,0x637A,0x637B,0x6383,0x6388,0x638C,0x6392,0x6398,0x639B,0x63A0,0x63A1,0x63A2,0x63A5,0x63A7,0x63A8,0x63A9,0x63AA,0x63AC,0x63B2,0x63B4,0x63BB,0x63C3,0x63CF,0x63D0,0x63D6,0x63DA,0x63DB,0x63E1,0x63EE,0x63F4,0x63FA,0x640D,0x642C,0x642D,0x643A,0x643E,0x6442,0x6458,0x6469,0x6478,0x647A,0x6483,0x6492,0x649A,0x649E,0x64A4,0x64AB,0x64AD,0x64AE,0x64B0,0x64B2,0x64B9,0x64C1,0x64CD,0x64E2,0x64E6,0x64EC,0x64FE,0x652F,0x6539,0x653B,0x653E,0x653F,0x6545,0x654F,0x6551,0x6557,0x6559,0x6562,0x6563,0x6566,0x656C,0x6570,0x6574,0x6575,0x6577,0x6587,0x6589,0x658C,0x658E,0x6590,0x6591,0x6597,0x6599,0x659C,0x65A1,0x65A4,0x65A5,0x65A7,0x65AC,0x65AD,0x65AF,0x65B0,0x65B9,0x65BC,0x65BD,0x65C5,0x65CB,0x65CF,0x65D7,0x65E2,0x65E5,0x65E6,0x65E7,0x65E8,0x65E9,0x65EC,0x65ED,0x65FA,0x6602,0x6606,0x6607,0x660C,0x660E,0x660F,0x6613,0x6614,0x661F,0x6620,0x6625,0x6627,0x6628,0x662D,0x662F,0x663C,0x6642,0x6643,0x664B,0x6652,0x6666,0x6669,0x666E,0x666F,0x6674,0x6676,0x667A,0x6681,0x6687,0x6691,0x6696,0x6697,0x66A2,0x66A6,0x66AB,0x66AE,0x66B4,0x66C7,0x66D9,0x66DC,0x66DD,0x66F2,0x66F3,0x66F4,0x66F8,0x66F9,0x66FD,0x66FE,0x66FF,0x6700,0x6703,0x6708,0x6709,0x670B,0x670D,0x6714,0x6715,0x6717,0x671B,0x671D,0x671F,0x6728,0x672A,0x672B,0x672C,0x672D,0x6731,0x6734,0x673A,0x673D,0x6749,0x674E,0x674F,0x6750,0x6751,0x6753,0x6756,0x675C,0x675F,0x6761,0x6762,0x6765,0x676D,0x676F,0x6771,0x6775,0x6777,0x677E,0x677F,0x6787,0x6790,0x6795,0x6797,0x679A,0x679C,0x679D,0x67A0,0x67A2,0x67AF,0x67B6,0x67C1,0x67C4,0x67CA,0x67CF,0x67D0,0x67D1,0x67D3,0x67D4,0x67D8,0x67DA,0x67F1,0x67F3,0x67F4,0x67F5,0x67FB,0x67FE,0x67FF,0x6802,0x6803,0x6804,0x6813,0x6816,0x6817,0x6821,0x6822,0x682A,0x6834,0x6838,0x6839,0x683C,0x683D,0x6841,0x6842,0x6843,0x6848,0x6850,0x6851,0x6853,0x6854,0x685C,0x685D,0x685F,0x6867,0x6876,0x6881,0x6885,0x6893,0x6897,0x68A2,0x68A7,0x68A8,0x68AF,0x68B0,0x68B1,0x68B6,0x68BC,0x68C4,0x68C9,0x68CB,0x68D2,0x68DA,0x68DF,0x68EE,0x68F2,0x68FA,0x6900,0x6905,0x690B,0x690D,0x690E,0x6919,0x691B,0x691C,0x6934,0x693F,0x694A,0x6953,0x6955,0x695A,0x6960,0x6962,0x696D,0x696F,0x6973,0x6975,0x697C,0x697D,0x6982,0x698A,0x698E,0x6994,0x699B,0x69CB,0x69CC,0x69CD,0x69D8,0x69D9,0x69FB,0x69FD,0x6A0B,0x6A17,0x6A19,0x6A1F,0x6A21,0x6A29,0x6A2A,0x6A2B,0x6A35,0x6A39,0x6A3A,0x6A3D,0x6A4B,0x6A58,0x6A5F,0x6A61,0x6A7F,0x6A80,0x6A8E,0x6AD3,0x6ADB,0x6AE8,0x6B04,0x6B1D,0x6B20,0x6B21,0x6B23,0x6B27,0x6B32,0x6B3A,0x6B3D,0x6B3E,0x6B4C,0x6B4E,0x6B53,0x6B62,0x6B63,0x6B64,0x6B66,0x6B69,0x6B6A,0x6B6F,0x6B73,0x6B74,0x6B7B,0x6B86,0x6B89,0x6B8A,0x6B8B,0x6B96,0x6BB4,0x6BB5,0x6BBA,0x6BBB,0x6BBF,0x6BC5,0x6BCD,0x6BCE,0x6BD2,0x6BD4,0x6BD8,0x6BDB,0x6C0F,0x6C11,0x6C17,0x6C34,0x6C37,0x6C38,0x6C3E,0x6C40,0x6C41,0x6C42,0x6C4E,0x6C50,0x6C57,0x6C5A,0x6C5D,0x6C5F,0x6C60,0x6C70,0x6C72,0x6C7A,0x6C7D,0x6C83,0x6C88,0x6C8C,0x6C93,0x6C96,0x6C99,0x6CA1,0x6CA2,0x6CAB,0x6CB3,0x6CB8,0x6CB9,0x6CBB,0x6CBC,0x6CBF,0x6CC1,0x6CC9,0x6CCA,0x6CCC,0x6CD5,0x6CE1,0x6CE2,0x6CE3,0x6CE5,0x6CE8,0x6CF0,0x6CF3,0x6D0B,0x6D17,0x6D1B,0x6D1E,0x6D25,0x6D29,0x6D2A,0x6D32,0x6D3B,0x6D3E,0x6D41,0x6D44,0x6D45,0x6D5C,0x6D66,0x6D69,0x6D6A,0x6D6C,0x6D6E,0x6D74,0x6D77,0x6D78,0x6D88,0x6D8C,0x6D99,0x6D9B,0x6D9C,0x6DAF,0x6DB2,0x6DBC,0x6DC0,0x6DCB,0x6DD1,0x6DD8,0x6DE1,0x6DEB,0x6DF1,0x6DF3,0x6DF5,0x6DF7,0x6DFB,0x6E05,0x6E07,0x6E08,0x6E09,0x6E0B,0x6E13,0x6E1A,0x6E1B,0x6E20,0x6E21,0x6E25,0x6E26,0x6E29,0x6E2C,0x6E2F,0x6E4A,0x6E56,0x6E58,0x6E5B,0x6E67,0x6E6F,0x6E7E,0x6E7F,0x6E80,0x6E8C,0x6E90,0x6E96,0x6E9C,0x6E9D,0x6EA2,0x6EB6,0x6EBA,0x6EC5,0x6ECB,0x6ED1,0x6EDD,0x6EDE,0x6EF4,0x6F01,0x6F02,0x6F06,0x6F09,0x6F0F,0x6F14,0x6F15,0x6F20,0x6F22,0x6F23,0x6F2B,0x6F2C,0x6F38,0x6F45,0x6F54,0x6F5C,0x6F5F,0x6F64,0x6F6E,0x6F70,0x6F84,0x6F97,0x6FB1,0x6FC0,0x6FC1,0x6FC3,0x6FE0,0x6FE1,0x6FEB,0x6FEF,0x7015,0x701E,0x7026,0x7027,0x702C,0x7058,0x706B,0x706F,0x7070,0x7078,0x707C,0x707D,0x7089,0x708A,0x708E,0x70AD,0x70B9,0x70BA,0x70C8,0x70CF,0x70F9,0x7114,0x711A,0x7121,0x7126,0x7136,0x713C,0x7149,0x714E,0x7159,0x7164,0x7167,0x7169,0x716E,0x717D,0x718A,0x7194,0x719F,0x71B1,0x71C3,0x71C8,0x71D0,0x71D5,0x71E5,0x71E6,0x71ED,0x7206,0x722A,0x7235,0x7236,0x723A,0x723D,0x723E,0x7247,0x7248,0x724C,0x7252,0x7259,0x725B,0x725D,0x725F,0x7261,0x7262,0x7267,0x7269,0x7272,0x7279,0x727D,0x7280,0x72A0,0x72AC,0x72AF,0x72B6,0x72C2,0x72D0,0x72D7,0x72D9,0x72DB,0x72E9,0x72EC,0x72ED,0x72F8,0x72FC,0x72FD,0x731B,0x731F,0x732A,0x732B,0x732E,0x7336,0x7337,0x733F,0x7344,0x7345,0x7363,0x7372,0x7384,0x7387,0x7389,0x738B,0x7396,0x73A9,0x73B2,0x73C2,0x73CA,0x73CD,0x73E0,0x73EA,0x73ED,0x73FE,0x7403,0x7406,0x7409,0x7422,0x7433,0x7434,0x7435,0x7436,0x745A,0x745B,0x745E,0x7460,0x7473,0x7483,0x74B0,0x74BD,0x74DC,0x74E2,0x74E6,0x74F6,0x7511,0x7518,0x751A,0x751C,0x751F,0x7523,0x7525,0x7528,0x752B,0x7530,0x7531,0x7532,0x7533,0x7537,0x753A,0x753B,0x754C,0x754F,0x7551,0x7554,0x7559,0x755C,0x755D,0x7560,0x7562,0x7565,0x7566,0x756A,0x7570,0x7573,0x7577,0x757F,0x758B,0x758E,0x758F,0x7591,0x75AB,0x75B2,0x75B9,0x75BE,0x75C5,0x75C7,0x75D4,0x75D5,0x75D8,0x75DB,0x75E2,0x75E9,0x75F4,0x7642,0x764C,0x7652,0x7656,0x767A,0x767B,0x767D,0x767E,0x7684,0x7686,0x7687,0x7690,0x76AE,0x76BF,0x76C3,0x76C6,0x76C8,0x76CA,0x76D7,0x76DB,0x76DF,0x76E3,0x76E4,0x76EE,0x76F2,0x76F4,0x76F8,0x76FE,0x7701,0x7709,0x770B,0x770C,0x771F,0x7720,0x773A,0x773C,0x7740,0x7761,0x7763,0x7766,0x77A5,0x77AC,0x77AD,0x77B3,0x77DB,0x77E2,0x77E5,0x77E7,0x77E9,0x77ED,0x77EF,0x77F3,0x7802,0x7814,0x7815,0x7825,0x7826,0x7827,0x7832,0x7834,0x783A,0x783F,0x785D,0x786B,0x786C,0x786F,0x7872,0x7881,0x7887,0x788D,0x7891,0x7893,0x7895,0x7897,0x78A7,0x78A9,0x78BA,0x78C1,0x78D0,0x78E8,0x78EF,0x7901,0x790E,0x793A,0x793C,0x793E,0x7941,0x7947,0x7948,0x7949,0x7950,0x7956,0x795D,0x795E,0x7962,0x7965,0x7968,0x796D,0x7977,0x7981,0x7984,0x7985,0x798D,0x798E,0x798F,0x79A6,0x79B0,0x79BD,0x79BE,0x79BF,0x79C0,0x79C1,0x79CB,0x79D1,0x79D2,0x79D8,0x79DF,0x79E4,0x79E6,0x79E9,0x79F0,0x79FB,0x7A00,0x7A0B,0x7A0E,0x7A14,0x7A17,0x7A1A,0x7A1C,0x7A2E,0x7A32,0x7A3C,0x7A3D,0x7A3F,0x7A40,0x7A42,0x7A46,0x7A4D,0x7A4E,0x7A4F,0x7A50,0x7A63,0x7A6B,0x7A74,0x7A76,0x7A7A,0x7A7F,0x7A81,0x7A83,0x7A84,0x7A92,0x7A93,0x7A9F,0x7AAA,0x7AAE,0x7AAF,0x7ABA,0x7AC3,0x7ACB,0x7ADC,0x7AE0,0x7AE3,0x7AE5,0x7AEA,0x7AEF,0x7AF6,0x7AF9,0x7AFA,0x7AFF,0x7B08,0x7B11,0x7B1B,0x7B20,0x7B25,0x7B26,0x7B2C,0x7B39,0x7B46,0x7B48,0x7B49,0x7B4B,0x7B4F,0x7B51,0x7B52,0x7B54,0x7B56,0x7B86,0x7B87,0x7B94,0x7B95,0x7B97,0x7BA1,0x7BAA,0x7BAD,0x7BB1,0x7BB8,0x7BC0,0x7BC4,0x7BC7,0x7BC9,0x7BE0,0x7BE4,0x7BED,0x7C21,0x7C38,0x7C3E,0x7C3F,0x7C4D,0x7C73,0x7C7E,0x7C81,0x7C82,0x7C89,0x7C8B,0x7C8D,0x7C92,0x7C95,0x7C97,0x7C98,0x7C9B,0x7C9F,0x7CA5,0x7CA7,0x7CBE,0x7CCA,0x7CCE,0x7CD6,0x7CDE,0x7CDF,0x7CE0,0x7CE7,0x7CF8,0x7CFB,0x7CFE,0x7D00,0x7D04,0x7D05,0x7D0B,0x7D0D,0x7D10,0x7D14,0x7D17,0x7D18,0x7D19,0x7D1A,0x7D1B,0x7D20,0x7D21,0x7D22,0x7D2B,0x7D2C,0x7D2F,0x7D30,0x7D33,0x7D39,0x7D3A,0x7D42,0x7D43,0x7D44,0x7D4C,0x7D50,0x7D5E,0x7D61,0x7D62,0x7D66,0x7D71,0x7D75,0x7D76,0x7D79,0x7D99,0x7D9A,0x7D9C,0x7DAC,0x7DAD,0x7DB1,0x7DB2,0x7DB4,0x7DBB,0x7DBE,0x7DBF,0x7DCA,0x7DCB,0x7DCF,0x7DD1,0x7DD2,0x7DDA,0x7DE0,0x7DE8,0x7DE9,0x7DEC,0x7DEF,0x7DF4,0x7E01,0x7E04,0x7E1B,0x7E1E,0x7E26,0x7E2B,0x7E2E,0x7E3E,0x7E41,0x7E4A,0x7E4B,0x7E4D,0x7E54,0x7E55,0x7E6D,0x7E70,0x7E82,0x7E8F,0x7F36,0x7F6A,0x7F6B,0x7F6E,0x7F70,0x7F72,0x7F75,0x7F77,0x7F85,0x7F8A,0x7F8E,0x7FA4,0x7FA8,0x7FA9,0x7FBD,0x7FC1,0x7FCC,0x7FD2,0x7FE0,0x7FEB,0x7FF0,0x7FFB,0x7FFC,0x8000,0x8001,0x8003,0x8005,0x800C,0x8010,0x8015,0x8017,0x8033,0x8036,0x803D,0x8056,0x805E,0x8061,0x806F,0x8074,0x8077,0x807E,0x8087,0x8089,0x808B,0x808C,0x8096,0x8098,0x809D,0x80A1,0x80A2,0x80A5,0x80A9,0x80AA,0x80AF,0x80B1,0x80B2,0x80B4,0x80BA,0x80C3,0x80C6,0x80CC,0x80CE,0x80DE,0x80E1,0x80E4,0x80F4,0x80F8,0x80FD,0x8102,0x8105,0x8106,0x8107,0x8108,0x810A,0x811A,0x8131,0x8133,0x8139,0x814E,0x8150,0x8154,0x8155,0x816B,0x8170,0x8178,0x8179,0x817A,0x817F,0x818F,0x819A,0x819C,0x819D,0x81A8,0x81B3,0x81BF,0x81C6,0x81D3,0x81E3,0x81E5,0x81E8,0x81EA,0x81ED,0x81F3,0x81F4,0x81FC,0x8208,0x820C,0x820E,0x8212,0x8217,0x8218,0x821B,0x821C,0x821E,0x821F,0x822A,0x822C,0x8235,0x8236,0x8237,0x8239,0x8247,0x8266,0x826E,0x826F,0x8272,0x8276,0x828B,0x8299,0x829D,0x82A5,0x82A6,0x82AD,0x82AF,0x82B1,0x82B3,0x82B8,0x82B9,0x82BD,0x82C5,0x82D1,0x82D3,0x82D4,0x82D7,0x82DB,0x82E5,0x82E6,0x82E7,0x82EB,0x82F1,0x8302,0x8304,0x8305,0x830E,0x831C,0x8328,0x8336,0x8338,0x8349,0x834A,0x834F,0x8352,0x8358,0x8377,0x837B,0x839E,0x83AB,0x83B1,0x83C5,0x83CA,0x83CC,0x83D3,0x83D6,0x83DC,0x83DF,0x83E9,0x83EF,0x83F0,0x83F1,0x8404,0x840C,0x840E,0x8429,0x8431,0x843D,0x8449,0x844E,0x8457,0x845B,0x8461,0x8463,0x8466,0x846C,0x8471,0x8475,0x847A,0x848B,0x8490,0x8494,0x8499,0x849C,0x84B2,0x84B8,0x84BC,0x84C4,0x84C9,0x84CB,0x84D1,0x84EC,0x84EE,0x8500,0x8511,0x8513,0x851A,0x8526,0x852D,0x8535,0x853D,0x8543,0x8549,0x854A,0x854E,0x8557,0x8568,0x8569,0x856A,0x8584,0x8597,0x8599,0x85A6,0x85A9,0x85AA,0x85AB,0x85AC,0x85AE,0x85AF,0x85C1,0x85CD,0x85E4,0x85E9,0x85F7,0x85FB,0x8607,0x862D,0x864E,0x8650,0x865A,0x865C,0x865E,0x866B,0x8679,0x867B,0x868A,0x8695,0x86A4,0x86C7,0x86CB,0x86CD,0x86CE,0x86D9,0x86E4,0x86ED,0x86EE,0x86F8,0x86FE,0x8702,0x8718,0x871C,0x8749,0x874B,0x8755,0x8766,0x8776,0x877F,0x878D,0x87BA,0x87F9,0x87FB,0x8840,0x8846,0x884C,0x8853,0x8857,0x885B,0x885D,0x8861,0x8863,0x8868,0x8870,0x8877,0x887F,0x8888,0x888B,0x8896,0x88AB,0x88B4,0x88B7,0x88C1,0x88C2,0x88C5,0x88CF,0x88D5,0x88DC,0x88DF,0x88E1,0x88F3,0x88F8,0x88FD,0x88FE,0x8907,0x8910,0x8912,0x8956,0x895F,0x8972,0x897F,0x8981,0x8986,0x8987,0x898B,0x898F,0x8996,0x8997,0x899A,0x89A7,0x89AA,0x89B3,0x89D2,0x89E3,0x89E6,0x8A00,0x8A02,0x8A08,0x8A0A,0x8A0E,0x8A13,0x8A17,0x8A18,0x8A1F,0x8A23,0x8A2A,0x8A2D,0x8A31,0x8A33,0x8A34,0x8A3A,0x8A3B,0x8A3C,0x8A50,0x8A51,0x8A54,0x8A55,0x8A5E,0x8A60,0x8A63,0x8A66,0x8A69,0x8A6B,0x8A6E,0x8A70,0x8A71,0x8A72,0x8A73,0x8A87,0x8A89,0x8A8C,0x8A8D,0x8A93,0x8A95,0x8A98,0x8A9E,0x8AA0,0x8AA4,0x8AAC,0x8AAD,0x8AB0,0x8AB2,0x8AB9,0x8ABC,0x8ABF,0x8AC7,0x8ACB,0x8ACC,0x8ACF,0x8AD2,0x8AD6,0x8ADC,0x8AE6,0x8AED,0x8AEE,0x8AF8,0x8AFA,0x8AFE,0x8B00,0x8B01,0x8B02,0x8B04,0x8B0E,0x8B19,0x8B1B,0x8B1D,0x8B21,0x8B2C,0x8B39,0x8B58,0x8B5C,0x8B66,0x8B70,0x8B72,0x8B77,0x8B83,0x8B90,0x8C37,0x8C46,0x8C4A,0x8C5A,0x8C61,0x8C6A,0x8C6B,0x8C79,0x8C8C,0x8C9D,0x8C9E,0x8CA0,0x8CA1,0x8CA2,0x8CA7,0x8CA8,0x8CA9,0x8CAB,0x8CAC,0x8CAF,0x8CB0,0x8CB4,0x8CB7,0x8CB8,0x8CBB,0x8CBC,0x8CBF,0x8CC0,0x8CC2,0x8CC3,0x8CC4,0x8CC7,0x8CCA,0x8CCE,0x8CD1,0x8CD3,0x8CDB,0x8CDC,0x8CDE,0x8CE0,0x8CE2,0x8CE6,0x8CEA,0x8CED,0x8CFC,0x8D08,0x8D0B,0x8D64,0x8D66,0x8D6B,0x8D70,0x8D74,0x8D77,0x8D85,0x8D8A,0x8DA3,0x8DA8,0x8DB3,0x8DDD,0x8DE1,0x8DE8,0x8DEF,0x8DF3,0x8DF5,0x8E0A,0x8E0F,0x8E44,0x8E5F,0x8E74,0x8E8D,0x8EAB,0x8EAF,0x8ECA,0x8ECC,0x8ECD,0x8ED2,0x8EDF,0x8EE2,0x8EF8,0x8EFD,0x8F03,0x8F09,0x8F14,0x8F1D,0x8F29,0x8F2A,0x8F2F,0x8F38,0x8F3F,0x8F44,0x8F4D,0x8F5F,0x8F61,0x8F9B,0x8F9E,0x8FB0,0x8FB1,0x8FB2,0x8FBA,0x8FBB,0x8FBC,0x8FBF,0x8FC2,0x8FC4,0x8FC5,0x8FCE,0x8FD1,0x8FD4,0x8FE6,0x8FE9,0x8FEB,0x8FED,0x8FF0,0x8FF7,0x8FFD,0x9000,0x9001,0x9003,0x9006,0x900F,0x9010,0x9013,0x9014,0x9017,0x9019,0x901A,0x901D,0x901F,0x9020,0x9022,0x9023,0x902E,0x9031,0x9032,0x9038,0x903C,0x9041,0x9042,0x9045,0x9047,0x904A,0x904B,0x904D,0x904E,0x9053,0x9054,0x9055,0x905C,0x9060,0x9061,0x9063,0x9065,0x9069,0x906D,0x906E,0x9075,0x9077,0x9078,0x907A,0x907C,0x907F,0x9084,0x9091,0x90A3,0x90A6,0x90AA,0x90B8,0x90C1,0x90CA,0x90CE,0x90E1,0x90E8,0x90ED,0x90F5,0x90F7,0x90FD,0x912D,0x9149,0x914B,0x914C,0x914D,0x914E,0x9152,0x9154,0x9162,0x916A,0x916C,0x9175,0x9177,0x9178,0x9187,0x918D,0x9190,0x9192,0x9197,0x919C,0x91A4,0x91B8,0x91C6,0x91C7,0x91C8,0x91CC,0x91CD,0x91CE,0x91CF,0x91D1,0x91D8,0x91DC,0x91DD,0x91E3,0x91E6,0x91E7,0x920D,0x920E,0x9234,0x9237,0x9244,0x925B,0x9262,0x9266,0x9271,0x927E,0x9280,0x9283,0x9285,0x9291,0x9298,0x929A,0x92AD,0x92D2,0x92E4,0x92EA,0x92ED,0x92F2,0x92F3,0x92F8,0x92FC,0x9306,0x9310,0x9318,0x9320,0x9326,0x9328,0x932B,0x932C,0x932F,0x9332,0x934B,0x934D,0x9354,0x935B,0x936C,0x9375,0x937E,0x938C,0x9396,0x9397,0x939A,0x93A7,0x93AE,0x93D1,0x93E1,0x9418,0x9419,0x9438,0x9451,0x9453,0x9577,0x9580,0x9583,0x9589,0x958B,0x958F,0x9591,0x9593,0x95A2,0x95A3,0x95A4,0x95A5,0x95B2,0x95C7,0x95D8,0x961C,0x962A,0x9632,0x963B,0x963F,0x9640,0x9644,0x964D,0x9650,0x965B,0x9662,0x9663,0x9664,0x9665,0x966A,0x9670,0x9673,0x9675,0x9676,0x9678,0x967A,0x967D,0x9685,0x9686,0x9688,0x968A,0x968E,0x968F,0x9694,0x9699,0x969B,0x969C,0x96A0,0x96A3,0x96B7,0x96BB,0x96BC,0x96C0,0x96C1,0x96C4,0x96C5,0x96C6,0x96C7,0x96CC,0x96D1,0x96DB,0x96E2,0x96E3,0x96E8,0x96EA,0x96EB,0x96F0,0x96F2,0x96F6,0x96F7,0x96FB,0x9700,0x9707,0x970A,0x971C,0x971E,0x9727,0x9732,0x9752,0x9756,0x9759,0x975E,0x9762,0x9769,0x976D,0x9774,0x9784,0x978D,0x9798,0x97A0,0x97AD,0x97D3,0x97EE,0x97F3,0x97FB,0x97FF,0x9801,0x9802,0x9803,0x9805,0x9806,0x9808,0x9810,0x9811,0x9812,0x9813,0x9817,0x9818,0x981A,0x982C,0x982D,0x9834,0x983B,0x983C,0x984C,0x984D,0x984E,0x9854,0x9855,0x9858,0x985B,0x985E,0x9867,0x98A8,0x98DB,0x98DF,0x98E2,0x98EF,0x98F2,0x98F4,0x98FC,0x98FD,0x98FE,0x9905,0x990A,0x990C,0x9910,0x9913,0x9928,0x9957,0x9996,0x9999,0x99A8,0x99AC,0x99B3,0x99B4,0x99C1,0x99C4,0x99C5,0x99C6,0x99C8,0x99D0,0x99D2,0x99D5,0x99FF,0x9A0E,0x9A12,0x9A13,0x9A28,0x9A30,0x9A5A,0x9AA8,0x9AB8,0x9AC4,0x9AD8,0x9AEA,0x9AED,0x9B3C,0x9B41,0x9B42,0x9B45,0x9B54,0x9B5A,0x9B6F,0x9B8E,0x9B92,0x9BAA,0x9BAB,0x9BAD,0x9BAE,0x9BC9,0x9BD6,0x9BDB,0x9BE8,0x9BF5,0x9C0D,0x9C10,0x9C2D,0x9C2F,0x9C39,0x9C3B,0x9C48,0x9C52,0x9C57,0x9CE5,0x9CE9,0x9CF3,0x9CF4,0x9CF6,0x9D07,0x9D0E,0x9D1B,0x9D28,0x9D2B,0x9D2C,0x9D3B,0x9D5C,0x9D60,0x9D61,0x9D6C,0x9D8F,0x9DB4,0x9DF2,0x9DF9,0x9DFA,0x9E78,0x9E7F,0x9E93,0x9E97,0x9E9F,0x9EA6,0x9EB9,0x9EBA,0x9EBB,0x9EBF,0x9EC4,0x9ECD,0x9ED2,0x9ED9,0x9EDB,0x9F0E,0x9F13,0x9F20,0x9F3B,0x9F62,0x9F8D};
#define FONT16_CJK_N ((int)(sizeof font16_cjk_cp / sizeof font16_cjk_cp[0]))
static const unsigned short font16_cjk[][16] = {
  {0x0000,0x0000,0x0000,0x0000,0x0000,0x0000,0x0000,0x7FFE,0x0000,0x0000,0x0000,0x0000,0x0000,0x0000,0x0000,0x0000},  /* U+4E00 */
  {0x0000,0x7FFE,0x0080,0x0080,0x0080,0x0080,0x0080,0x0080,0x0080,0x0080,0x0080,0x0080,0x0080,0x0F80,0x0000,0x0000},  /* U+4E01 */
  {0x0000,0x0400,0x0400,0x0400,0x0400,0x043E,0x0BC0,0x7400,0x0400,0x0400,0x0400,0x0404,0x0402,0x0404,0x03F8,0x0000},  /* U+4E03 */
  {0x0000,0x7FFE,0x0200,0x0200,0x0200,0x03F8,0x0404,0x0408,0x0408,0x0808,0x0808,0x1008,0x1008,0x60F0,0x0000,0x0000},  /* U+4E07 */
  {0x0000,0x0040,0x0040,0x0040,0x7FFE,0x0840,0x0840,0x0840,0x0440,0x0480,0x0280,0x0100,0x0380,0x0C60,0x701E,0x0000},  /* U+4E08 */
  {0x0000,0x0000,0x3FFC,0x0000,0x0000,0x0000,0x0000,0x1FF8,0x0000,0x0000,0x0000,0x0000,0x0000,0x7FFE,0x0000,0x0000},  /* U+4E09 */
  {0x0000,0x0100,0x0100,0x0100,0x0100,0x0100,0x01FC,0x0100,0x0100,0x0100,0x0100,0x0100,0x0100,0x7FFE,0x0000,0x0000},  /* U+4E0A */
  {0x0000,0x7FFE,0x0100,0x0100,0x0180,0x0160,0x0110,0x010C,0x0100,0x0100,0x0100,0x0100,0x0100,0x0100,0x0000,0x0000},  /* U+4E0B */
  {0x0000,0x7FFE,0x0080,0x0100,0x0140,0x0320,0x0D18,0x1104,0x2102,0x4100,0x0100,0x0100,0x0100,0x0100,0x0000,0x0000},  /* U+4E0D */
  {0x0000,0x0400,0x0400,0x07F8,0x0800,0x0800,0x0FF0,0x1008,0x0008,0x0008,0x7FFE,0x0010,0x0010,0x0010,0x03E0,0x0000},  /* U+4E0E */
  {0x0000,0x7FFE,0x0100,0x1100,0x10FC,0x1100,0x1100,0x1FFE,0x2002,0x0002,0x0004,0x0004,0x0004,0x007C,0x0000,0x0000},  /* U+4E10 */
  {0x0000,0x3FF8,0x0410,0x0410,0x0410,0x0410,0x7FFE,0x0410,0x0410,0x0410,0x0810,0x0810,0x0810,0x7FFE,0x0000,0x0000},  /* U+4E11 */
  {0x0000,0x0000,0x1FF8,0x1008,0x1008,0x1FF8,0x1008,0x1008,0x1008,0x1008,0x1FF8,0x1008,0x1008,0x7FFE,0x0000,0x0000},  /* U+4E14 */
  {0x0000,0x0000,0x7FFE,0x0080,0x0100,0x0140,0x0320,0x0D10,0x1108,0x6106,0x0100,0x0100,0x0100,0x7FFE,0x0000,0x0000},  /* U+4E15 */
  {0x0000,0x1108,0x1108,0x1108,0x1108,0x7FFE,0x1108,0x1108,0x1108,0x11F8,0x1108,0x1000,0x1000,0x1FFE,0x1000,0x0000},  /* U+4E16 */
  {0x0000,0x0038,0x07C0,0x1800,0x1000,0x1000,0x1FDC,0x1020,0x1020,0x1020,0x1020,0x1020,0x1020,0x7FFE,0x0000,0x0000},  /* U+4E18 */
  {0x0000,0x7FFE,0x0100,0x0100,0x3FFC,0x2104,0x2104,0x2184,0x2264,0x2414,0x280C,0x3004,0x2004,0x201C,0x0000,0x0000},  /* U+4E19 */
  {0x0000,0x1FF8,0x0010,0x0060,0x0084,0x7C88,0x04D0,0x08E0,0x08A0,0x1090,0x208C,0x4082,0x0700,0x7FFE,0x0000,0x0000},  /* U+4E1E */
  {0x0000,0x7FFE,0x0100,0x0100,0x3FFC,0x2104,0x2914,0x2914,0x2914,0x2914,0x2FF4,0x2814,0x2004,0x201C,0x0000,0x0000},  /* U+4E21 */
  {0x0000,0x0810,0x0810,0x0420,0x7FFE,0x0240,0x0244,0x2244,0x1248,0x1248,0x0A50,0x0A50,0x0240,0x7FFE,0x0000,0x0000},  /* U+4E26 */
  {0x0000,0x0180,0x0240,0x0420,0x0810,0x1008,0x2106,0xC101,0x0100,0x0100,0x0100,0x0100,0x0100,0x0100,0x0100,0x0000},  /* U+4E2A */
  {0x0000,0x0100,0x0100,0x1FF8,0x2104,0x2104,0x2104,0x2104,0x2104,0x3FFC,0x2104,0x0100,0x0100,0x0100,0x0100,0x0000},  /* U+4E2D */
  {0x0000,0x0240,0x0240,0x2244,0x2244,0x2244,0x2244,0x2244,0x2244,0x3C7C,0x2444,0x0440,0x0840,0x0840,0x3040,0x0000},  /* U+4E31 */
  {0x0000,0x0100,0x1FF8,0x2104,0x2104,0x2104,0x3FF8,0x0100,0x3FFC,0x2104,0x2104,0x2104,0x3FFC,0x0100,0x0100,0x0000},  /* U+4E32 */
  {0x0000,0x0000,0x0000,0x0000,0x0000,0x0C00,0x0200,0x0100,0x0080,0x0040,0x0020,0x0000,0x0000,0x0000,0x0000,0x0000},  /* U+4E36 */
  {0x0000,0x0400,0x0400,0x0400,0xFFE0,0x0420,0x0420,0x6420,0x1820,0x0C20,0x0A20,0x1122,0x1022,0x6022,0x803C,0x0000},  /* U+4E38 */
  {0x0000,0x1FF8,0x1208,0x1108,0x1088,0x1048,0x1008,0x7FFE,0x1008,0x1008,0x1008,0x2008,0x2008,0x4078,0x0000,0x0000},  /* U+4E39 */
  {0x0000,0x0300,0x0080,0x0040,0x3FFC,0x0100,0x0100,0x0100,0x0100,0x3FFC,0x0100,0x0100,0x0100,0x0100,0x7FFE,0x0000},  /* U+4E3B */
  {0x0000,0x0810,0x0810,0x0810,0x7FFE,0x0A10,0x0910,0x0890,0x0850,0x7FFE,0x0810,0x0810,0x1010,0x1010,0x6010,0x0000},  /* U+4E3C */
  {0x0000,0x0040,0x0040,0x0040,0x0040,0x0040,0x0040,0x0040,0x0040,0x0040,0x0040,0x0080,0x0080,0x0300,0x0400,0x0000},  /* U+4E3F */
  {0x0000,0x1008,0x1008,0x1010,0x0810,0x0810,0x0420,0x0440,0x0240,0x0180,0x0180,0x0660,0x1810,0x600E,0x0000,0x0000},  /* U+4E42 */
  {0x0000,0x3FE0,0x0420,0x0420,0x0420,0x083E,0x0822,0x0802,0x0802,0x0802,0x1004,0x2004,0x2004,0x407C,0x0000,0x0000},  /* U+4E43 */
  {0x0000,0x0400,0x0400,0x07C0,0x0840,0x1040,0x1040,0x2080,0x4080,0x0140,0x0220,0x0420,0x0810,0x1008,0x6006,0x0000},  /* U+4E45 */
  {0x0000,0x0100,0x0100,0x0100,0x3FFC,0x0004,0x0008,0x0010,0x0020,0x1040,0x1080,0x1300,0x2C00,0x4400,0x43FE,0x0000},  /* U+4E4B */
  {0x0000,0x0400,0x0800,0x0EFE,0x1100,0x2100,0x2100,0x41FC,0x0100,0x0100,0x01FC,0x0100,0x0100,0x0100,0x0100,0x0000},  /* U+4E4D */
  {0x0000,0x0078,0x3F80,0x1084,0x1088,0x0888,0x0890,0x0080,0x7FFE,0x0080,0x0080,0x0080,0x0080,0x0080,0x0F80,0x0000},  /* U+4E4E */
  {0x0000,0x003C,0x3FC0,0x0100,0x0100,0x0100,0x3EFC,0x0008,0x0010,0x0060,0x1080,0x1100,0x3600,0x2C00,0x43FE,0x0000},  /* U+4E4F */
  {0x0000,0x02F8,0x3D00,0x0100,0x7FFE,0x0100,0x0520,0x0522,0x7D3C,0x0520,0x0520,0x0922,0x7522,0x051E,0x0100,0x0000},  /* U+4E56 */
  {0x0000,0x00F8,0x3F00,0x0100,0x3FFC,0x0910,0x0910,0x7FFE,0x0910,0x0910,0x3FFE,0x0340,0x0D30,0x310C,0x4102,0x0000},  /* U+4E57 */
  {0x0000,0x02F8,0x3D00,0x0100,0x7FFE,0x0520,0x7D2C,0x0530,0x0520,0x79A2,0x035C,0x0520,0x0910,0x310C,0x4102,0x0000},  /* U+4E58 */
  {0x0000,0x7FF0,0x0040,0x0080,0x0100,0x0200,0x0400,0x0800,0x1000,0x2000,0x4004,0x4004,0x4004,0x3FF8,0x0000,0x0000},  /* U+4E59 */
  {0x0000,0x0200,0x0200,0x0200,0x0200,0x7FF0,0x0210,0x0210,0x0410,0x0410,0x0410,0x0810,0x0812,0x1012,0x601E,0x0000},  /* U+4E5D */
  {0x0000,0x0800,0x0800,0x17FE,0x2000,0x4000,0x5FF0,0x0040,0x0080,0x0300,0x0400,0x0800,0x1002,0x2002,0x1FFC,0x0000},  /* U+4E5E */
  {0x0000,0x0080,0x1080,0x1084,0x10BC,0x13C4,0x0C84,0x7084,0x1084,0x1084,0x10B8,0x1082,0x1002,0x0802,0x0FFC,0x0000},  /* U+4E5F */
  {0x0000,0x07A0,0x7820,0x0820,0x0820,0x7FA0,0x0820,0x0820,0x0820,0x7720,0x4120,0x4122,0x4122,0x3F22,0x413E,0x0000},  /* U+4E71 */
  {0x0000,0x1F40,0x6040,0x4940,0x2940,0x0240,0x7F40,0x0240,0x0C40,0x08C0,0x7F40,0x0842,0x0842,0x0842,0x383E,0x0000},  /* U+4E73 */
  {0x0000,0x0820,0x7F40,0x087E,0x0880,0x7780,0x4178,0x3E04,0x4108,0x3E10,0x0820,0x7F40,0x0842,0x0882,0x087E,0x0000},  /* U+4E7E */
  {0x0000,0x0780,0x0840,0x3FF8,0x5108,0x1FF8,0x1108,0x1FF8,0x0100,0x3FFC,0x3FFC,0x2104,0x3FFC,0x2102,0x00FE,0x0000},  /* U+4E80 */
  {0x0000,0x3FA0,0x24A0,0x4460,0x7F60,0x0220,0x0C20,0x3FA0,0x4AA0,0x5FA0,0x40A0,0x5EA0,0x4AA2,0x4EA2,0x53BE,0x0000},  /* U+4E82 */
  {0x0000,0x0040,0x0040,0x0040,0x0040,0x0040,0x0040,0x0040,0x0040,0x0040,0x0040,0x0040,0x0040,0x0040,0x03C0,0x0000},  /* U+4E85 */
  {0x0000,0x3FFC,0x0008,0x0030,0x0040,0x0180,0x0100,0x0100,0x0100,0x0100,0x0100,0x0100,0x0100,0x0F00,0x0000,0x0000},  /* U+4E86 */
  {0x0000,0x3FF8,0x0C20,0x0340,0x0080,0x7F7C,0x0082,0x0084,0x0088,0x0080,0x0080,0x0080,0x0080,0x0780,0x0000,0x0000},  /* U+4E88 */
  {0x0000,0x0400,0x0FC0,0x1040,0x2080,0x5F7C,0x0104,0x0104,0x7FFE,0x0104,0x0104,0x3FFC,0x0100,0x0100,0x0700,0x0000},  /* U+4E89 */
  {0x0000,0x0100,0x6FF6,0x1108,0x0910,0x0910,0x1FF8,0x0104,0x0104,0x7FFE,0x0104,0x3FFC,0x0104,0x0100,0x0700,0x0000},  /* U+4E8A */
  {0x0000,0x0100,0x7FFE,0x0100,0x1FFC,0x1104,0x0FF8,0x0100,0x3FFC,0x0104,0x7FFE,0x0104,0x3FF8,0x0100,0x0700,0x0000},  /* U+4E8B */
  {0x0000,0x0000,0x0000,0x3FFC,0x0000,0x0000,0x0000,0x0000,0x0000,0x0000,0x0000,0x0000,0x7FFE,0x0000,0x0000,0x0000},  /* U+4E8C */
  {0x0000,0x3FFC,0x0080,0x0080,0x0080,0x0080,0x7FFE,0x0080,0x0080,0x0080,0x0080,0x0080,0x0080,0x0F00,0x0000,0x0000},  /* U+4E8E */
  {0x0000,0x1FF8,0x0000,0x0000,0x0000,0x0000,0x7FFE,0x0200,0x0420,0x0410,0x0808,0x0808,0x7FFC,0x0002,0x0000,0x0000},  /* U+4E91 */
  {0x0000,0x0000,0x7FFE,0x0400,0x0400,0x07F0,0x0810,0x0810,0x0810,0x0810,0x0FE0,0x1010,0x0020,0x7FFE,0x0000,0x0000},  /* U+4E92 */
  {0x0000,0x0000,0x3FFC,0x0100,0x0200,0x0200,0x0200,0x1FF0,0x0208,0x0408,0x0408,0x0408,0x0408,0x7FFE,0x0000,0x0000},  /* U+4E94 */
  {0x0000,0x0420,0x0420,0x0420,0x3FFE,0x0420,0x0420,0x0420,0x0420,0x7FFE,0x0820,0x0820,0x0820,0x1020,0x6020,0x0000},  /* U+4E95 */
  {0x0000,0x0000,0x7FFE,0x0000,0x1FF8,0x1008,0x1008,0x1008,0x1FF8,0x1008,0x1008,0x1FF8,0x0000,0x7FFE,0x0000,0x0000},  /* U+4E98 */
  {0x0000,0x0000,0x7FFE,0x0400,0x0400,0x07F0,0x0810,0x0B10,0x08D0,0x0810,0x1310,0x1090,0x0060,0x7FFE,0x0000,0x0000},  /* U+4E99 */
  {0x0000,0x0840,0x0844,0x2858,0x2F60,0x2840,0x2842,0x2B42,0x743C,0x0000,0x1FF8,0x0000,0x0000,0x0000,0x7FFE,0x0000},  /* U+4E9B */
  {0x0000,0x0000,0x7FFE,0x0440,0x0440,0x3FFC,0x2444,0x2444,0x2444,0x2444,0x3FFC,0x0440,0x0440,0x7FFE,0x0000,0x0000},  /* U+4E9C */
  {0x0000,0x0000,0x7FFE,0x0240,0x0240,0x3C3C,0x2004,0x2004,0x2004,0x2004,0x3E7C,0x0240,0x0240,0x7FFE,0x0000,0x0000},  /* U+4E9E */
  {0x0000,0x0000,0x7FFE,0x0200,0x0380,0x3CFC,0x24A4,0x24A4,0x2498,0x2498,0x3C98,0x20A4,0x0342,0x7FFE,0x0000,0x0000},  /* U+4E9F */
  {0x0000,0x0000,0x0000,0x0000,0x0000,0x0000,0x0100,0x0100,0x0100,0x7FFE,0x0000,0x0000,0x0000,0x0000,0x0000,0x0000},  /* U+4EA0 */
  {0x0000,0x0100,0x0100,0x0100,0x7EFE,0x1000,0x1000,0x1000,0x1000,0x1000,0x1000,0x1000,0x1000,0x1000,0x0FFE,0x0000},  /* U+4EA1 */
  {0x0000,0x0080,0x0080,0x7FFE,0x0000,0x0000,0x0FF0,0x0810,0x0810,0x0810,0x0810,0x0812,0x1012,0x2012,0x401E,0x0000},  /* U+4EA2 */
  {0x0000,0x0100,0x0100,0x7FFE,0x0420,0x0810,0x100C,0x2422,0x4420,0x0240,0x0240,0x0180,0x0340,0x0C30,0x700E,0x0000},  /* U+4EA4 */
  {0x0000,0x0100,0x0100,0x7FFE,0x0200,0x0420,0x3840,0x0884,0x0508,0x0610,0x1820,0x60C0,0x0130,0x0E08,0x7006,0x0000},  /* U+4EA5 */
  {0x0000,0x0100,0x0100,0x7DDE,0x0220,0x0220,0x1228,0x1224,0x2224,0x2422,0x4422,0x0420,0x0820,0x0820,0x31E0,0x0000},  /* U+4EA6 */
  {0x0000,0x0100,0x7FFE,0x0000,0x1FF8,0x1008,0x1008,0x0FF0,0x0000,0x3FFC,0x0070,0x0080,0x0080,0x0080,0x0780,0x0000},  /* U+4EA8 */
  {0x0000,0x0100,0x7FFE,0x0000,0x1FF8,0x1008,0x1FF8,0x0000,0x3FFC,0x0030,0x00C0,0x7FFE,0x0100,0x0100,0x0700,0x0000},  /* U+4EAB */
  {0x0000,0x0100,0x0100,0x7EFE,0x0000,0x1FF8,0x1008,0x1008,0x1008,0x1FF8,0x0100,0x1918,0x1104,0x2104,0x4702,0x0000},  /* U+4EAC */
  {0x0000,0x0100,0x7FFE,0x0000,0x1FF8,0x1008,0x1FF8,0x0000,0x7FFE,0x4002,0x5FFA,0x0100,0x0100,0x0100,0x0700,0x0000},  /* U+4EAD */
  {0x0000,0x0100,0x7FFE,0x0000,0x1FF8,0x1008,0x1FF8,0x0000,0x7FFE,0x4002,0x4442,0x0440,0x0440,0x0842,0x707E,0x0000},  /* U+4EAE */
  {0x0000,0x0100,0x0100,0x7EFE,0x0000,0x1FF8,0x1008,0x1FF8,0x1008,0x1FF8,0x0100,0x0910,0x1108,0x6104,0x0702,0x0000},  /* U+4EB0 */
  {0x0000,0x0100,0x7FFE,0x0000,0x1FF8,0x1008,0x1FF8,0x0000,0x7FFE,0x40F2,0x1F00,0x013E,0x7FC0,0x0102,0x01FE,0x0000},  /* U+4EB3 */
  {0x0000,0x0100,0x7FFE,0x1FFC,0x2004,0x27E4,0x27E4,0x2004,0x1FF8,0x0FF8,0x1008,0x1FF8,0x1FF8,0x0000,0x7FFE,0x0000},  /* U+4EB6 */
  {0x0000,0x0100,0x0100,0x0100,0x0100,0x0180,0x0180,0x0240,0x0240,0x0240,0x0420,0x0810,0x0808,0x3004,0x4002,0x0000},  /* U+4EBA */
  {0x0000,0x0420,0x0820,0x0820,0x1020,0x1020,0x37FE,0x5020,0x1020,0x1020,0x1020,0x1020,0x1020,0x1020,0x1020,0x0000},  /* U+4EC0 */
  {0x0000,0x0400,0x0800,0x0BFC,0x1000,0x1000,0x3000,0x5000,0x1000,0x1000,0x1000,0x1000,0x1000,0x17FE,0x1000,0x0000},  /* U+4EC1 */
  {0x0000,0x0840,0x0840,0x1040,0x17FC,0x3042,0x5042,0x5042,0x1042,0x1082,0x1082,0x1082,0x1104,0x1204,0x143C,0x0000},  /* U+4EC2 */
  {0x0000,0x3FFE,0x2000,0x2080,0x2080,0x2080,0x20C0,0x20C0,0x2120,0x2120,0x2120,0x4210,0x4408,0x5806,0x0000,0x0000},  /* U+4EC4 */
  {0x0000,0x0440,0x0440,0x0840,0x1040,0x1040,0x2860,0xC858,0x0844,0x0843,0x0840,0x0840,0x0840,0x0840,0x0840,0x0000},  /* U+4EC6 */
  {0x0000,0x0880,0x0880,0x1080,0x17F0,0x2088,0x5088,0x5088,0x1088,0x1108,0x1108,0x1108,0x120A,0x140A,0x180E,0x0000},  /* U+4EC7 */
  {0x0000,0x0180,0x0240,0x0420,0x0810,0x1008,0x2FF4,0x4002,0x0000,0x3FF8,0x0008,0x0010,0x0010,0x0020,0x0060,0x0000},  /* U+4ECA */
  {0x0000,0x0180,0x0240,0x0420,0x0810,0x1008,0x2424,0x4422,0x0420,0x0820,0x0820,0x0820,0x0820,0x1020,0x6020,0x0000},  /* U+4ECB */
  {0x0000,0x0800,0x0FF8,0x1108,0x1108,0x2108,0x510E,0x9112,0x1102,0x1102,0x1102,0x1202,0x1202,0x1402,0x183C,0x0000},  /* U+4ECD */
  {0x0000,0x0820,0x0820,0x0820,0x0820,0x0820,0x0860,0x0850,0x0C50,0x1250,0x1290,0x1188,0x2108,0x2204,0x4402,0x0000},  /* U+4ECE */
  {0x0000,0x0440,0x0840,0x0840,0x1040,0x3080,0x5080,0xD080,0x1108,0x1108,0x1104,0x1104,0x1202,0x17FE,0x1001,0x0000},  /* U+4ECF */
  {0x0000,0x0400,0x0BFE,0x0808,0x1010,0x3060,0x5040,0xDFFE,0x1040,0x1040,0x1040,0x1040,0x1040,0x1040,0x11C0,0x0000},  /* U+4ED4 */
  {0x0000,0x0440,0x0840,0x0840,0x1040,0x3040,0x57FE,0x9040,0x1040,0x1040,0x1040,0x1040,0x1040,0x1040,0x17BE,0x0000},  /* U+4ED5 */
  {0x0000,0x0820,0x0A20,0x1220,0x122C,0x2272,0x53A2,0x9E22,0x1222,0x1222,0x1224,0x1228,0x1202,0x1202,0x11FE,0x0000},  /* U+4ED6 */
  {0x0000,0x0420,0x0820,0x0820,0x17FE,0x3020,0x5220,0xD220,0x1120,0x1120,0x10C0,0x1040,0x10E0,0x1310,0x140E,0x0000},  /* U+4ED7 */
  {0x0000,0x0408,0x0808,0x0808,0x17FE,0x1008,0x3008,0x5108,0x1108,0x1088,0x1048,0x1008,0x1008,0x1008,0x1078,0x0000},  /* U+4ED8 */
  {0x0000,0x0820,0x0820,0x1020,0x1020,0x2422,0x5422,0x9422,0x1422,0x1422,0x1422,0x1422,0x1422,0x13FE,0x1402,0x0000},  /* U+4ED9 */
  {0x0000,0x0800,0x0FFE,0x1042,0x1042,0x2242,0x5242,0x9242,0x1442,0x1842,0x1082,0x1082,0x1102,0x1204,0x1C3C,0x0000},  /* U+4EDE */
  {0x0000,0x0804,0x08F8,0x1720,0x1020,0x2020,0x5020,0x97FE,0x1020,0x1020,0x1020,0x1020,0x1020,0x1020,0x1020,0x0000},  /* U+4EDF */
  {0x0000,0x08A0,0x1098,0x1084,0x2080,0x20FC,0x6F80,0xA080,0x2040,0x2040,0x2040,0x2040,0x2022,0x2022,0x201C,0x0000},  /* U+4EE3 */
  {0x0000,0x0180,0x0240,0x0420,0x0810,0x17EC,0x6002,0x0000,0x3EF8,0x0104,0x0104,0x0104,0x0104,0x0138,0x0100,0x0000},  /* U+4EE4 */
  {0x0000,0x1004,0x1008,0x1208,0x1108,0x1088,0x1088,0x1010,0x1010,0x1010,0x1230,0x1C48,0x6084,0x0102,0x0E02,0x0000},  /* U+4EE5 */
  {0x0000,0x0800,0x0FFE,0x1042,0x1442,0x2242,0x5242,0x9144,0x1084,0x10C4,0x10A4,0x111C,0x1107,0x1204,0x1C78,0x0000},  /* U+4EED */
  {0x0000,0x09FE,0x0A00,0x1200,0x1200,0x2200,0x53FE,0x9284,0x1284,0x1244,0x1248,0x1230,0x1430,0x1448,0x1586,0x0000},  /* U+4EEE */
  {0x0000,0x08C0,0x093E,0x1222,0x1222,0x2222,0x5222,0x9222,0x1222,0x1222,0x1222,0x13E2,0x142C,0x1020,0x1020,0x0000},  /* U+4EF0 */
  {0x0000,0x0820,0x0820,0x1020,0x17FE,0x2422,0x5422,0x5422,0x1422,0x17FE,0x1422,0x1020,0x1020,0x1020,0x1020,0x0000},  /* U+4EF2 */
  {0x0000,0x0920,0x0920,0x1220,0x13FC,0x3220,0x5420,0x5020,0x1020,0x17FE,0x1020,0x1020,0x1020,0x1020,0x1020,0x0000},  /* U+4EF6 */
  {0x0000,0x0840,0x08A0,0x1090,0x1108,0x2204,0x5D0A,0x9108,0x1108,0x1108,0x1108,0x1108,0x1208,0x1208,0x1408,0x0000},  /* U+4EF7 */
  {0x0000,0x040C,0x09F0,0x1620,0x1020,0x3020,0x5020,0x97FE,0x1020,0x1020,0x1020,0x1020,0x1020,0x1020,0x17DE,0x0000},  /* U+4EFB */
  {0x0000,0x0180,0x0240,0x0420,0x0810,0x1088,0x2084,0x4082,0x1080,0x10F8,0x1080,0x1080,0x1080,0x1080,0x7FFE,0x0000},  /* U+4F01 */
  {0x0000,0x0840,0x0840,0x17FE,0x1000,0x2000,0x51F8,0x9108,0x1108,0x1108,0x1108,0x1108,0x1209,0x1209,0x1C0E,0x0000},  /* U+4F09 */
  {0x0000,0x0800,0x0BFC,0x1044,0x1044,0x2044,0x5FFE,0x9044,0x1084,0x17FC,0x1084,0x1080,0x1100,0x1200,0x1C00,0x0000},  /* U+4F0A */
  {0x0000,0x0800,0x0FFE,0x1040,0x1040,0x3080,0x5080,0x97FC,0x1084,0x1084,0x1084,0x1104,0x1104,0x1104,0x16FA,0x0000},  /* U+4F0D */
  {0x0000,0x0840,0x0840,0x17FE,0x1040,0x2040,0x5040,0x97BC,0x1204,0x1108,0x1088,0x1050,0x1060,0x1198,0x1E06,0x0000},  /* U+4F0E */
  {0x0000,0x0848,0x0848,0x1044,0x1040,0x37FE,0x5040,0x5060,0x1060,0x1060,0x1090,0x1090,0x1108,0x1204,0x1402,0x0000},  /* U+4F0F */
  {0x0000,0x0490,0x0888,0x0844,0x1042,0x1FFC,0x3044,0x5044,0x1048,0x1050,0x1020,0x1060,0x1092,0x1312,0x140E,0x0000},  /* U+4F10 */
  {0x0000,0x0440,0x0840,0x0840,0x1040,0x37FE,0x50E0,0x90D0,0x1150,0x1148,0x1244,0x1442,0x1841,0x1040,0x1040,0x0000},  /* U+4F11 */
  {0x0000,0x0180,0x0240,0x0420,0x0810,0x300C,0x4FF2,0x0000,0x0000,0x7FFE,0x0400,0x0420,0x0810,0x08F8,0x3704,0x0000},  /* U+4F1A */
  {0x0000,0x0880,0x0880,0x17F8,0x1088,0x210A,0x510A,0x9E4E,0x1040,0x1040,0x17FE,0x1040,0x1040,0x1040,0x1040,0x0000},  /* U+4F1C */
  {0x0000,0x0800,0x0BFC,0x1000,0x1000,0x2000,0x5000,0x97FE,0x1080,0x1080,0x1108,0x1104,0x1104,0x13FE,0x1402,0x0000},  /* U+4F1D */
  {0x0000,0x0840,0x0840,0x11F8,0x1204,0x2204,0x2204,0x5204,0x13FC,0x1204,0x1204,0x1204,0x1204,0x1204,0x13FC,0x0000},  /* U+4F2F */
  {0x0000,0x0820,0x0820,0x1020,0x17FE,0x2020,0x5020,0x9020,0x11F8,0x1204,0x1204,0x1204,0x1204,0x1204,0x13FC,0x0000},  /* U+4F30 */
  {0x0000,0x0844,0x0A44,0x1248,0x1148,0x2040,0x57FE,0x9040,0x1040,0x1040,0x1FFE,0x1040,0x1040,0x1040,0x1040,0x0000},  /* U+4F34 */
  {0x0000,0x0840,0x08A0,0x1118,0x1204,0x25FB,0x5800,0x9000,0x17FC,0x1084,0x1084,0x1084,0x1084,0x1098,0x1080,0x0000},  /* U+4F36 */
  {0x0000,0x0840,0x0840,0x17FE,0x1442,0x2442,0x57FE,0x9442,0x1442,0x1442,0x17FE,0x1440,0x1040,0x1040,0x1040,0x0000},  /* U+4F38 */
  {0x0000,0x0FFC,0x0802,0x1002,0x17FA,0x2002,0x51E2,0x9212,0x1212,0x1212,0x1212,0x13E2,0x1202,0x1002,0x101E,0x0000},  /* U+4F3A */
  {0x0000,0x0802,0x0A02,0x1284,0x1244,0x2224,0x5224,0x9204,0x1204,0x1208,0x12C8,0x1318,0x1C24,0x1042,0x1381,0x0000},  /* U+4F3C */
  {0x0000,0x0A00,0x1218,0x1224,0x27E4,0x2264,0x5264,0x5264,0x1264,0x1264,0x1264,0x1264,0x14BC,0x14A4,0x1B20,0x0000},  /* U+4F3D */
  {0x0000,0x04EC,0x0512,0x0912,0x0912,0x1112,0x2912,0x49FE,0x0912,0x0912,0x0912,0x0912,0x0912,0x09FE,0x0902,0x0000},  /* U+4F43 */
  {0x0000,0x0800,0x0BFC,0x1204,0x1204,0x3204,0x53FC,0x5204,0x1204,0x1204,0x1204,0x11F8,0x1000,0x1000,0x17FE,0x0000},  /* U+4F46 */
  {0x0000,0x0840,0x0840,0x17BE,0x1402,0x2402,0x5000,0x97FE,0x1020,0x1020,0x1020,0x1020,0x1020,0x1020,0x11E0,0x0000},  /* U+4F47 */
  {0x0000,0x0840,0x0840,0x1040,0x17FE,0x2000,0x5208,0x9108,0x1108,0x1108,0x1110,0x1090,0x1090,0x1020,0x17DE,0x0000},  /* U+4F4D */
  {0x0000,0x080C,0x09F0,0x1220,0x1220,0x2220,0x53FE,0x9220,0x1210,0x1210,0x1210,0x12F0,0x170A,0x1006,0x17F0,0x0000},  /* U+4F4E */
  {0x0000,0x08C0,0x0820,0x1010,0x17EE,0x2020,0x5020,0x9020,0x13FE,0x1020,0x1020,0x1020,0x1020,0x1020,0x17FE,0x0000},  /* U+4F4F */
  {0x0000,0x0880,0x0880,0x1080,0x17FE,0x2080,0x5100,0x9100,0x11FE,0x1220,0x1220,0x1420,0x1820,0x1020,0x13FE,0x0000},  /* U+4F50 */
  {0x0000,0x0840,0x0840,0x1080,0x17FE,0x2080,0x5100,0x9100,0x11FC,0x1302,0x1502,0x1902,0x1102,0x11FE,0x1102,0x0000},  /* U+4F51 */
  {0x0000,0x0840,0x0840,0x1040,0x17FE,0x20A0,0x50E0,0x5150,0x1148,0x1248,0x1444,0x17FA,0x1840,0x1040,0x1040,0x0000},  /* U+4F53 */
  {0x0000,0x0800,0x0FFE,0x1004,0x1004,0x21C4,0x5224,0x5224,0x1224,0x1224,0x13E4,0x1204,0x1004,0x1004,0x103C,0x0000},  /* U+4F55 */
  {0x0000,0x0820,0x0820,0x17DE,0x1402,0x2402,0x5100,0x910C,0x1130,0x11C0,0x1100,0x1100,0x1102,0x1102,0x11FC,0x0000},  /* U+4F57 */
  {0x0000,0x0180,0x0240,0x0420,0x0818,0x3EF4,0x4102,0x0100,0x0100,0x7FFE,0x0100,0x0910,0x110C,0x6102,0x0700,0x0000},  /* U+4F59 */
  {0x0000,0x0920,0x0920,0x1220,0x13FC,0x2220,0x5420,0x9040,0x17FE,0x1060,0x1060,0x1090,0x1108,0x120C,0x1C02,0x0000},  /* U+4F5A */
  {0x0000,0x0890,0x0890,0x17FC,0x1092,0x2092,0x57FC,0x9490,0x1490,0x17FE,0x1912,0x1112,0x1112,0x121C,0x1C10,0x0000},  /* U+4F5B */
  {0x0000,0x0480,0x0880,0x09FE,0x1140,0x1240,0x3440,0x547E,0x1040,0x1040,0x107E,0x1040,0x1040,0x1040,0x1040,0x0000},  /* U+4F5C */
  {0x0000,0x0900,0x0900,0x11FE,0x1202,0x2402,0x57E2,0x5A12,0x1212,0x1212,0x1212,0x13E2,0x1002,0x1004,0x103C,0x0000},  /* U+4F5D */
  {0x0000,0x13F8,0x1404,0x1404,0x25F4,0x2444,0x64E4,0x6554,0x2554,0x2554,0x2554,0x2554,0x2976,0x2846,0x2842,0x0000},  /* U+4F69 */
  {0x0000,0x0B04,0x0908,0x1090,0x176E,0x2020,0x5020,0x93FE,0x1020,0x1020,0x17FE,0x1020,0x1020,0x1020,0x1020,0x0000},  /* U+4F6F */
  {0x0000,0x0FBE,0x0840,0x0840,0x1040,0x23BC,0x2204,0x5204,0x1204,0x13FC,0x1204,0x1204,0x1204,0x13FC,0x1204,0x0000},  /* U+4F70 */
  {0x0000,0x0820,0x0820,0x13FC,0x1020,0x3020,0x37FE,0x5000,0x1020,0x1020,0x13FC,0x1020,0x1020,0x1020,0x17DE,0x0000},  /* U+4F73 */
  {0x0000,0x0908,0x0908,0x1090,0x17FE,0x2108,0x5108,0x9108,0x17FE,0x1108,0x1108,0x1108,0x1108,0x1208,0x1C08,0x0000},  /* U+4F75 */
  {0x0000,0x0840,0x0840,0x17FE,0x1040,0x2040,0x5040,0x57BC,0x1000,0x13FC,0x1204,0x1204,0x1204,0x1204,0x13FC,0x0000},  /* U+4F76 */
  {0x0000,0x08A0,0x08A0,0x14A2,0x12A4,0x22A8,0x5120,0x50A0,0x1190,0x12AC,0x1522,0x1120,0x1120,0x1222,0x1C1E,0x0000},  /* U+4F7B */
  {0x0000,0x0840,0x0840,0x17FE,0x1110,0x3108,0x5204,0x950A,0x1110,0x1090,0x10A0,0x1060,0x1060,0x1198,0x1E06,0x0000},  /* U+4F7C */
  {0x0000,0x0820,0x0FFE,0x1020,0x1020,0x23FE,0x5422,0x9422,0x1422,0x13DC,0x1240,0x1140,0x1080,0x1160,0x1E1E,0x0000},  /* U+4F7F */
  {0x0000,0x0BF8,0x0C04,0x1404,0x1404,0x2404,0x57FC,0x9000,0x1248,0x1248,0x1248,0x1248,0x124A,0x144A,0x180E,0x0000},  /* U+4F83 */
  {0x0000,0x0100,0x0100,0x7FFE,0x0908,0x0910,0x1110,0x1928,0x25A4,0x4342,0x0540,0x0930,0x1108,0x6106,0x0100,0x0000},  /* U+4F86 */
  {0x0000,0x0840,0x08FC,0x1308,0x1488,0x2070,0x5050,0x93A0,0x145E,0x1182,0x1644,0x1028,0x1010,0x1060,0x1780,0x0000},  /* U+4F88 */
  {0x0000,0x0DE2,0x1212,0x1212,0x2212,0x23D2,0x5452,0x9452,0x1A52,0x1992,0x1092,0x1112,0x1102,0x1202,0x140E,0x0000},  /* U+4F8B */
  {0x0000,0x0840,0x0840,0x13FC,0x1040,0x2040,0x57FE,0x9008,0x1008,0x17FE,0x1208,0x1108,0x1088,0x1008,0x1078,0x0000},  /* U+4F8D */
  {0x0000,0x1280,0x1480,0x27FC,0x2480,0x4880,0xA880,0xBFBC,0x20C0,0x21A0,0x22A0,0x2290,0x2488,0x3886,0x2080,0x0000},  /* U+4F8F */
  {0x0000,0x0840,0x0880,0x17FE,0x1100,0x31F8,0x5104,0x5304,0x15FC,0x1104,0x1104,0x11FC,0x1104,0x1104,0x111C,0x0000},  /* U+4F91 */
  {0x0000,0x0180,0x0240,0x0420,0x0810,0x3FFC,0x4002,0x1DB8,0x2244,0x2244,0x2244,0x3FFC,0x2244,0x2244,0x225C,0x0000},  /* U+4F96 */
  {0x0000,0x0840,0x0840,0x17BE,0x1402,0x241C,0x53E0,0x9440,0x1040,0x10FE,0x1740,0x1040,0x1042,0x1042,0x107E,0x0000},  /* U+4F98 */
  {0x0000,0x0908,0x0908,0x1108,0x17FE,0x2108,0x5108,0x9108,0x1108,0x17FE,0x1000,0x1110,0x1108,0x1204,0x1402,0x0000},  /* U+4F9B */
  {0x0000,0x0840,0x0840,0x1040,0x1FFE,0x20A0,0x5122,0x9224,0x1628,0x1A10,0x1210,0x1208,0x1218,0x13E4,0x1403,0x0000},  /* U+4F9D */
  {0x0000,0x0840,0x0840,0x17FE,0x1044,0x2248,0x5148,0x5148,0x17FE,0x1040,0x1060,0x10A0,0x1090,0x1308,0x1C06,0x0000},  /* U+4FA0 */
  {0x0000,0x0800,0x17FE,0x1090,0x2090,0x2090,0x57FE,0x9492,0x1492,0x1492,0x1492,0x1492,0x1492,0x17FE,0x1402,0x0000},  /* U+4FA1 */
  {0x0000,0x09F8,0x1204,0x1204,0x2204,0x23FC,0x5210,0x5210,0x1488,0x1468,0x1424,0x1902,0x10C0,0x1020,0x1010,0x0000},  /* U+4FAD */
  {0x0000,0x0900,0x0A00,0x13FE,0x1400,0x25FC,0x5224,0x9224,0x1FFE,0x1244,0x1244,0x1244,0x13FE,0x1404,0x1078,0x0000},  /* U+4FAE */
  {0x0000,0x0BF0,0x0808,0x1008,0x16FE,0x2100,0x5200,0x93FC,0x1440,0x1440,0x1FFE,0x1040,0x10A0,0x1118,0x1E06,0x0000},  /* U+4FAF */
  {0x0000,0x0BFC,0x0804,0x13FC,0x1004,0x23FC,0x5000,0x93FC,0x1402,0x16F6,0x1108,0x1088,0x1050,0x10F0,0x170E,0x0000},  /* U+4FB5 */
  {0x0000,0x09F8,0x0A04,0x1204,0x1204,0x2204,0x53FC,0x9040,0x1040,0x13FE,0x1202,0x1202,0x1202,0x1202,0x13FE,0x0000},  /* U+4FB6 */
  {0x0000,0x0FDE,0x0820,0x1020,0x17FE,0x2422,0x57FE,0x5422,0x1422,0x13FC,0x1440,0x1240,0x1180,0x1160,0x1E1E,0x0000},  /* U+4FBF */
  {0x0000,0x081C,0x0FE0,0x1088,0x1510,0x2220,0x5140,0x9088,0x1104,0x1EFA,0x1040,0x1248,0x1244,0x1442,0x1840,0x0000},  /* U+4FC2 */
  {0x0000,0x09F8,0x1204,0x1204,0x2204,0x2204,0x53FC,0x9020,0x1020,0x123C,0x1220,0x1220,0x1520,0x14A0,0x187E,0x0000},  /* U+4FC3 */
  {0x0000,0x08E8,0x1F24,0x1122,0x2122,0x2120,0x5FDE,0x9112,0x1114,0x13D4,0x1D18,0x1110,0x1132,0x114A,0x1786,0x0000},  /* U+4FC4 */
  {0x0000,0x0880,0x0908,0x1104,0x16FA,0x2120,0x5122,0x929E,0x1480,0x11F8,0x1308,0x1490,0x1060,0x1090,0x1F0E,0x0000},  /* U+4FCA */
  {0x0000,0x0878,0x0884,0x1084,0x1884,0x24FC,0x2284,0x4884,0x0884,0x1084,0x18FC,0x2484,0x2284,0x4084,0x03FE,0x0000},  /* U+4FCE */
  {0x0000,0x08C2,0x1F12,0x1112,0x2112,0x2112,0x5FD2,0x5112,0x1392,0x1352,0x1512,0x1912,0x1102,0x1102,0x111E,0x0000},  /* U+4FD0 */
  {0x0000,0x0BFC,0x1008,0x11D0,0x1020,0x23FC,0x5444,0x5444,0x13FC,0x1444,0x1444,0x17FC,0x1444,0x1444,0x144C,0x0000},  /* U+4FD1 */
  {0x0000,0x09F8,0x0A04,0x1204,0x13FC,0x2204,0x5204,0x93FC,0x1204,0x1204,0x11F8,0x1090,0x1112,0x1112,0x1E1E,0x0000},  /* U+4FD4 */
  {0x0000,0x0910,0x0908,0x1204,0x1442,0x20A0,0x5110,0x920C,0x1403,0x1BFC,0x1204,0x1204,0x1204,0x1204,0x13FC,0x0000},  /* U+4FD7 */
  {0x0000,0x08FC,0x0B08,0x1444,0x1442,0x2842,0x53FC,0x9008,0x1030,0x1040,0x17FE,0x1040,0x1040,0x1040,0x11C0,0x0000},  /* U+4FD8 */
  {0x0000,0x0BDC,0x0C22,0x1422,0x1422,0x27FE,0x5422,0x5422,0x13FC,0x1020,0x1020,0x13FE,0x1020,0x1020,0x1FFE,0x0000},  /* U+4FDA */
  {0x0000,0x0880,0x09F0,0x1210,0x1220,0x25FE,0x5A22,0x9242,0x1242,0x13FE,0x1060,0x10A0,0x10A2,0x1322,0x1C3E,0x0000},  /* U+4FDB */
  {0x0000,0x09F8,0x0A04,0x1204,0x1204,0x23DC,0x5020,0x9020,0x17BE,0x1060,0x10B0,0x1128,0x1224,0x1423,0x1820,0x0000},  /* U+4FDD */
  {0x0000,0x0880,0x0918,0x1104,0x17FC,0x2102,0x5200,0x93FC,0x1440,0x1440,0x1FFE,0x1040,0x10A0,0x1118,0x1E06,0x0000},  /* U+4FDF */
  {0x0000,0x0BFC,0x0800,0x17FE,0x1000,0x2000,0x53FC,0x9000,0x13FC,0x1000,0x13FC,0x1204,0x1204,0x1204,0x13FC,0x0000},  /* U+4FE1 */
  {0x0000,0x09F8,0x0A04,0x1204,0x1204,0x21F8,0x5000,0x57FC,0x1040,0x1040,0x17FE,0x1060,0x1090,0x1108,0x1E06,0x0000},  /* U+4FE3 */
  {0x0000,0x0908,0x0908,0x17B8,0x1044,0x2044,0x53FC,0x9440,0x1440,0x17FE,0x18C2,0x10C2,0x1342,0x145C,0x1840,0x0000},  /* U+4FE4 */
  {0x0000,0x0840,0x0FFE,0x1040,0x1040,0x27FE,0x5442,0x93FC,0x1442,0x17FE,0x1040,0x1040,0x17FE,0x1040,0x1040,0x0000},  /* U+4FE5 */
  {0x0000,0x0840,0x14FA,0x1484,0x2548,0x2650,0x5470,0x958F,0x1630,0x14C8,0x1510,0x1462,0x1184,0x1038,0x11C0,0x0000},  /* U+4FEE */
  {0x0000,0x0840,0x1040,0x17BE,0x2484,0x2484,0x557E,0x9504,0x1684,0x14A4,0x1494,0x1894,0x1884,0x1884,0x109C,0x0000},  /* U+4FEF */
  {0x0000,0x0890,0x0890,0x171E,0x1090,0x2090,0x5090,0x979E,0x1090,0x1090,0x171E,0x1910,0x1110,0x1210,0x1410,0x0000},  /* U+4FF3 */
  {0x0000,0x0840,0x0FFE,0x1040,0x17FC,0x2040,0x5040,0x9FFE,0x10A2,0x1124,0x1728,0x1910,0x1108,0x1164,0x1782,0x0000},  /* U+4FF5 */
  {0x0000,0x0900,0x113E,0x11E2,0x2112,0x2112,0x5FD2,0x9114,0x1114,0x154C,0x1948,0x1928,0x1114,0x1124,0x1742,0x0000},  /* U+4FF6 */
  {0x0000,0x0840,0x0FFE,0x1040,0x17FC,0x2090,0x5EF6,0x9108,0x1244,0x17FB,0x1840,0x17FE,0x1040,0x1040,0x1040,0x0000},  /* U+4FF8 */
  {0x0000,0x0840,0x0880,0x17FE,0x1148,0x2248,0x57FC,0x9A47,0x1244,0x13FC,0x1244,0x13FC,0x1242,0x1042,0x107E,0x0000},  /* U+4FFA */
  {0x0000,0x0840,0x0BFE,0x1442,0x1442,0x23FE,0x5442,0x9442,0x13FE,0x1090,0x1310,0x1FFE,0x1010,0x1010,0x1010,0x0000},  /* U+4FFE */
  {0x0000,0x0840,0x0840,0x17BE,0x1108,0x2110,0x5318,0x92A4,0x1C42,0x1040,0x1FFE,0x1040,0x1040,0x1040,0x1040,0x0000},  /* U+5005 */
  {0x0000,0x0800,0x17FE,0x1040,0x23FC,0x2442,0x5442,0x955A,0x154A,0x154A,0x15DA,0x16D6,0x1442,0x1442,0x144E,0x0000},  /* U+5006 */
  {0x0000,0x0180,0x0240,0x0C30,0x17E8,0x6FF6,0x1008,0x1FF8,0x1008,0x1FF8,0x1000,0x1FF8,0x2804,0x2804,0x4FF8,0x0000},  /* U+5009 */
  {0x0000,0x0800,0x17FE,0x1422,0x2422,0x25FA,0x5422,0x9472,0x148A,0x148A,0x148A,0x14FA,0x1402,0x17FE,0x1402,0x0000},  /* U+500B */
  {0x0000,0x0820,0x0FFE,0x1000,0x1108,0x2108,0x5110,0x97FE,0x1000,0x13FC,0x1204,0x1204,0x1204,0x1204,0x13FC,0x0000},  /* U+500D */
  {0x0000,0x0B1C,0x14A2,0x14A2,0x27BE,0x24A2,0x54A2,0x971E,0x1402,0x1402,0x1402,0x1402,0x1402,0x1402,0x141E,0x0000},  /* U+5011 */
  {0x0000,0x0EE2,0x1102,0x1292,0x2252,0x2452,0x5FB2,0x9112,0x1112,0x17D2,0x1112,0x1102,0x1122,0x1FC2,0x100E,0x0000},  /* U+5012 */
  {0x0000,0x0BFC,0x1402,0x1402,0x27DE,0x2420,0x5522,0x9522,0x1522,0x15FC,0x1420,0x1522,0x1522,0x1922,0x19DE,0x0000},  /* U+5014 */
  {0x0000,0x0840,0x0BFC,0x1040,0x1040,0x2FFE,0x5108,0x9108,0x17BE,0x1040,0x1040,0x17FE,0x1040,0x1040,0x1040,0x0000},  /* U+5016 */
  {0x0000,0x09F0,0x1408,0x1408,0x2408,0x27F6,0x5480,0x94FE,0x1520,0x1620,0x17FE,0x1420,0x1050,0x1088,0x1306,0x0000},  /* U+5019 */
  {0x0000,0x0820,0x0FFE,0x1040,0x1070,0x2188,0x5606,0x9FFE,0x1004,0x13E4,0x1224,0x1224,0x13E4,0x1204,0x103C,0x0000},  /* U+501A */
  {0x0000,0x0910,0x0910,0x17FE,0x1110,0x2110,0x5FFE,0x9000,0x13FC,0x1204,0x1204,0x13FC,0x1204,0x1204,0x13FC,0x0000},  /* U+501F */
  {0x0000,0x05FE,0x0502,0x0902,0x09FE,0x1102,0x29FE,0x4800,0x0BFE,0x0A02,0x0A02,0x0BFE,0x0A02,0x0A02,0x0BFE,0x0000},  /* U+5021 */
  {0x0000,0x0910,0x1110,0x1110,0x2EEE,0x2222,0x5724,0x94D4,0x1494,0x1494,0x1488,0x1488,0x1494,0x18A4,0x13C3,0x0000},  /* U+5023 */
  {0x0000,0x0820,0x0FFE,0x1020,0x1020,0x24DC,0x5484,0x94FC,0x1484,0x14FC,0x1484,0x14FC,0x1400,0x1400,0x17FE,0x0000},  /* U+5024 */
  {0x0000,0x0820,0x0B6C,0x1492,0x1492,0x2490,0x5112,0x921E,0x1400,0x13DE,0x1020,0x1020,0x1020,0x1020,0x17DE,0x0000},  /* U+5025 */
  {0x0000,0x0948,0x0A44,0x1442,0x17BE,0x2090,0x5FF6,0x9108,0x1204,0x15FA,0x1908,0x1108,0x1130,0x1104,0x11FC,0x0000},  /* U+5026 */
  {0x0000,0x0BFC,0x0A04,0x1204,0x13FC,0x2220,0x5220,0x53FE,0x1220,0x1420,0x15FC,0x1502,0x1502,0x1902,0x19FE,0x0000},  /* U+5028 */
  {0x0000,0x0840,0x0FFE,0x1040,0x13FC,0x2040,0x57FE,0x9000,0x13FC,0x1244,0x1244,0x13BC,0x1204,0x1204,0x121C,0x0000},  /* U+5029 */
  {0x0000,0x08C0,0x0B3C,0x1202,0x1202,0x239C,0x5202,0x9202,0x1202,0x11FC,0x1090,0x1110,0x1112,0x1212,0x1C1E,0x0000},  /* U+502A */
  {0x0000,0x0840,0x08A0,0x1118,0x1204,0x2DFB,0x5000,0x936C,0x1492,0x1492,0x1492,0x17FE,0x1492,0x1492,0x149E,0x0000},  /* U+502B */
  {0x0000,0x0840,0x087E,0x1040,0x11F8,0x2204,0x5204,0x93FC,0x1204,0x13BC,0x1040,0x1040,0x1FFE,0x1040,0x1040,0x0000},  /* U+502C */
  {0x0000,0x083C,0x0FC0,0x1040,0x17FE,0x20D0,0x5148,0x9E46,0x1080,0x16F6,0x1108,0x1210,0x1390,0x10F8,0x1F06,0x0000},  /* U+502D */
  {0x0000,0x0BFC,0x0A04,0x1204,0x23FC,0x2204,0x53FC,0x9204,0x1204,0x11F8,0x1000,0x1FFE,0x1098,0x1304,0x1C02,0x0000},  /* U+5036 */
  {0x0000,0x0860,0x0890,0x1108,0x1604,0x29FA,0x5040,0x97FC,0x1444,0x1444,0x17FC,0x1060,0x1090,0x1108,0x1E06,0x0000},  /* U+5039 */
  {0x0000,0x0BFE,0x1400,0x15FC,0x2504,0x25FC,0x6504,0xA4F8,0x27FE,0x2488,0x24D0,0x2438,0x27C4,0x27FE,0x2400,0x0000},  /* U+5043 */
  {0x0000,0x13BC,0x1442,0x1442,0x2442,0x27FE,0x6400,0x641C,0x27A2,0x2424,0x2414,0x2798,0x2408,0x2434,0x24C2,0x0000},  /* U+5047 */
  {0x0000,0x0BFC,0x0A04,0x1204,0x13FC,0x2204,0x53FC,0x9100,0x13FE,0x1442,0x1A42,0x12A2,0x1312,0x13FA,0x121C,0x0000},  /* U+5048 */
  {0x0000,0x0840,0x0BBC,0x1084,0x1FFE,0x2000,0x53FC,0x9204,0x13FC,0x1020,0x17FE,0x1220,0x1FFE,0x1020,0x1020,0x0000},  /* U+5049 */
  {0x0000,0x0FFE,0x1000,0x11FC,0x2202,0x2202,0x53FE,0x9200,0x13FE,0x1652,0x1652,0x15FE,0x1652,0x1A52,0x1256,0x0000},  /* U+504F */
  {0x0000,0x0820,0x0FFE,0x1198,0x1060,0x2198,0x57FE,0x9408,0x1470,0x158C,0x1410,0x14E2,0x1504,0x1838,0x1BC0,0x0000},  /* U+5050 */
  {0x0000,0x0A20,0x0A26,0x13F8,0x1220,0x2222,0x53E2,0x9C5C,0x1040,0x13BC,0x1204,0x13FC,0x1204,0x1204,0x13FC,0x0000},  /* U+5055 */
  {0x0000,0x0882,0x0FF4,0x1088,0x1088,0x2FDE,0x5030,0x90C8,0x11FC,0x1702,0x1902,0x11FC,0x1102,0x1102,0x11FE,0x0000},  /* U+5056 */
  {0x0000,0x0910,0x1110,0x1120,0x2FFE,0x2122,0x5164,0x9154,0x16D4,0x1454,0x1448,0x1448,0x1458,0x17A4,0x10C2,0x0000},  /* U+505A */
  {0x0000,0x0840,0x0FFE,0x1000,0x13FC,0x2204,0x53FC,0x9000,0x17FE,0x1802,0x1BFE,0x1040,0x1040,0x1040,0x11C0,0x0000},  /* U+505C */
  {0x0000,0x1020,0x1EFC,0x1222,0x25FE,0x2422,0x6EFE,0xA920,0x2220,0x2AFE,0x2A20,0x25FE,0x2420,0x2B20,0x38FE,0x0000},  /* U+5065 */
  {0x0000,0x0900,0x11FE,0x1252,0x2492,0x2BD2,0x5132,0x9244,0x1484,0x1098,0x1040,0x152C,0x1502,0x150A,0x19F2,0x0000},  /* U+506C */
  {0x0000,0x0BBC,0x0C42,0x1442,0x1442,0x27FE,0x5442,0x9442,0x13BC,0x1040,0x1134,0x1504,0x150A,0x190A,0x10F8,0x0000},  /* U+5072 */
  {0x0000,0x0B82,0x1452,0x1452,0x27D2,0x2452,0x5452,0x9452,0x17D2,0x1452,0x1452,0x1392,0x1282,0x1442,0x184E,0x0000},  /* U+5074 */
  {0x0000,0x0840,0x083E,0x1040,0x11F8,0x2204,0x5204,0x93FC,0x1204,0x13FC,0x1204,0x136C,0x1090,0x1108,0x1606,0x0000},  /* U+5075 */
  {0x0000,0x09B8,0x0A44,0x1244,0x13FC,0x2244,0x53FC,0x5040,0x1040,0x17FE,0x144A,0x147A,0x1786,0x1402,0x140E,0x0000},  /* U+5076 */
  {0x0000,0x0BC0,0x10A0,0x1110,0x2208,0x2DFF,0x5000,0x9792,0x1494,0x17A4,0x14A8,0x16A8,0x15A4,0x1494,0x1592,0x0000},  /* U+5078 */
  {0x0000,0x0A20,0x0940,0x1F70,0x1088,0x2088,0x50FC,0x9104,0x1204,0x17FE,0x180A,0x12AA,0x12A6,0x1492,0x181E,0x0000},  /* U+507D */
  {0x0000,0x0840,0x0BFC,0x1442,0x1442,0x23FC,0x5442,0x9442,0x13FC,0x1128,0x112C,0x112A,0x113E,0x1222,0x1C3E,0x0000},  /* U+5080 */
  {0x0000,0x0838,0x0FFE,0x1020,0x13FC,0x2222,0x53FC,0x9222,0x13FE,0x1008,0x17FE,0x1208,0x1108,0x1088,0x1038,0x0000},  /* U+5085 */
  {0x0000,0x0840,0x0FFE,0x1108,0x1108,0x27FE,0x5402,0x9442,0x17FE,0x1080,0x10F8,0x1084,0x1104,0x1104,0x1638,0x0000},  /* U+508D */
  {0x0000,0x0904,0x1384,0x127E,0x26A4,0x29A4,0x517E,0x9204,0x1444,0x1040,0x17FE,0x10D0,0x1148,0x1644,0x1842,0x0000},  /* U+5091 */
  {0x0000,0x0180,0x0240,0x0D30,0x151C,0x6922,0x1538,0x2344,0x0910,0x1538,0x2344,0x7FFE,0x0100,0x0100,0x0100,0x0000},  /* U+5098 */
  {0x0000,0x0908,0x17FE,0x1108,0x2000,0x27FE,0x5400,0x95FE,0x1522,0x15FE,0x1522,0x1522,0x15FE,0x1922,0x192E,0x0000},  /* U+5099 */
  {0x0000,0x0910,0x1110,0x1FD0,0x201E,0x24A2,0x5464,0x9834,0x1094,0x1514,0x1308,0x1108,0x1294,0x14A4,0x1842,0x0000},  /* U+509A */
  {0x0000,0x0820,0x0A22,0x1222,0x11DC,0x2120,0x5220,0x97FE,0x1A20,0x13FC,0x1220,0x13FC,0x1220,0x1220,0x13DE,0x0000},  /* U+50AC */
  {0x0000,0x0820,0x17FE,0x1420,0x25FC,0x27FE,0x5424,0x95FC,0x1420,0x15FE,0x1622,0x17FE,0x1BFE,0x1A22,0x122E,0x0000},  /* U+50AD */
  {0x0000,0x0910,0x17D0,0x1110,0x212E,0x2FE4,0x5124,0x9154,0x1FD4,0x1214,0x1388,0x1448,0x1458,0x1494,0x1BE2,0x0000},  /* U+50B2 */
  {0x0000,0x0BFE,0x1400,0x1478,0x2484,0x2484,0x54FC,0x9400,0x15DE,0x1532,0x1532,0x15FE,0x1400,0x17FE,0x1400,0x0000},  /* U+50B4 */
  {0x0000,0x0FFE,0x0820,0x13FC,0x1020,0x27DE,0x53FC,0x9204,0x13FC,0x1204,0x13FC,0x1204,0x11F8,0x1198,0x1606,0x0000},  /* U+50B5 */
  {0x0000,0x0900,0x0BFE,0x13F8,0x1604,0x21FC,0x5204,0x91FC,0x16FE,0x1100,0x13FE,0x1492,0x1892,0x1122,0x165C,0x0000},  /* U+50B7 */
  {0x0000,0x10EE,0x1410,0x1420,0x24DE,0x2782,0x64FE,0xA482,0x2482,0x24FE,0x2582,0x25FE,0x2600,0x204C,0x2182,0x0000},  /* U+50BE */
  {0x0000,0x0908,0x0FFE,0x1108,0x10F8,0x2020,0x53FE,0x9222,0x13FC,0x1020,0x13FE,0x1020,0x13FC,0x1020,0x17FE,0x0000},  /* U+50C5 */
  {0x0000,0x10C8,0x1F08,0x1FC8,0x213E,0x27CA,0x692A,0xAFEA,0x292A,0x2FF2,0x2112,0x2FF2,0x2112,0x23E2,0x2C7E,0x0000},  /* U+50CD */
  {0x0000,0x0900,0x12F0,0x1220,0x2DDE,0x2442,0x575E,0x90A0,0x1366,0x1CD8,0x1130,0x1668,0x10A4,0x1322,0x1DE0,0x0000},  /* U+50CF */
  {0x0000,0x0BBC,0x1440,0x16EE,0x2110,0x21F8,0x570E,0x99F9,0x1000,0x17FE,0x14E2,0x1512,0x1512,0x15F2,0x141E,0x0000},  /* U+50D1 */
  {0x0000,0x0C94,0x0A94,0x1298,0x156E,0x2108,0x5090,0x976E,0x1040,0x13FC,0x1040,0x17FE,0x1060,0x1198,0x1E06,0x0000},  /* U+50D5 */
  {0x0000,0x1080,0x16D8,0x2924,0x2628,0x4410,0xAFE8,0xB40E,0x27F0,0x2408,0x27F0,0x2090,0x2488,0x2884,0x3384,0x0000},  /* U+50DA */
  {0x0000,0x0B0C,0x0BBC,0x1442,0x1442,0x27FE,0x5442,0x97FE,0x1000,0x13FC,0x1204,0x13FC,0x1204,0x1204,0x13FC,0x0000},  /* U+50E7 */
  {0x0000,0x0B08,0x1488,0x14F6,0x24A4,0x2494,0x6714,0xA47E,0x2708,0x2488,0x24BE,0x2C88,0x2C88,0x2B88,0x2408,0x0000},  /* U+50FB */
  {0x0000,0x0908,0x17FE,0x1040,0x23FC,0x2040,0x5FFE,0x9BAC,0x1522,0x1FFE,0x1114,0x11D4,0x1F08,0x113A,0x1746,0x0000},  /* U+5100 */
  {0x0000,0x0840,0x0FFE,0x1108,0x1110,0x2EEE,0x51F8,0x9204,0x13FC,0x1204,0x13FC,0x1040,0x1324,0x150A,0x18FA,0x0000},  /* U+5104 */
  {0x0000,0x0FFC,0x1040,0x17FE,0x1442,0x23DC,0x63DC,0x6040,0x2FFE,0x2040,0x27BE,0x2492,0x2492,0x2492,0x249E,0x0000},  /* U+5112 */
  {0x0000,0x0840,0x17FC,0x1044,0x2FFE,0x2044,0x57F8,0x9BFA,0x1404,0x14A4,0x1892,0x17FC,0x1494,0x1494,0x1FFE,0x0000},  /* U+5118 */
  {0x0000,0x0A44,0x0948,0x17FE,0x15F2,0x2208,0x51F8,0x93F8,0x1404,0x13FC,0x17FC,0x1404,0x13FC,0x1198,0x1E06,0x0000},  /* U+511F */
  {0x0000,0x0FFE,0x1040,0x13FC,0x23FC,0x2204,0x53FC,0x97FE,0x1B2A,0x170C,0x10F2,0x13F8,0x1C90,0x1060,0x1F9E,0x0000},  /* U+512A */
  {0x0000,0x1792,0x1012,0x1FFC,0x2014,0x27FE,0x6010,0xA794,0x203C,0x2062,0x27A2,0x24BE,0x24A2,0x27A2,0x243E,0x0000},  /* U+5132 */
  {0x0000,0x0200,0x0420,0x0410,0x0808,0x0FFC,0x7002,0x0422,0x0420,0x0420,0x0420,0x0822,0x0822,0x1022,0x603E,0x0000},  /* U+5141 */
  {0x0000,0x3FFC,0x0000,0x0000,0x0000,0x7BBE,0x0440,0x0440,0x0440,0x0440,0x0842,0x0842,0x1042,0x603E,0x0000,0x0000},  /* U+5143 */
  {0x0000,0x3FFC,0x2004,0x2004,0x2004,0x2004,0x1FF8,0x0440,0x0440,0x0440,0x0440,0x0842,0x1042,0x607E,0x0000,0x0000},  /* U+5144 */
  {0x0000,0x0100,0x0100,0x7EFE,0x0420,0x0410,0x0808,0x3FF4,0x0442,0x0440,0x0440,0x0440,0x0842,0x1042,0x603E,0x0000},  /* U+5145 */
  {0x0000,0x0240,0x4244,0x2244,0x1248,0x0A50,0x0240,0x0260,0x0C50,0x324C,0x4442,0x0440,0x0842,0x1042,0x603E,0x0000},  /* U+5146 */
  {0x0000,0x2024,0x2444,0x2384,0x2184,0x2264,0x2414,0x2804,0x1FFC,0x0440,0x0440,0x0440,0x0842,0x1042,0x603E,0x0000},  /* U+5147 */
  {0x0000,0x0900,0x0900,0x1FFC,0x1100,0x2100,0x2100,0x0100,0x7EFE,0x0420,0x0420,0x0420,0x0822,0x1022,0x603E,0x0000},  /* U+5148 */
  {0x0000,0x2104,0x1108,0x1108,0x0910,0x0910,0x0100,0x7FFE,0x0440,0x0440,0x0440,0x0840,0x0842,0x1042,0x603E,0x0000},  /* U+5149 */
  {0x0000,0x0100,0x7FFE,0x0100,0x0100,0x1FF8,0x1008,0x1008,0x1008,0x1FF8,0x0440,0x0440,0x0442,0x0842,0x707E,0x0000},  /* U+514B */
  {0x0000,0x0400,0x0FC0,0x1040,0x3EF8,0x6104,0x2104,0x2104,0x2104,0x1EF8,0x0440,0x0440,0x0842,0x1042,0x607E,0x0000},  /* U+514D */
  {0x0000,0x003C,0x7FC0,0x0100,0x1FF8,0x2104,0x2104,0x2104,0x2104,0x1FF8,0x0190,0x0288,0x0486,0x0882,0x707E,0x0000},  /* U+514E */
  {0x0000,0x23FC,0x2204,0x2204,0x2204,0x23FC,0x2204,0x2204,0x2204,0x23FC,0x0440,0x0440,0x0842,0x1842,0x603E,0x0000},  /* U+5150 */
  {0x0000,0x1108,0x0910,0x3FFC,0x4002,0x4002,0x4FF2,0x1008,0x1008,0x1DB8,0x0240,0x0440,0x0442,0x0842,0x707E,0x0000},  /* U+515A */
  {0x0000,0x0900,0x33DC,0x2424,0x2424,0x23C4,0x2424,0x2424,0x3FFC,0x2004,0x0440,0x0440,0x0842,0x1842,0x607E,0x0000},  /* U+515C */
  {0x0000,0x0F80,0x0080,0x0080,0x0180,0x0180,0x0180,0x0240,0x0240,0x0420,0x0810,0x0808,0x3004,0x4002,0x0000,0x0000},  /* U+5165 */
  {0x0000,0x0180,0x0240,0x0420,0x0810,0x1008,0x3EFE,0x4100,0x0100,0x0100,0x1FF8,0x0100,0x0100,0x0100,0x7FFE,0x0000},  /* U+5168 */
  {0x0000,0x0FE0,0x0020,0x0020,0x0420,0x0820,0x0810,0x0810,0x0810,0x1010,0x1008,0x2008,0x2004,0x4002,0x0000,0x0000},  /* U+516B */
  {0x0000,0x0420,0x0420,0x0810,0x1008,0x1008,0x2204,0x4202,0x0200,0x0400,0x0420,0x0410,0x0808,0x0FFC,0x7006,0x0000},  /* U+516C */
  {0x0000,0x0100,0x0100,0x0100,0x0100,0x7EFE,0x0000,0x0000,0x0420,0x0810,0x0808,0x1008,0x1004,0x2004,0x4002,0x0000},  /* U+516D */
  {0x0000,0x0420,0x0420,0x0420,0x3FFE,0x0420,0x0420,0x0420,0x0420,0x7FFE,0x0000,0x0420,0x0810,0x1008,0x6006,0x0000},  /* U+5171 */
  {0x0000,0x01F8,0x0E00,0x1000,0x1000,0x0FFC,0x1010,0x1010,0x1010,0x1010,0x7FFE,0x0000,0x0430,0x180C,0x6002,0x0000},  /* U+5175 */
  {0x0000,0x0810,0x0810,0x7FFE,0x0810,0x0FF0,0x0810,0x0810,0x0FF0,0x0810,0x0810,0x7FFE,0x0660,0x1818,0x6006,0x0000},  /* U+5176 */
  {0x0000,0x1FF8,0x1008,0x1008,0x1FF8,0x1008,0x1FF8,0x1008,0x1008,0x1FF8,0x0000,0x7FFE,0x0420,0x1818,0x6006,0x0000},  /* U+5177 */
  {0x0000,0x0240,0x1FF8,0x2244,0x2244,0x2244,0x3FFC,0x2244,0x2244,0x2244,0x2244,0x5DBA,0x0430,0x1808,0x6006,0x0000},  /* U+5178 */
  {0x0000,0x0810,0x0420,0x7BDE,0x0240,0x3FF8,0x0244,0x7FFE,0x0244,0x0244,0x3FF8,0x0460,0x0A58,0x3244,0x4242,0x0000},  /* U+517C */
  {0x0000,0x0080,0x0080,0x1EF8,0x2104,0x2104,0x2104,0x2184,0x2244,0x2424,0x2814,0x300C,0x2004,0x2004,0x201C,0x0000},  /* U+5185 */
  {0x0000,0x3FFC,0x2104,0x2104,0x2104,0x2104,0x3FFC,0x2004,0x2004,0x2004,0x2004,0x2004,0x2004,0x201C,0x0000,0x0000},  /* U+5186 */
  {0x0000,0x3FFC,0x2244,0x2244,0x2244,0x2244,0x7FFE,0x2244,0x2244,0x2244,0x2244,0x2244,0x2244,0x225C,0x0000,0x0000},  /* U+518A */
  {0x0000,0x7FFE,0x0100,0x1FF8,0x2108,0x2108,0x1FF8,0x2108,0x2108,0x7FFE,0x2008,0x2008,0x2008,0x2038,0x0000,0x0000},  /* U+518D */
  {0x0000,0x3FFC,0x2004,0x3FFC,0x2004,0x2004,0x1FF8,0x0000,0x1FF8,0x1008,0x1FF8,0x1008,0x1FF8,0x1008,0x1FF8,0x0000},  /* U+5192 */
  {0x0000,0x7FFE,0x4002,0x4002,0x47E2,0x0820,0x0820,0x0820,0x0820,0x0820,0x0820,0x1022,0x1022,0x601E,0x0000,0x0000},  /* U+5197 */
  {0x0000,0x7FFE,0x4402,0x4802,0x0FF8,0x0800,0x0800,0x17F0,0x0010,0x0010,0x7FFE,0x0010,0x0020,0x01E0,0x0000,0x0000},  /* U+5199 */
  {0x0000,0x7FFE,0x4002,0x3F08,0x0008,0x00FE,0x6D08,0x1248,0x1228,0x1228,0x1208,0x220A,0x2212,0x43FE,0x0000,0x0000},  /* U+51A0 */
  {0x0000,0x7FFE,0x4002,0x5FFA,0x1008,0x1FF8,0x1008,0x1EF8,0x0100,0x0100,0x7EFE,0x0420,0x1818,0x6006,0x0000,0x0000},  /* U+51A5 */
  {0x0000,0x3FFC,0x2004,0x2FFC,0x2004,0x0FF0,0x0808,0x0FF8,0x0000,0x3FFC,0x2084,0x3FFC,0x2084,0x2084,0x3FFC,0x0000},  /* U+51A8 */
  {0x0000,0x0200,0x07F0,0x0810,0x1420,0x2240,0x4180,0x01C0,0x0630,0x1A0E,0x61C0,0x0020,0x1000,0x0F00,0x00F0,0x0000},  /* U+51AC */
  {0x0000,0x63FE,0x1108,0x0108,0x0108,0x0108,0x03FE,0x0818,0x1028,0x2048,0x2088,0x4108,0x0608,0x0078,0x0000,0x0000},  /* U+51B4 */
  {0x0000,0x0040,0x6080,0x1090,0x0908,0x0104,0x0FFA,0x0002,0x0800,0x13FC,0x2204,0x2204,0x4204,0x43FC,0x0204,0x0000},  /* U+51B6 */
  {0x0000,0x0040,0x40A0,0x2110,0x1208,0x05FE,0x0802,0x0000,0x0FFC,0x1084,0x1084,0x2084,0x4084,0x4098,0x0080,0x0000},  /* U+51B7 */
  {0x0000,0x0040,0x47FE,0x2040,0x17FC,0x0044,0x0FFE,0x0044,0x17FC,0x1080,0x2FFE,0x2208,0x4390,0x40F8,0x0F06,0x0000},  /* U+51C4 */
  {0x0000,0x0110,0x6110,0x1220,0x0BFE,0x0220,0x0620,0x0BFC,0x0220,0x1220,0x13FC,0x2220,0x4220,0x4220,0x03DE,0x0000},  /* U+51C6 */
  {0x0000,0x07FE,0x6402,0x1442,0x15FA,0x0442,0x05FA,0x0402,0x14F2,0x150A,0x250A,0x450A,0x49F2,0x0802,0x101E,0x0000},  /* U+51CB */
  {0x0000,0x0040,0x43FC,0x2040,0x1040,0x07BE,0x0112,0x011E,0x1680,0x10F8,0x2308,0x2490,0x4060,0x40D0,0x0F0E,0x0000},  /* U+51CC */
  {0x0000,0x0040,0x4FFE,0x2040,0x1040,0x07FC,0x0444,0x03FC,0x1444,0x175C,0x20A0,0x40D0,0x4348,0x0444,0x0842,0x0000},  /* U+51CD */
  {0x0000,0x08FE,0x6F04,0x1838,0x0888,0x0704,0x047E,0x078A,0x0A2A,0x1228,0x2FAE,0x2248,0x4368,0x44D0,0x088E,0x0000},  /* U+51DD */
  {0x0000,0x0FF0,0x0810,0x0810,0x0810,0x0A10,0x0910,0x0890,0x0850,0x1010,0x1012,0x2012,0x2012,0x401E,0x0000,0x0000},  /* U+51E1 */
  {0x0000,0x1000,0x10F8,0x1C88,0x1288,0x2288,0x2288,0x5488,0x5488,0x5488,0x0908,0x090A,0x1704,0x2100,0x40FE,0x0000},  /* U+51E6 */
  {0x0000,0x3FF8,0x2108,0x2104,0x27E4,0x2914,0x2914,0x2914,0x2914,0x2914,0x2914,0x2966,0x4106,0x4106,0x0000,0x0000},  /* U+51E7 */
  {0x0000,0x3FF8,0x2088,0x2084,0x2084,0x2484,0x24F4,0x2484,0x2484,0x2484,0x2484,0x2486,0x5FFE,0x4006,0x0000,0x0000},  /* U+51EA */
  {0x0000,0x4938,0x4944,0x4944,0x3644,0x7F44,0x0044,0x3E44,0x4144,0x4144,0x3E44,0x2284,0x1486,0x1F06,0x6306,0x0000},  /* U+51F1 */
  {0x0000,0x0010,0x2024,0x2824,0x2444,0x2244,0x2184,0x2144,0x2124,0x2214,0x240C,0x2804,0x3004,0x3FFC,0x2004,0x0000},  /* U+51F6 */
  {0x0000,0x07E0,0x0420,0x0420,0x0420,0x0420,0x381C,0x2004,0x2004,0x2004,0x2004,0x2004,0x3FFC,0x2004,0x0000,0x0000},  /* U+51F8 */
  {0x0000,0x3C3C,0x2244,0x2244,0x2244,0x2244,0x2244,0x2184,0x2004,0x2004,0x2004,0x2004,0x3FFC,0x2004,0x0000,0x0000},  /* U+51F9 */
  {0x0000,0x0100,0x2104,0x2104,0x2104,0x2104,0x2104,0x1FF8,0x0100,0x2104,0x2104,0x2104,0x2104,0x3FFC,0x2004,0x0000},  /* U+51FA */
  {0x0000,0x7FFE,0x0200,0x4302,0x548A,0x4892,0x44A2,0x4082,0x42E2,0x4C92,0x508A,0x4302,0x7FFE,0x4002,0x0000,0x0000},  /* U+51FD */
  {0x0000,0x0000,0x7FFC,0x0204,0x0204,0x0204,0x0204,0x0204,0x0404,0x0404,0x0404,0x0804,0x1004,0x6078,0x0000,0x0000},  /* U+5200 */
  {0x0000,0x0000,0x7FFC,0x0104,0x0104,0x3204,0x0E04,0x0304,0x0284,0x0444,0x0404,0x0804,0x1008,0x60F8,0x0000,0x0000},  /* U+5203 */
  {0x0000,0x0420,0x0410,0x0810,0x1008,0x2004,0x4002,0x5FF8,0x0208,0x0208,0x0208,0x0408,0x0408,0x0810,0x71F0,0x0000},  /* U+5206 */
  {0x0000,0x2000,0x23FE,0x2042,0x2242,0x1C42,0x6042,0x2042,0x2042,0x2242,0x2282,0x3E82,0x0102,0x0104,0x063C,0x0000},  /* U+5207 */
  {0x0000,0x0084,0x0104,0x4124,0x2124,0x1224,0x0A24,0x0424,0x0424,0x0A24,0x0924,0x1104,0x2084,0x4004,0x001C,0x0000},  /* U+5208 */
  {0x0000,0x0004,0x7F04,0x0824,0x0824,0x0824,0x0824,0x7FA4,0x0824,0x0824,0x0824,0x0804,0x0804,0x0804,0x081C,0x0000},  /* U+520A */
  {0x0000,0x6E84,0x1104,0x1124,0x1124,0x1124,0x1124,0x7FE4,0x1124,0x1124,0x1124,0x2104,0x2104,0x4104,0x411C,0x0000},  /* U+5211 */
  {0x0000,0x3BC2,0x0402,0x0812,0x0812,0x0F92,0x1092,0x1092,0x2C92,0x4312,0x0112,0x0202,0x0402,0x0802,0x300E,0x0000},  /* U+5217 */
  {0x0000,0x1000,0x11FE,0x7A42,0x0442,0x0442,0x0842,0x1242,0x1C42,0x3442,0x5242,0x1082,0x1082,0x1104,0x123C,0x0000},  /* U+521D */
  {0x0000,0x4884,0x2904,0x2924,0x2A24,0x0824,0x7FA4,0x0824,0x0824,0x7FA4,0x0824,0x0804,0x0804,0x0804,0x081C,0x0000},  /* U+5224 */
  {0x0000,0x3F04,0x4104,0x4124,0x4124,0x4124,0x3E24,0x1024,0x1F24,0x1124,0x1124,0x1104,0x2104,0x2104,0x4E1C,0x0000},  /* U+5225 */
  {0x0000,0x0704,0x7804,0x0824,0x0824,0x7F24,0x0824,0x0824,0x1C24,0x2B24,0x2924,0x4804,0x4804,0x0804,0x081C,0x0000},  /* U+5229 */
  {0x0000,0x0004,0x7F84,0x1224,0x1124,0x1124,0x7EA4,0x04A4,0x0424,0x7FA4,0x0424,0x0404,0x0404,0x1F84,0x601C,0x0000},  /* U+5230 */
  {0x0000,0x2402,0x2412,0x3F92,0x4412,0x4412,0x3FD2,0x0412,0x3F92,0x4492,0x4492,0x4482,0x4482,0x4582,0x040E,0x0000},  /* U+5236 */
  {0x0000,0x1F04,0x20A4,0x20A4,0x20A4,0x3F24,0x2224,0x3FA4,0x32A4,0x32A4,0x32A4,0x5284,0x5384,0x4204,0x421C,0x0000},  /* U+5237 */
  {0x0000,0x1108,0x0910,0x0920,0x3FFC,0x0240,0x0420,0x7BDE,0x1008,0x2DE4,0x4212,0x0210,0x0210,0x0410,0x38E0,0x0000},  /* U+5238 */
  {0x0000,0x0404,0x0404,0x7FA4,0x0424,0x3FA4,0x44A4,0x44A4,0x44A4,0x0B24,0x1624,0x1504,0x2484,0x4404,0x041C,0x0000},  /* U+523A */
  {0x0000,0x0404,0x0404,0x7BA4,0x0824,0x1124,0x6224,0x1424,0x08A4,0x1124,0x6224,0x0404,0x0A04,0x1104,0x609C,0x0000},  /* U+523B */
  {0x0000,0x2104,0x1204,0x6DA4,0x04A4,0x04A4,0x7F24,0x4424,0x77A4,0x4864,0x1464,0x1484,0x6684,0x4504,0x041C,0x0000},  /* U+5243 */
  {0x0000,0x3F04,0x4104,0x4124,0x3F24,0x4124,0x4124,0x7F24,0x4124,0x4124,0x7F24,0x0004,0x2204,0x2104,0x411C,0x0000},  /* U+5247 */
  {0x0000,0x4884,0x2904,0x2924,0x2A24,0x3F24,0x4124,0x4124,0x7F24,0x4124,0x7F24,0x4104,0x4104,0x4104,0x471C,0x0000},  /* U+524A */
  {0x0000,0x0810,0x0410,0x7FFE,0x0000,0x1E04,0x2124,0x2124,0x3E24,0x2124,0x2124,0x3F24,0x2104,0x2104,0x271C,0x0000},  /* U+524D */
  {0x0000,0x0404,0x7E84,0x0124,0x1124,0x1124,0x1224,0x7FE4,0x0024,0x3F24,0x20A4,0x2084,0x2084,0x3F84,0x209C,0x0000},  /* U+5256 */
  {0x0000,0x1F04,0x2084,0x31A4,0x2AA4,0x22A4,0x3DA4,0x24A4,0x35A4,0x35A4,0x35A4,0x3F84,0x3184,0x2084,0x239C,0x0000},  /* U+525B */
  {0x0000,0x0604,0x0904,0x10A4,0x2064,0x5F24,0x0424,0x3FA4,0x24A4,0x24A4,0x1F24,0x0404,0x0A04,0x1184,0x601C,0x0000},  /* U+5263 */
  {0x0000,0x0202,0x3FF2,0x0892,0x0512,0x0712,0x0892,0x7072,0x1FD2,0x1052,0x1052,0x1FC2,0x1042,0x1042,0x204E,0x0000},  /* U+5264 */
  {0x0000,0x3F04,0x0104,0x0114,0x3F14,0x0114,0x7FD4,0x4414,0x2494,0x1514,0x0E14,0x1504,0x64C4,0x0404,0x1C1C,0x0000},  /* U+5265 */
  {0x0000,0x7FC2,0x0002,0x3F92,0x2092,0x2092,0x3F92,0x0012,0x3FD2,0x4452,0x4452,0x7FC2,0x4442,0x3FC2,0x405E,0x0000},  /* U+526F */
  {0x0000,0x0F84,0x7404,0x0424,0x7FA4,0x2524,0x7FE4,0x2524,0x2524,0x7FA4,0x0C24,0x1604,0x2504,0x4484,0x041C,0x0000},  /* U+5270 */
  {0x0000,0x0402,0x7FD2,0x4452,0x7FD2,0x0412,0x3F12,0x0412,0x7F92,0x0012,0x3F92,0x2082,0x2082,0x3F82,0x209E,0x0000},  /* U+5272 */
  {0x0000,0x0E04,0x0904,0x1FA4,0x6024,0x3FA4,0x20A4,0x3FA4,0x20A4,0x3F24,0x2F24,0x3084,0x3084,0x5084,0x5F9C,0x0000},  /* U+5275 */
  {0x0000,0x0404,0x3F84,0x7FD4,0x0494,0x3F94,0x3F94,0x0414,0x7FD4,0x3F94,0x2494,0x3F84,0x3F84,0x0044,0x7F9C,0x0000},  /* U+5283 */
  {0x0000,0x0404,0x07C4,0x1FA4,0x2464,0x3F64,0x2464,0x23A4,0x3FE4,0x24A4,0x3B24,0x4F24,0x5684,0x4944,0x7E1C,0x0000},  /* U+5287 */
  {0x0000,0x3BC4,0x4144,0x4954,0x4A54,0x75D4,0x0614,0x1994,0x3F54,0x4414,0x3F94,0x2484,0x1504,0x15C4,0x7A1C,0x0000},  /* U+5289 */
  {0x0000,0x0100,0x0100,0x0100,0x7FFC,0x0104,0x0204,0x0204,0x0204,0x0204,0x0404,0x0804,0x0804,0x1004,0x6078,0x0000},  /* U+529B */
  {0x0000,0x0020,0x0020,0x7E20,0x11FC,0x1022,0x1042,0x1042,0x1042,0x1042,0x1E42,0x6082,0x0102,0x0104,0x063C,0x0000},  /* U+529F */
  {0x0000,0x1000,0x1000,0x107C,0x7F44,0x1144,0x1144,0x1144,0x1144,0x1144,0x1144,0x2144,0x2144,0x417C,0x4E44,0x0000},  /* U+52A0 */
  {0x0000,0x0110,0x0908,0x1104,0x2112,0x4720,0x00C0,0x0780,0x7880,0x1FF8,0x0104,0x0104,0x0204,0x0404,0x7878,0x0000},  /* U+52A3 */
  {0x0000,0x1C20,0x2220,0x2220,0x23FC,0x3E22,0x2222,0x2222,0x3E22,0x2222,0x2242,0x2342,0x3C82,0x4084,0x033C,0x0000},  /* U+52A9 */
  {0x0000,0x0800,0x7E7E,0x1142,0x2224,0x2228,0x1C10,0x0A6C,0x7082,0x0100,0x3FFC,0x0104,0x0204,0x0404,0x7838,0x0000},  /* U+52AA */
  {0x0000,0x0820,0x0820,0x7F20,0x08FC,0x0822,0x0822,0x7F22,0x1022,0x1222,0x1222,0x2142,0x3F42,0x4082,0x013C,0x0000},  /* U+52AB */
  {0x0000,0x1F90,0x2010,0x2010,0x3F90,0x287E,0x2812,0x2712,0x2912,0x4922,0x4922,0x4922,0x5122,0x5142,0x669C,0x0000},  /* U+52B1 */
  {0x0000,0x2104,0x1108,0x0890,0x7FFE,0x4102,0x4102,0x0100,0x3FF8,0x0204,0x0204,0x0208,0x0408,0x0808,0x7078,0x0000},  /* U+52B4 */
  {0x0000,0x0820,0x0820,0x7FA0,0x12FC,0x2122,0x2122,0x42A2,0x3422,0x0C22,0x0422,0x0A42,0x1142,0x2082,0x413C,0x0000},  /* U+52B9 */
  {0x0000,0x0810,0x0810,0x7F10,0x10FC,0x1212,0x6212,0x3422,0x0922,0x1122,0x6222,0x0422,0x0A42,0x1242,0x61BC,0x0000},  /* U+52BE */
  {0x0000,0x0810,0x7F90,0x0810,0x087E,0x7792,0x40A2,0x3F22,0x0422,0x08A2,0x3F22,0x4842,0x0842,0x0882,0x39BC,0x0000},  /* U+52C3 */
  {0x0000,0x0810,0x0820,0x7F20,0x08FC,0x7F22,0x4922,0x4922,0x7F22,0x0822,0x1C22,0x2B42,0x2942,0xC884,0x091C,0x0000},  /* U+52C5 */
  {0x0000,0x3FF8,0x0430,0x03C0,0x1FFC,0x2084,0x3FFC,0x2084,0x2084,0x1F78,0x0100,0x3FFC,0x0204,0x0404,0x783C,0x0000},  /* U+52C7 */
  {0x0000,0x1010,0x1E10,0x2210,0x44FE,0x7FA2,0x44A2,0x44A2,0x6FA2,0x1422,0x1442,0x1444,0x149E,0x2402,0x43FE,0x0000},  /* U+52C9 */
  {0x0000,0x7F10,0x0810,0x7F90,0x085C,0x7F22,0x48A2,0x7F22,0x48A2,0x7F22,0x0822,0x7F42,0x0842,0x1F82,0x611C,0x0000},  /* U+52D5 */
  {0x0000,0x2110,0x7F90,0x2110,0x1E7C,0x2112,0x3F12,0x2112,0x73A2,0x2C22,0x34A2,0x3322,0x2042,0x3F42,0x209C,0x0000},  /* U+52D8 */
  {0x0000,0x7C40,0x027E,0x2484,0x1B48,0x0C30,0x7E30,0x13CE,0x1220,0x2DFC,0x2822,0x4842,0x4842,0x0884,0x3B1C,0x0000},  /* U+52D9 */
  {0x0000,0x7248,0x4A88,0x4990,0x4EEC,0x7090,0x4FFC,0x4908,0x4A48,0x7486,0x8BF8,0x8888,0x8888,0x8908,0xBE70,0x0000},  /* U+52DD */
  {0x0000,0x0420,0x7FFE,0x0FF0,0x1008,0x1FF8,0x1008,0x1DF8,0x0200,0x7FFE,0x0910,0x7DEC,0x0212,0x0410,0x3870,0x0000},  /* U+52DF */
  {0x0000,0x0820,0x3E20,0x7F7C,0x14A4,0x6764,0x3F34,0x084E,0x3F86,0x4002,0x3FF8,0x0104,0x0204,0x0404,0x7838,0x0000},  /* U+52E2 */
  {0x0000,0x1210,0x7F90,0x1210,0x367C,0x4912,0x4912,0x3F12,0x0822,0x7F22,0x0822,0x7F22,0x0842,0x0F42,0x709C,0x0000},  /* U+52E4 */
  {0x0000,0x1010,0x3F10,0x2810,0x507E,0x3F12,0x1412,0x3F92,0x6412,0x7F22,0x2422,0x3F22,0x2442,0x3F82,0x209C,0x0000},  /* U+52E7 */
  {0x0000,0x7F10,0x0810,0x7F90,0x3F7E,0x4922,0x7F22,0x7F22,0x0822,0x7F42,0x1F44,0x609C,0x1448,0x2244,0x4222,0x0000},  /* U+52F2 */
  {0x0000,0x0800,0x0800,0x0FFE,0x1002,0x1002,0x2402,0x4402,0x0202,0x0102,0x0084,0x0004,0x0004,0x0004,0x007C,0x0000},  /* U+52FA */
  {0x0000,0x0800,0x0800,0x0FFE,0x1002,0x1202,0x2202,0x4402,0x0482,0x0842,0x0844,0x3FE4,0x0014,0x0004,0x007C,0x0000},  /* U+52FE */
  {0x0000,0x0800,0x0800,0x0FFE,0x1122,0x2222,0x2222,0x4422,0x0442,0x0842,0x0882,0x1084,0x2104,0x4104,0x023C,0x0000},  /* U+52FF */
  {0x0000,0x0800,0x0800,0x0FFC,0x1084,0x1884,0x2504,0x4304,0x4104,0x0288,0x0268,0x0418,0x080E,0x0808,0x30F0,0x0000},  /* U+5301 */
  {0x0000,0x0400,0x0800,0x0FFE,0x1002,0x3002,0x50C2,0x5302,0x0C02,0x1002,0x1024,0x1024,0x0FC4,0x0004,0x007C,0x0000},  /* U+5302 */
  {0x0000,0x0800,0x0FF8,0x1004,0x1004,0x3F84,0x4044,0x0044,0x0044,0x1F84,0x1004,0x1038,0x1002,0x1002,0x1FFC,0x0000},  /* U+5305 */
  {0x0000,0x0480,0x0880,0x0880,0x1084,0x1098,0x30A0,0x50C0,0x1080,0x1080,0x1080,0x1082,0x1082,0x1082,0x10FE,0x0000},  /* U+5316 */
  {0x0000,0x0440,0x0440,0x0442,0x0444,0x7C48,0x0470,0x0440,0x0440,0x0440,0x0440,0x1C42,0x6442,0x0442,0x043E,0x0000},  /* U+5317 */
  {0x0000,0x3F40,0x2140,0x3F40,0x2146,0x3F58,0x0060,0x7BC0,0x0440,0x2440,0x27C2,0x2442,0x343C,0x4800,0x47FE,0x0000},  /* U+5319 */
  {0x0000,0x7FF8,0x4100,0x4100,0x5FF0,0x5110,0x5110,0x5110,0x5110,0x5150,0x4120,0x4100,0x7FFC,0x4000,0x0000,0x0000},  /* U+531D */
  {0x0000,0x7FFC,0x4070,0x4F80,0x5000,0x5000,0x4FF8,0x5080,0x5080,0x5080,0x5080,0x6080,0x7FFC,0x4000,0x0000,0x0000},  /* U+5320 */
  {0x0000,0x7FFC,0x4000,0x5FF0,0x4100,0x4100,0x4FF0,0x4100,0x4100,0x4100,0x5FF8,0x4000,0x7FFC,0x4000,0x0000,0x0000},  /* U+5321 */
  {0x0000,0x7FFC,0x4280,0x7EF8,0x4280,0x4280,0x5C70,0x4280,0x4CF8,0x7480,0x4880,0x5080,0x7FFC,0x4000,0x0000,0x0000},  /* U+532A */
  {0x0000,0x7FFC,0x4440,0x4440,0x4440,0x4440,0x4844,0x4844,0x5078,0x6000,0x4000,0x4000,0x7FFC,0x4000,0x0000,0x0000},  /* U+5339 */
  {0x0000,0x7FFC,0x4020,0x5020,0x4840,0x4680,0x4100,0x4180,0x4240,0x4420,0x5810,0x6000,0x7FFC,0x4000,0x0000,0x0000},  /* U+533A */
  {0x0000,0x7FFC,0x4400,0x4FF8,0x5100,0x6100,0x7FFC,0x4100,0x4180,0x4240,0x4C20,0x7018,0x4000,0x7FFC,0x0000,0x0000},  /* U+533B */
  {0x0000,0x7FFC,0x4440,0x5FF8,0x4640,0x4200,0x7FF8,0x4400,0x4FF0,0x7410,0x4410,0x43E0,0x7FFC,0x4000,0x0000,0x0000},  /* U+533F */
  {0x0000,0x0080,0x0080,0x0080,0x0080,0x0080,0x0080,0x7FFE,0x0080,0x0080,0x0080,0x0080,0x0080,0x0080,0x0080,0x0000},  /* U+5341 */
  {0x0000,0x0038,0x1FC0,0x2100,0x0100,0x0100,0x0100,0x7FFE,0x0100,0x0100,0x0100,0x0100,0x0100,0x0100,0x0100,0x0000},  /* U+5343 */
  {0x0000,0x0190,0x0610,0x7810,0x0810,0x0810,0x0810,0x7FFE,0x0810,0x0810,0x0810,0x0810,0x1010,0x2010,0x4010,0x0000},  /* U+5347 */
  {0x0000,0x0800,0x1000,0x1FFC,0x2100,0x2100,0x4100,0x0100,0x7FFE,0x0100,0x0100,0x0100,0x0100,0x0100,0x0100,0x0000},  /* U+5348 */
  {0x0000,0x2104,0x1108,0x0910,0x0910,0x0100,0x3FFC,0x0100,0x0100,0x0100,0x7FFE,0x0100,0x0100,0x0100,0x0100,0x0000},  /* U+534A */
  {0x0000,0x0100,0x1FFC,0x2084,0x2084,0x1FFC,0x2084,0x2084,0x1FFC,0x0440,0x0840,0x7FFE,0x0040,0x0040,0x0040,0x0000},  /* U+5351 */
  {0x0000,0x0100,0x0100,0x7EFE,0x0410,0x0820,0x0C30,0x1248,0x2084,0x4102,0x7FFE,0x0100,0x0100,0x0100,0x0100,0x0000},  /* U+5352 */
  {0x0000,0x0100,0x00FE,0x0100,0x1FF8,0x1004,0x1004,0x1FFC,0x1004,0x1EFC,0x0100,0x0100,0x7FFE,0x0100,0x0100,0x0000},  /* U+5353 */
  {0x0000,0x1020,0x13F8,0x1044,0x1044,0x7C84,0x131C,0x1108,0x1108,0x17FE,0x124A,0x1252,0x1252,0x1452,0x1DAE,0x0000},  /* U+5354 */
  {0x0000,0x0100,0x7FFE,0x0100,0x0100,0x3FFC,0x2424,0x2244,0x2EF4,0x2104,0x2104,0x2FF4,0x2104,0x2104,0x211C,0x0000},  /* U+5357 */
  {0x0000,0x3108,0x1110,0x1EF8,0x2104,0x2104,0x1FFC,0x2104,0x2104,0x1FFC,0x0100,0x7FFE,0x0100,0x0100,0x0100,0x0000},  /* U+5358 */
  {0x0000,0x1028,0x17FE,0x1020,0x13FC,0x7E22,0x13FE,0x1222,0x13F6,0x1008,0x17FE,0x1008,0x1108,0x1088,0x1038,0x0000},  /* U+535A */
  {0x0000,0x0800,0x0800,0x0800,0x0800,0x0800,0x0E00,0x0980,0x0860,0x0810,0x0800,0x0800,0x0800,0x0800,0x0800,0x0000},  /* U+535C */
  {0x0000,0x0200,0x0200,0x0200,0x03FC,0x0200,0x0200,0x0200,0x3FF0,0x2010,0x2010,0x2010,0x2010,0x3FF0,0x2010,0x0000},  /* U+5360 */
  {0x0000,0x0420,0x0420,0x7FA0,0x0420,0x0420,0x7F90,0x042C,0x0422,0x7FA0,0x0420,0x0420,0x0420,0x7FA0,0x0020,0x0000},  /* U+5366 */
  {0x0000,0x0700,0x387E,0x2042,0x2242,0x2242,0x2242,0x2242,0x2242,0x2242,0x2E42,0x524E,0x0440,0x0840,0x3040,0x0000},  /* U+536F */
  {0x0000,0x1C00,0x61FC,0x4104,0x4104,0x4104,0x7D04,0x4104,0x4104,0x4104,0x4104,0x7D04,0x4138,0x4100,0x0100,0x0000},  /* U+5370 */
  {0x0000,0x0400,0x0BE0,0x1040,0x1FFE,0x7000,0x1000,0x17F8,0x1408,0x1408,0x2410,0x2470,0x2402,0x4402,0x43FE,0x0000},  /* U+5371 */
  {0x0000,0x3F7E,0x2142,0x2142,0x3F42,0x2142,0x2142,0x3E42,0x2042,0x2442,0x2242,0x2D4C,0x7140,0x0040,0x0000,0x0000},  /* U+5373 */
  {0x0000,0x0838,0x0844,0x7F44,0x0844,0x0844,0x0844,0x7F44,0x0844,0x1044,0x1244,0x225C,0x2340,0x5CC0,0x0040,0x0000},  /* U+5374 */
  {0x0000,0x0600,0x387E,0x2242,0x2242,0x3252,0x2A52,0x2A4A,0x224A,0x2242,0x3E42,0x4242,0x045C,0x0840,0x7040,0x0000},  /* U+5375 */
  {0x0000,0x103C,0x1F42,0x2842,0x4842,0x0842,0x7FC2,0x0842,0x2842,0x2F42,0x2842,0x2842,0x2FDC,0x7040,0x0040,0x0000},  /* U+5378 */
  {0x0000,0x1908,0x2114,0x22D4,0x2A54,0x2BD4,0x2A54,0x2A54,0x2B94,0x2A14,0x7BD4,0x0A1C,0x13D0,0x1210,0x6210,0x0000},  /* U+537F */
  {0x0000,0x3FFE,0x2000,0x23F0,0x2408,0x2408,0x2408,0x2408,0x2478,0x2400,0x2402,0x2402,0x4402,0x43FC,0x0000,0x0000},  /* U+5384 */
  {0x0000,0x3FFE,0x2000,0x2FFC,0x2844,0x27FC,0x2844,0x2844,0x27F8,0x2040,0x2FFC,0x4040,0x4040,0x5FBE,0x0000,0x0000},  /* U+5398 */
  {0x0000,0x3FFE,0x27F8,0x2808,0x27F8,0x2808,0x27F8,0x2000,0x27F8,0x2020,0x3FFE,0x4040,0x4040,0x43C0,0x0000,0x0000},  /* U+539A */
  {0x0000,0x3FFE,0x2080,0x27FC,0x2804,0x2FFC,0x2804,0x2804,0x27FC,0x2040,0x2658,0x4444,0x5842,0x43C0,0x0000,0x0000},  /* U+539F */
  {0x0000,0x3FFE,0x2004,0x3F84,0x207E,0x2F84,0x2884,0x28A4,0x2FA4,0x2914,0x4904,0x4504,0x43C4,0x5C1C,0x0000,0x0000},  /* U+53A8 */
  {0x0000,0x3FFE,0x2400,0x2F7E,0x28C8,0x2F48,0x28C8,0x2F7E,0x2810,0x2F10,0x4810,0x4FAA,0x484A,0x498E,0x0000,0x0000},  /* U+53A9 */
  {0x0000,0x3FFE,0x2F14,0x2892,0x2F90,0x2F76,0x2018,0x2F98,0x3098,0x3F98,0x50A8,0x5FA4,0x50A4,0x5342,0x0000,0x0000},  /* U+53AD */
  {0x0000,0x110C,0x0888,0x3FFE,0x2020,0x2FA0,0x223E,0x3DA4,0x28E4,0x2FA4,0x2898,0x2F88,0x4898,0x5F24,0x40C2,0x0000},  /* U+53B3 */
  {0x0000,0x0100,0x0100,0x3FFC,0x0100,0x0100,0x0100,0x7DFE,0x0200,0x0200,0x0410,0x0408,0x0808,0x5FFC,0x2002,0x0000},  /* U+53BB */
  {0x0000,0x0220,0x0410,0x3EFC,0x0102,0x0200,0x7DFE,0x0890,0x1308,0x6C26,0x80C0,0x0708,0x0810,0x00E0,0x1F00,0x0000},  /* U+53C2 */
  {0x0000,0x2FF4,0x1008,0x1008,0x0808,0x0810,0x0420,0x0420,0x0240,0x0180,0x0180,0x0660,0x1810,0x600E,0x0000,0x0000},  /* U+53C8 */
  {0x0000,0x3FF8,0x1008,0x1208,0x0908,0x0890,0x0410,0x0420,0x0240,0x0180,0x0180,0x0660,0x1810,0x600E,0x0000,0x0000},  /* U+53C9 */
  {0x0000,0x3FE0,0x0820,0x0420,0x047C,0x0A42,0x0A04,0x0904,0x0908,0x1090,0x1060,0x2060,0x4198,0x4E06,0x0000,0x0000},  /* U+53CA */
  {0x0000,0x0400,0x0400,0x7FFE,0x0400,0x0400,0x07F0,0x0408,0x0C10,0x0A10,0x1120,0x10C0,0x20C0,0x2330,0x5C0E,0x0000},  /* U+53CB */
  {0x0000,0x7EFE,0x0244,0x0244,0x2244,0x1444,0x1448,0x0C28,0x0830,0x0C10,0x1230,0x1248,0x2084,0x4302,0x0000,0x0000},  /* U+53CC */
  {0x0000,0x1FFC,0x1000,0x1000,0x1000,0x1FF8,0x1408,0x1210,0x1210,0x2120,0x20C0,0x20C0,0x2330,0x5C0E,0x0000,0x0000},  /* U+53CD */
  {0x0000,0x0400,0x05FE,0x2482,0x2484,0x2484,0x2444,0x2448,0x2448,0x2430,0x3C10,0x4430,0x0448,0x0484,0x0502,0x0000},  /* U+53CE */
  {0x0000,0x0800,0x08FE,0x0F42,0x0844,0x0844,0x7FA4,0x0824,0x0A28,0x2928,0x2910,0x4930,0x4828,0x0844,0x3982,0x0000},  /* U+53D4 */
  {0x0000,0xFE00,0x45FC,0x4484,0x7C84,0x4488,0x4488,0x7C50,0x4450,0x4420,0x5C20,0xA450,0x0488,0x0706,0x0000,0x0000},  /* U+53D6 */
  {0x0000,0x0FF8,0x7104,0x1108,0x0890,0x7FFE,0x4002,0x4002,0x1FF8,0x0810,0x0420,0x0240,0x0180,0x0660,0x781E,0x0000},  /* U+53D7 */
  {0x0000,0x0C00,0x12FE,0x2142,0x4042,0xBF44,0x0844,0x0824,0x7F28,0x0A28,0x2910,0x2910,0x4928,0x4844,0x1982,0x0000},  /* U+53D9 */
  {0x0000,0x10FC,0x5900,0x9500,0x9500,0x91F8,0x7D04,0x1184,0x2188,0x7D48,0xA250,0x2220,0x4230,0x44C8,0x8506,0x0000},  /* U+53DB */
  {0x0000,0x0F00,0x087E,0x7FA2,0x4CA2,0x1224,0x2124,0x4CA4,0x1318,0x3F98,0x6110,0x3F18,0x3F28,0x2144,0x3E82,0x0000},  /* U+53E1 */
  {0x0000,0x1248,0x1250,0x6DAE,0x0420,0x3FFC,0x1FFC,0x0100,0x7FFE,0x2200,0x3EFC,0x3E48,0x2228,0x7E30,0x02CE,0x0000},  /* U+53E2 */
  {0x0000,0x3FFC,0x2004,0x2004,0x2004,0x2004,0x2004,0x2004,0x2004,0x2004,0x2004,0x3FFC,0x2004,0x2004,0x0000,0x0000},  /* U+53E3 */
  {0x0000,0x0100,0x0100,0x0100,0x7FFE,0x0100,0x0100,0x0100,0x1FF8,0x1008,0x1008,0x1008,0x1008,0x1FF8,0x1008,0x0000},  /* U+53E4 */
  {0x0000,0x0800,0x0800,0x0FFC,0x1004,0x1004,0x2FC4,0x4844,0x0844,0x0844,0x0844,0x0FC4,0x0804,0x0004,0x007C,0x0000},  /* U+53E5 */
  {0x0000,0x7EFE,0x4282,0x4282,0x4282,0x4282,0x4282,0x4282,0x4282,0x7C82,0x409E,0x0080,0x0080,0x0080,0x0000,0x0000},  /* U+53E9 */
  {0x0000,0x1FFC,0x1004,0x1004,0x1004,0x1004,0x1004,0x1004,0x1FF8,0x0000,0x0420,0x0810,0x100C,0x6002,0x0000,0x0000},  /* U+53EA */
  {0x0000,0x0008,0x7C88,0x4488,0x4488,0x4488,0x4488,0x4488,0x4488,0x4488,0x7896,0x43E8,0x0008,0x0008,0x0008,0x0000},  /* U+53EB */
  {0x0000,0x3FFC,0x0204,0x0204,0x0408,0x0808,0x1070,0x6FF0,0x1008,0x1008,0x1008,0x1008,0x1008,0x1FF8,0x0000,0x0000},  /* U+53EC */
  {0x0000,0x7FFE,0x0008,0x0008,0x1F88,0x1088,0x1088,0x1088,0x1088,0x1F88,0x1008,0x0008,0x0008,0x0078,0x0000,0x0000},  /* U+53EF */
  {0x0000,0x0200,0x0400,0x0430,0x0808,0x11FC,0x6E02,0x0002,0x0FF0,0x1008,0x1008,0x1008,0x1008,0x1008,0x1FF8,0x0000},  /* U+53F0 */
  {0x0000,0x0040,0x7840,0x4442,0x4444,0x4448,0x4450,0x4460,0x44C0,0x4740,0x7840,0x4042,0x0042,0x0042,0x007E,0x0000},  /* U+53F1 */
  {0x0000,0x0080,0x0080,0x3FFC,0x2084,0x2084,0x2084,0x3EFC,0x0100,0x1100,0x1100,0x0900,0x0600,0x0980,0x707E,0x0000},  /* U+53F2 */
  {0x0000,0x0100,0x0200,0x0200,0x7FFE,0x0400,0x0400,0x0800,0x0FFC,0x1804,0x2804,0x4804,0x0804,0x0FFC,0x0804,0x0000},  /* U+53F3 */
  {0x0000,0x0020,0x7C20,0x4420,0x4420,0x4420,0x47FE,0x4420,0x4420,0x4420,0x7C20,0x4020,0x0020,0x0020,0x0020,0x0000},  /* U+53F6 */
  {0x0000,0x1FF8,0x1008,0x1008,0x1008,0x1FF8,0x0000,0x7FFE,0x0800,0x0800,0x0FF8,0x1008,0x0008,0x0008,0x00F0,0x0000},  /* U+53F7 */
  {0x0000,0x3FFC,0x0004,0x3FE4,0x0004,0x0004,0x1FC4,0x1044,0x1044,0x1044,0x1FC4,0x1004,0x0004,0x003C,0x0000,0x0000},  /* U+53F8 */
  {0x0000,0x0080,0x7880,0x48FE,0x4900,0x4A00,0x4BF4,0x4808,0x4810,0x4820,0x4840,0x7080,0x4102,0x0202,0x01FE,0x0000},  /* U+5403 */
  {0x0000,0x0600,0x07E8,0x0810,0x3420,0x4240,0x0180,0x0240,0x1C38,0x6FF6,0x1008,0x1008,0x1008,0x1008,0x1FF8,0x0000},  /* U+5404 */
  {0x0000,0x0180,0x0240,0x0420,0x0810,0x100C,0x6FF2,0x0000,0x0000,0x1FF8,0x1008,0x1008,0x1008,0x1008,0x1FF8,0x0000},  /* U+5408 */
  {0x0000,0x0100,0x0100,0x7FFE,0x0100,0x0100,0x3FFC,0x0000,0x0000,0x1FF8,0x1008,0x1008,0x1008,0x1008,0x1FF8,0x0000},  /* U+5409 */
  {0x0000,0x1FF8,0x1008,0x1008,0x1FF8,0x0100,0x0100,0x3FFC,0x2104,0x2104,0x2104,0x2104,0x211C,0x0100,0x0000,0x0000},  /* U+540A */
  {0x0000,0x0008,0x7C08,0x4408,0x47FE,0x4408,0x4408,0x4508,0x4488,0x4488,0x7C48,0x4008,0x0008,0x0008,0x0078,0x0000},  /* U+540B */
  {0x0000,0x3FFC,0x2004,0x2FF4,0x2004,0x2004,0x27E4,0x2424,0x2424,0x2424,0x27E4,0x2404,0x2004,0x201C,0x0000,0x0000},  /* U+540C */
  {0x0000,0x0200,0x07F0,0x0820,0x1020,0x6C40,0x0280,0x0100,0x03F8,0x0C04,0x3404,0x4404,0x0404,0x0404,0x07FC,0x0000},  /* U+540D */
  {0x0000,0x00FC,0x1F00,0x2000,0x2000,0x1FFE,0x2000,0x2000,0x27FC,0x2404,0x2404,0x2404,0x2404,0x4404,0x47FC,0x0000},  /* U+540E */
  {0x0000,0x0100,0x7FFE,0x0100,0x0100,0x3FFC,0x2104,0x2104,0x2FFC,0x1100,0x0900,0x0900,0x0600,0x0D80,0x707E,0x0000},  /* U+540F */
  {0x0000,0x0020,0x7820,0x4820,0x4820,0x4820,0x4BFE,0x4820,0x4820,0x4820,0x4820,0x7020,0x4020,0x07FE,0x0000,0x0000},  /* U+5410 */
  {0x0000,0x0100,0x0200,0x1FF8,0x2004,0x2004,0x23C4,0x2424,0x2424,0x2424,0x2424,0x27E4,0x2404,0x2004,0x201C,0x0000},  /* U+5411 */
  {0x0000,0x1FFC,0x0104,0x7FFE,0x0204,0x0204,0x1FF8,0x0800,0x0FF8,0x1804,0x2804,0x4804,0x0804,0x0FFC,0x0000,0x0000},  /* U+541B */
  {0x0000,0x0020,0x7C50,0x4488,0x4504,0x4602,0x44F8,0x4400,0x47F8,0x4404,0x7C04,0x4008,0x0008,0x0008,0x0010,0x0000},  /* U+541F */
  {0x0000,0x0028,0x7C24,0x4422,0x4422,0x4420,0x47FE,0x4420,0x4420,0x4450,0x7C50,0x4090,0x0088,0x0304,0x0402,0x0000},  /* U+5420 */
  {0x0000,0x7FFE,0x0180,0x0360,0x0D18,0x3104,0x4102,0x0100,0x1FF8,0x1008,0x1008,0x1008,0x1FF8,0x1008,0x0000,0x0000},  /* U+5426 */
  {0x0000,0x0180,0x0240,0x0C30,0x37EC,0x4002,0x1FF8,0x0010,0x0010,0x0FF0,0x1008,0x1008,0x1008,0x1008,0x1FF8,0x0000},  /* U+542B */
  {0x0000,0x7BF8,0x4508,0x4490,0x4490,0x459E,0x4582,0x4542,0x4544,0x7A24,0x4228,0x0210,0x0468,0x0986,0x0000,0x0000},  /* U+5438 */
  {0x0000,0x0100,0x7900,0x45DC,0x4522,0x4622,0x4622,0x4424,0x4420,0x4460,0x7850,0x4090,0x0088,0x0304,0x0C02,0x0000},  /* U+5439 */
  {0x0000,0x0100,0x7900,0x49FE,0x4A4A,0x4A4A,0x4C4A,0x4892,0x4892,0x4922,0x7A22,0x4442,0x0044,0x0084,0x003C,0x0000},  /* U+543B */
  {0x0000,0x3FFC,0x0200,0x0200,0x1FF0,0x0410,0x0410,0x7FFE,0x0000,0x0000,0x1FF8,0x1008,0x1008,0x1008,0x1FF8,0x0000},  /* U+543E */
  {0x0000,0x1FF8,0x1008,0x1008,0x1008,0x1FF8,0x0100,0x0100,0x3FFC,0x2004,0x2004,0x2004,0x2004,0x3FFC,0x0000,0x0000},  /* U+5442 */
  {0x0000,0x1FF8,0x1008,0x1008,0x1008,0x1EF8,0x0100,0x0100,0x7F7E,0x0180,0x0340,0x0520,0x1918,0x6106,0x0100,0x0000},  /* U+5446 */
  {0x0000,0x1FF8,0x1008,0x1008,0x1008,0x1008,0x0FF0,0x0000,0x3FFC,0x0100,0x0100,0x3FFC,0x0100,0x0100,0x7FFE,0x0000},  /* U+5448 */
  {0x0000,0x07F8,0x2408,0x2408,0x2408,0x27F8,0x2000,0x3FF0,0x2008,0x0008,0x0008,0x7FF6,0x0260,0x0C18,0x7006,0x0000},  /* U+5449 */
  {0x0000,0x0880,0x0880,0x1FFC,0x2080,0x6080,0x0080,0x7F7E,0x0000,0x1FF8,0x1008,0x1008,0x1008,0x1008,0x1FF8,0x0000},  /* U+544A */
  {0x0000,0x0078,0x3F80,0x0100,0x0200,0x7FFE,0x0420,0x0410,0x0808,0x37FC,0x500A,0x1008,0x1008,0x1008,0x1FF8,0x0000},  /* U+5451 */
  {0x0000,0x1FFC,0x2104,0x2104,0x2FF4,0x2104,0x2FF4,0x2004,0x2004,0x27E4,0x2424,0x2424,0x27E4,0x4404,0x403C,0x0000},  /* U+5468 */
  {0x0000,0x7FFE,0x4602,0x4602,0x4602,0x4602,0x45FC,0x4490,0x4490,0x7890,0x4090,0x0112,0x0212,0x0C1E,0x0000,0x0000},  /* U+546A */
  {0x0000,0x0020,0x7820,0x4BFC,0x4820,0x4820,0x4820,0x4BFE,0x4860,0x4850,0x48B0,0x7128,0x4224,0x0422,0x0020,0x0000},  /* U+5473 */
  {0x0000,0x001C,0x7BE0,0x4824,0x4924,0x4924,0x4928,0x48A8,0x4FFE,0x4820,0x7820,0x4020,0x0020,0x0020,0x01E0,0x0000},  /* U+547C */
  {0x0000,0x0180,0x0240,0x0430,0x1808,0x27E6,0xC001,0x3E7C,0x2284,0x2284,0x2284,0x2284,0x3C9C,0x2080,0x0080,0x0000},  /* U+547D */
  {0x0000,0x0100,0x7100,0x49FC,0x4A80,0x4C80,0x48FC,0x4880,0x4880,0x4880,0x707C,0x4080,0x0080,0x0080,0x0080,0x0000},  /* U+548B */
  {0x0000,0x0380,0x3C3E,0x0442,0x0442,0x3FC2,0x0442,0x0642,0x0D42,0x14C2,0x1442,0x2442,0x447E,0x0442,0x0400,0x0000},  /* U+548C */
  {0x0000,0x0104,0x7C88,0x4488,0x47FE,0x4420,0x4420,0x4420,0x47FE,0x4420,0x7C50,0x4050,0x0088,0x0108,0x0606,0x0000},  /* U+54B2 */
  {0x0000,0x0020,0x7820,0x47FE,0x4440,0x4488,0x4710,0x4510,0x44E2,0x4484,0x7B08,0x4410,0x0068,0x0184,0x0602,0x0000},  /* U+54B3 */
  {0x0000,0x7BFE,0x4622,0x4622,0x4622,0x47FE,0x4622,0x4622,0x4652,0x7A52,0x438E,0x0202,0x03FE,0x0202,0x0000,0x0000},  /* U+54BD */
  {0x0000,0x0100,0x7FFE,0x0000,0x0000,0x1FF8,0x1008,0x1008,0x1FF8,0x0284,0x0498,0x3860,0x4820,0x08D8,0x1F06,0x0000},  /* U+54C0 */
  {0x0000,0x1FE0,0x1020,0x1020,0x1020,0x1020,0x0FC0,0x0000,0x7CFC,0x4484,0x4484,0x4484,0x4484,0x7CFC,0x4484,0x0000},  /* U+54C1 */
  {0x0000,0x0850,0x3F4C,0x0842,0x0840,0x0840,0x77BE,0x0024,0x3F24,0x2128,0x2128,0x2110,0x3F32,0x2052,0x018E,0x0000},  /* U+54C9 */
  {0x0000,0x1FF8,0x1008,0x1008,0x1FF8,0x0000,0x3FFC,0x2004,0x3FFC,0x2004,0x3FFC,0x2004,0x1FFC,0x0818,0x7006,0x0000},  /* U+54E1 */
  {0x0000,0x0028,0x78A4,0x4524,0x4622,0x44FC,0x4502,0x4502,0x45FC,0x4502,0x7902,0x41FE,0x0102,0x0102,0x010E,0x0000},  /* U+54E8 */
  {0x0000,0x7BFE,0x4A22,0x4A22,0x4BFE,0x4A22,0x4A22,0x4BFC,0x4820,0x7820,0x43FE,0x0020,0x0020,0x07FE,0x0000,0x0000},  /* U+54E9 */
  {0x0000,0x087C,0x7E80,0x0880,0x08FE,0x3E88,0x4908,0x0908,0x3A08,0x0FF0,0x1008,0x1008,0x1008,0x1008,0x1FF8,0x0000},  /* U+54F2 */
  {0x0000,0x7DFE,0x4502,0x45FE,0x4502,0x4502,0x4502,0x45FE,0x4502,0x7D02,0x40FC,0x0088,0x0104,0x0602,0x0000,0x0000},  /* U+5504 */
  {0x0000,0x0040,0x7888,0x4904,0x47FA,0x4890,0x4912,0x4E5E,0x4880,0x48FC,0x7308,0x4490,0x0060,0x00D0,0x0F0E,0x0000},  /* U+5506 */
  {0x0000,0x3FFC,0x2FF8,0x2000,0x3FFE,0x248C,0x2470,0x4F90,0x500E,0x1FF8,0x1008,0x1008,0x1008,0x1FF8,0x0000,0x0000},  /* U+5507 */
  {0x0000,0x0080,0x3FFE,0x2080,0x2FFC,0x2084,0x3FFE,0x2084,0x2084,0x2F78,0x2000,0x4FFC,0x4804,0x4804,0x4FFC,0x0000},  /* U+5510 */
  {0x0000,0x7FFE,0x4890,0x4890,0x4BFE,0x4A92,0x4A92,0x4A92,0x4A92,0x7BFE,0x4090,0x0090,0x0090,0x0FFE,0x0000,0x0000},  /* U+5516 */
  {0x0000,0x0088,0x7910,0x4910,0x49FE,0x4A10,0x4D10,0x49FE,0x4910,0x4910,0x79FE,0x4110,0x0110,0x01FE,0x0100,0x0000},  /* U+552F */
  {0x0000,0x01FC,0x7904,0x4904,0x49FC,0x4904,0x49FC,0x4800,0x4BFE,0x4A02,0x7A02,0x43FE,0x0202,0x0202,0x03FE,0x0000},  /* U+5531 */
  {0x0000,0x01FC,0x7A20,0x4820,0x4EF6,0x4928,0x4928,0x4FFE,0x4928,0x4928,0x7928,0x46F6,0x0020,0x0020,0x03FC,0x0000},  /* U+553E */
  {0x0000,0x7FFE,0x4860,0x49A2,0x4A54,0x4C58,0x48B0,0x4B28,0x4428,0x7854,0x4194,0x0212,0x0C20,0x01E0,0x0000,0x0000},  /* U+5544 */
  {0x0000,0x0100,0x73EE,0x0C10,0x0420,0x3FFC,0x2244,0x244C,0x387C,0x23C4,0x2424,0x2424,0x2424,0x27C4,0x201C,0x0000},  /* U+5546 */
  {0x0000,0x3E7C,0x2244,0x2244,0x3E7C,0x2244,0x3E7C,0x2004,0x23C4,0x2424,0x2424,0x2424,0x27E4,0x2404,0x201C,0x0000},  /* U+554F */
  {0x0000,0xFE40,0x00F4,0x7E88,0x4388,0x4250,0x7E20,0x8050,0x818C,0xBFF2,0x2010,0x2010,0x2010,0x2010,0x3FF0,0x0000},  /* U+5553 */
  {0x0000,0x0810,0x3EFC,0x0100,0x1FF8,0x0100,0x6FF6,0x1108,0x0910,0x7FFE,0x0000,0x1FF8,0x1008,0x1008,0x1FF8,0x0000},  /* U+5584 */
  {0x0000,0x017C,0x7904,0x4904,0x4AFE,0x4A40,0x4E40,0x4ABE,0x4A90,0x4B10,0x7BFE,0x4230,0x0228,0x0244,0x0382,0x0000},  /* U+5589 */
  {0x0000,0x0148,0x7948,0x4FFE,0x4948,0x4978,0x4900,0x49DE,0x4820,0x4820,0x7FFE,0x40B0,0x4128,0x0224,0x0422,0x0000},  /* U+558B */
  {0x0000,0x0080,0x7970,0x4920,0x4BFC,0x46A4,0x4AA4,0x4ABC,0x4B04,0x7A44,0x47DE,0x4060,0x0090,0x0108,0x0E06,0x0000},  /* U+559A */
  {0x0000,0x0100,0x7FFE,0x0100,0x1FFC,0x0FF0,0x1008,0x1008,0x0FF0,0x7FFE,0x0000,0x1FF8,0x1008,0x1008,0x1FF8,0x0000},  /* U+559C */
  {0x0000,0x7BFE,0x4602,0x47FE,0x4602,0x45FC,0x4480,0x45FE,0x4602,0x7E72,0x4982,0x020A,0x01F2,0x001C,0x0000,0x0000},  /* U+559D */
  {0x0000,0x0020,0x79FC,0x4A02,0x4BFA,0x4800,0x4800,0x49FC,0x4904,0x49FC,0x7904,0x4104,0x00F8,0x0000,0x07FE,0x0000},  /* U+55A7 */
  {0x0000,0x0100,0x7FFE,0x0100,0x3F7C,0x2344,0x2344,0x1D38,0x77FA,0x0904,0x0888,0x0890,0x0860,0x0B90,0x340E,0x0000},  /* U+55AA */
  {0x0000,0x0100,0x7FFE,0x4912,0x4BD2,0x4912,0x4912,0x4FE2,0x484C,0x4840,0x7FFE,0x4060,0x0090,0x0118,0x0E06,0x0000},  /* U+55AB */
  {0x0000,0x3DF8,0x0200,0x7FFE,0x0420,0x0FF8,0x3816,0x47F0,0x0000,0x3FFC,0x23C4,0x2424,0x2424,0x27E4,0x201C,0x0000},  /* U+55AC */
  {0x0000,0x0020,0x7850,0x44F8,0x4704,0x44FA,0x4504,0x45FC,0x4504,0x7904,0x41FA,0x012C,0x0110,0x0128,0x07C6,0x0000},  /* U+55B0 */
  {0x0000,0x2210,0x1210,0x7FFC,0x4004,0x5FE4,0x1010,0x1010,0x1FE0,0x0200,0x3FF0,0x2008,0x2008,0x2008,0x3FF8,0x0000},  /* U+55B6 */
  {0x0000,0x3EFE,0x4202,0x4202,0x7EFA,0x0002,0x2A7A,0x554A,0x554A,0x554A,0x7F4A,0x5572,0x5542,0x5502,0x570E,0x0000},  /* U+55E3 */
  {0x0000,0x0088,0x7FFE,0x4888,0x49DC,0x4A22,0x4A22,0x4BFE,0x4820,0x4BFE,0x7820,0x47FE,0x0060,0x0198,0x0606,0x0000},  /* U+5606 */
  {0x0000,0x0100,0x7FFE,0x0100,0x3EFC,0x1FF8,0x1008,0x1BD8,0x0420,0x77FE,0x0800,0x6E7C,0x1144,0x1144,0x6E7C,0x0000},  /* U+5609 */
  {0x0000,0x3210,0x3FF8,0x4004,0x5FE4,0x1010,0x5FE0,0x3FF0,0x4004,0x3FF8,0x1FE0,0x2010,0x3FF0,0x2010,0x3FF0,0x0000},  /* U+5617 */
  {0x0000,0x0020,0x783E,0x49BC,0x4A42,0x4A4A,0x4BF0,0x4A42,0x4A3C,0x4A50,0x7D52,0x4554,0x04D4,0x0450,0x0BAE,0x0000},  /* U+5618 */
  {0x0000,0x0088,0x7FFE,0x4888,0x4ADA,0x4924,0x4924,0x47FE,0x4924,0x4924,0x7AFA,0x4020,0x07FE,0x0020,0x0020,0x0000},  /* U+5629 */
  {0x0000,0x7BFE,0x4A02,0x4BFC,0x4BF8,0x4A20,0x4BFC,0x4D24,0x7DFC,0x44FC,0x4522,0x053A,0x09C6,0x1106,0x0000,0x0000},  /* U+5631 */
  {0x0000,0x00F8,0x7904,0x4BFC,0x4CA2,0x4BFC,0x4AA4,0x4B1C,0x4BFC,0x7BEC,0x4010,0x07FE,0x0110,0x0090,0x0070,0x0000},  /* U+5642 */
  {0x0000,0x0078,0x7908,0x4904,0x4BFE,0x4E2A,0x4AAA,0x4A22,0x49DC,0x79FC,0x4104,0x01FC,0x0104,0x0104,0x01FC,0x0000},  /* U+564C */
  {0x0000,0x0020,0x793C,0x4920,0x4920,0x4EDE,0x4B22,0x4AAA,0x4AB2,0x4BFA,0x7A52,0x42AA,0x0324,0x0202,0x03FE,0x0000},  /* U+565B */
  {0x0000,0x3E7C,0x2244,0x2244,0x2244,0x3F7C,0x0100,0x7FFE,0x0420,0x1810,0x7E7E,0x2244,0x2244,0x2244,0x3E7C,0x0000},  /* U+5668 */
  {0x0000,0x0020,0x7BFE,0x4928,0x47FE,0x4908,0x4BFC,0x4A04,0x4BFC,0x4A04,0x7BFC,0x4204,0x03FC,0x0108,0x0E06,0x0000},  /* U+5674 */
  {0x0000,0x0100,0x71FE,0x4F08,0x493E,0x4D62,0x4D7E,0x4D62,0x4D62,0x4FBE,0x4D62,0x712A,0x4154,0x01E2,0x0042,0x0000},  /* U+5678 */
  {0x0000,0x0106,0x7F78,0x48A0,0x4AA0,0x4AA0,0x4EDE,0x4924,0x4924,0x4FE4,0x7924,0x43A4,0x0544,0x0944,0x0144,0x0000},  /* U+567A */
  {0x0000,0x0108,0x7108,0x4FBE,0x4908,0x4908,0x4FFE,0x4B14,0x4BB6,0x4B56,0x7B56,0x4D56,0x0524,0x0524,0x1B5C,0x0000},  /* U+5687 */
  {0x0000,0x7FFE,0x0100,0x1FF8,0x1FF8,0x339C,0x4C62,0x543A,0x3FFC,0x3FFC,0x0420,0x7BDE,0x1C58,0x6830,0x1F8E,0x0000},  /* U+56A2 */
  {0x0000,0x7FFE,0x4102,0x4102,0x4182,0x4182,0x4182,0x4242,0x4242,0x4422,0x4812,0x500A,0x4002,0x7FFE,0x0000,0x0000},  /* U+56DA */
  {0x0000,0x3FFC,0x2244,0x2244,0x2444,0x2444,0x2444,0x284C,0x3034,0x2004,0x2004,0x2004,0x3FFC,0x2004,0x0000,0x0000},  /* U+56DB */
  {0x0000,0x7FFE,0x4002,0x4002,0x4002,0x47E2,0x4422,0x4422,0x4422,0x4422,0x47E2,0x4002,0x4002,0x4002,0x7FFE,0x0000},  /* U+56DE */
  {0x0000,0x7FFE,0x4102,0x4102,0x4102,0x5FFA,0x4182,0x4182,0x4242,0x4222,0x4C12,0x500A,0x4002,0x7FFE,0x0000,0x0000},  /* U+56E0 */
  {0x0000,0x7FFE,0x4022,0x4022,0x5FFA,0x4022,0x4422,0x4222,0x4222,0x4022,0x4022,0x40E2,0x4002,0x7FFE,0x0000,0x0000},  /* U+56E3 */
  {0x0000,0x7FFC,0x4204,0x4204,0x7FF4,0x4304,0x4684,0x4684,0x4A44,0x5224,0x6214,0x4204,0x4004,0x7FFC,0x0000,0x0000},  /* U+56F0 */
  {0x0000,0x7FFC,0x4444,0x4444,0x7FF4,0x4444,0x4444,0x77F4,0x4844,0x4844,0x4844,0x7044,0x4004,0x7FFC,0x0000,0x0000},  /* U+56F2 */
  {0x0000,0x3FFC,0x3114,0x2914,0x2494,0x2424,0x3C44,0x2284,0x2184,0x2264,0x2414,0x380C,0x3FFC,0x2004,0x0000,0x0000},  /* U+56F3 */
  {0x0000,0x3FFC,0x2084,0x2084,0x3FFC,0x2084,0x2084,0x2774,0x2414,0x2414,0x27F4,0x2004,0x2004,0x3FFC,0x0000,0x0000},  /* U+56FA */
  {0x0000,0x7FFC,0x4004,0x5FE4,0x4204,0x4204,0x5FE4,0x4204,0x4244,0x4224,0x7FF4,0x4004,0x4004,0x7FFC,0x0000,0x0000},  /* U+56FD */
  {0x0000,0x7FFE,0x4002,0x4122,0x5FFA,0x4102,0x4FF2,0x4912,0x4FF2,0x4912,0x4FF2,0x4912,0x4932,0x4002,0x7FFE,0x0000},  /* U+5703 */
  {0x0000,0x7FFE,0x4002,0x4D22,0x4522,0x4AD2,0x5BDA,0x4422,0x4FE2,0x505A,0x47C2,0x4412,0x47F2,0x4002,0x7FFE,0x0000},  /* U+570F */
  {0x0000,0x7FFE,0x4102,0x4FF2,0x4102,0x5FFA,0x4002,0x4FF2,0x4812,0x4FFA,0x43D2,0x4D22,0x511A,0x4002,0x7FFE,0x0000},  /* U+5712 */
  {0x0000,0x0100,0x0100,0x0100,0x0100,0x0100,0x3FFC,0x0100,0x0100,0x0100,0x0100,0x0100,0x0100,0x7FFE,0x0000,0x0000},  /* U+571F */
  {0x0000,0x3FFE,0x2000,0x2080,0x2080,0x2080,0x2FFC,0x2080,0x2080,0x2080,0x2080,0x2080,0x4080,0x5F7E,0x0000,0x0000},  /* U+5727 */
  {0x0000,0x0200,0x0200,0x7FFE,0x0400,0x0820,0x0820,0x1020,0x33FC,0x5020,0x1020,0x1020,0x1020,0x1020,0x17FE,0x0000},  /* U+5728 */
  {0x0000,0x0100,0x0100,0x1FF8,0x0100,0x0100,0x7FFE,0x0000,0x0100,0x0100,0x3FFC,0x0100,0x0100,0x0100,0x7FFE,0x0000},  /* U+572D */
  {0x0000,0x1020,0x1120,0x1122,0x7D2E,0x1172,0x11A2,0x1722,0x1122,0x1122,0x1D3C,0x6120,0x0102,0x0102,0x00FC,0x0000},  /* U+5730 */
  {0x0000,0x11FE,0x1200,0x1200,0x7E00,0x137C,0x1282,0x1284,0x1284,0x1648,0x1A48,0x6230,0x0430,0x04C8,0x0B06,0x0000},  /* U+5742 */
  {0x0000,0x1080,0x1080,0x11FE,0x7D02,0x1202,0x15F2,0x1002,0x1002,0x1002,0x1C3A,0x61C2,0x0202,0x0004,0x003C,0x0000},  /* U+5747 */
  {0x0000,0x1020,0x1020,0x177E,0x1080,0x7C80,0x1080,0x107C,0x1084,0x1084,0x1484,0x3884,0x4104,0x0204,0x047C,0x0000},  /* U+574A */
  {0x0000,0x0100,0x0908,0x0910,0x1110,0x1928,0x2524,0x43C2,0x4102,0x3FFC,0x0100,0x0100,0x0100,0x7FFE,0x0000,0x0000},  /* U+5750 */
  {0x0000,0x1020,0x1020,0x17FE,0x7C00,0x1000,0x11F8,0x1108,0x1108,0x1108,0x1D08,0x6108,0x020A,0x020A,0x0C0E,0x0000},  /* U+5751 */
  {0x0000,0x1020,0x1020,0x13FE,0x7E22,0x1222,0x13FE,0x1222,0x1222,0x1222,0x1FFE,0x6020,0x0020,0x0020,0x0020,0x0000},  /* U+5764 */
  {0x0000,0x11FC,0x1104,0x1104,0x7D04,0x1104,0x11FC,0x1104,0x1104,0x1104,0x1D04,0x60F8,0x0000,0x0000,0x07FE,0x0000},  /* U+5766 */
  {0x0000,0x13DE,0x1020,0x1224,0x7924,0x1124,0x1128,0x1128,0x17FE,0x1020,0x1820,0x6020,0x0020,0x0020,0x0020,0x0000},  /* U+576A */
  {0x0000,0x00FC,0x3F00,0x0100,0x3FFC,0x0910,0x0910,0x7FFE,0x0910,0x0910,0x0910,0x37EC,0x0100,0x0100,0x7FFE,0x0000},  /* U+5782 */
  {0x0000,0x3F84,0x1224,0x1224,0x7FA4,0x1224,0x1224,0x2204,0x621C,0x0080,0x0080,0x3FFC,0x0080,0x0080,0x7FFE,0x0000},  /* U+578B */
  {0x0000,0x103C,0x13C0,0x1200,0x7E00,0x13FE,0x1200,0x1200,0x12FC,0x1E82,0x3282,0x4282,0x0482,0x0482,0x08FE,0x0000},  /* U+57A2 */
  {0x0000,0x13FE,0x1000,0x1000,0x7DFC,0x1104,0x1104,0x11FC,0x1104,0x1104,0x1D04,0x61FC,0x0000,0x07FE,0x0000,0x0000},  /* U+57A3 */
  {0x0000,0x11DC,0x1222,0x1222,0x7E22,0x13FE,0x1222,0x1222,0x11FC,0x1020,0x1C20,0x63FE,0x0020,0x0020,0x07FE,0x0000},  /* U+57CB */
  {0x0000,0x1018,0x1016,0x13FE,0x7A10,0x1210,0x13D2,0x1254,0x1254,0x1254,0x1248,0x3A50,0x459A,0x042A,0x08C6,0x0000},  /* U+57CE */
  {0x0000,0x0810,0x0810,0x7EFE,0x1830,0x1C58,0x2B54,0xC992,0x0810,0x0100,0x0100,0x3FFC,0x0100,0x0100,0x7FFE,0x0000},  /* U+57DC */
  {0x0000,0x201C,0x2012,0x27FE,0x7810,0x2390,0x2452,0x2454,0x2454,0x27D8,0x2818,0x30F0,0x472A,0x004A,0x0086,0x0000},  /* U+57DF */
  {0x0000,0x1040,0x11FC,0x1204,0x7E04,0x13F8,0x11FC,0x1204,0x1204,0x11FC,0x1C20,0x67FE,0x0020,0x0020,0x0020,0x0000},  /* U+57E0 */
  {0x0000,0x1020,0x13FE,0x1020,0x7878,0x1284,0x1284,0x12FC,0x1284,0x12FC,0x1A84,0x62FC,0x0200,0x03FE,0x0200,0x0000},  /* U+57F4 */
  {0x0000,0x0820,0x7E20,0x0820,0x08FC,0x7F24,0x2224,0x25A4,0x7F44,0x0824,0x0854,0x7E54,0x0886,0x0906,0x0A02,0x0000},  /* U+57F7 */
  {0x0000,0x1020,0x12FA,0x1104,0x7D04,0x1088,0x1088,0x1776,0x1000,0x11FC,0x1D04,0x6104,0x0104,0x0104,0x01FC,0x0000},  /* U+57F9 */
  {0x0000,0x0810,0x3FFC,0x0810,0x0FF0,0x0810,0x0FF0,0x0810,0x7FFE,0x0810,0x1108,0x2FF4,0x4102,0x0100,0x3FFC,0x0000},  /* U+57FA */
  {0x0000,0x1020,0x13FE,0x1020,0x7C58,0x1184,0x1202,0x17FE,0x1004,0x11E4,0x1D24,0x6124,0x01E4,0x0104,0x001C,0x0000},  /* U+57FC */
  {0x0000,0x13FE,0x1202,0x1202,0x7BDE,0x1220,0x1322,0x1322,0x1322,0x12FC,0x1C20,0x6522,0x0522,0x0922,0x09DE,0x0000},  /* U+5800 */
  {0x0000,0x1108,0x0910,0x7FFE,0x4002,0x4FF2,0x500A,0x1008,0x1FF8,0x0100,0x0100,0x3FFC,0x0100,0x0100,0x7FFE,0x0000},  /* U+5802 */
  {0x0000,0x3FFE,0x4842,0x7E44,0x4124,0x4128,0x3F10,0x4828,0x7FC4,0x0002,0x0100,0x3FFC,0x0100,0x0100,0x7FFE,0x0000},  /* U+5805 */
  {0x0000,0x1088,0x1090,0x1110,0x7DFE,0x1310,0x1510,0x11FE,0x1110,0x1110,0x1DFE,0x6110,0x0110,0x01FE,0x0100,0x0000},  /* U+5806 */
  {0x0000,0x3C40,0x4BFE,0x4880,0x50FC,0x4904,0x46FC,0x44FC,0x5884,0x4084,0x4018,0x3FFC,0x0100,0x0100,0x7FFE,0x0000},  /* U+5815 */
  {0x0000,0x11FC,0x1204,0x11FC,0x7E04,0x13FC,0x1000,0x17DE,0x1020,0x1120,0x153C,0x3A20,0x4320,0x04A0,0x0C7E,0x0000},  /* U+5824 */
  {0x0000,0x1108,0x17FE,0x1108,0x79F8,0x1108,0x11F8,0x1108,0x15AE,0x1250,0x1A90,0x629E,0x0300,0x0200,0x03FE,0x0000},  /* U+582A */
  {0x0000,0x13FE,0x1200,0x12FC,0x7A84,0x12FC,0x12DC,0x1220,0x13FE,0x1244,0x1AC8,0x6238,0x02E4,0x03FE,0x0200,0x0000},  /* U+5830 */
  {0x0000,0x087C,0x7E82,0x0882,0x0882,0x7F9C,0x2280,0x24FE,0x7FA2,0x08A4,0x0894,0x7E98,0x0888,0x0894,0x08E2,0x0000},  /* U+5831 */
  {0x0000,0x11FC,0x1104,0x11FC,0x7D04,0x11FC,0x1000,0x17FE,0x1100,0x1DFE,0x3252,0x4C92,0x0122,0x0222,0x045C,0x0000},  /* U+5834 */
  {0x0000,0x1042,0x1044,0x13FC,0x1048,0x7C50,0x13AE,0x1050,0x11F8,0x1704,0x1504,0x38FC,0x4104,0x0104,0x01FC,0x0000},  /* U+5835 */
  {0x0000,0x13FC,0x1222,0x1222,0x7BFC,0x1222,0x1222,0x13FC,0x1090,0x1D0C,0x2E8A,0x4088,0x0108,0x0108,0x0608,0x0000},  /* U+583A */
  {0x0000,0x13FE,0x1202,0x1202,0x7BFE,0x1284,0x1248,0x13FE,0x1248,0x1248,0x1DFE,0x6448,0x0488,0x0488,0x0908,0x0000},  /* U+5840 */
  {0x0000,0x1FF8,0x1104,0x1FFC,0x1104,0x1104,0x2EFC,0x1C38,0x0040,0x1E78,0x6106,0x1FF8,0x0100,0x0100,0x7FFE,0x0000},  /* U+5841 */
  {0x0000,0x1020,0x13FC,0x1222,0x7E22,0x13FC,0x1222,0x1222,0x13FC,0x14A8,0x18AC,0x6136,0x012A,0x0222,0x0C3E,0x0000},  /* U+584A */
  {0x0000,0x227C,0x1442,0x7F42,0x497E,0x4942,0x7F7C,0x4942,0x0882,0x110E,0x6100,0x3FFC,0x0100,0x0100,0x7FFE,0x0000},  /* U+5851 */
  {0x0000,0x2210,0x2FFC,0x2210,0xFAD0,0x20A0,0x2110,0x2608,0x29F6,0x2000,0x3BF8,0xC408,0x0408,0x0408,0x03F8,0x0000},  /* U+5854 */
  {0x0000,0x30E0,0x0910,0x460C,0x29F2,0x0040,0x07FC,0x1258,0x2444,0x29C2,0x4000,0x3FFC,0x0100,0x0100,0x7FFE,0x0000},  /* U+5857 */
  {0x0000,0x1020,0x13FE,0x1220,0x7BF8,0x1224,0x13FE,0x1224,0x1224,0x15FC,0x1C00,0x65FE,0x0502,0x0502,0x09FE,0x0000},  /* U+5858 */
  {0x0000,0x1020,0x17FE,0x1000,0x79F8,0x1104,0x11FC,0x1000,0x13FE,0x1202,0x1AFA,0x628A,0x02FA,0x0282,0x020E,0x0000},  /* U+5859 */
  {0x0000,0x13FC,0x1402,0x1402,0x7BFC,0x1050,0x1192,0x165C,0x10A8,0x1128,0x1E54,0x6094,0x0112,0x0E10,0x00E0,0x0000},  /* U+585A */
  {0x0000,0x0100,0x7FFE,0x4002,0x4422,0x1FF8,0x1FF8,0x0420,0x0420,0x7FFE,0x0910,0x3FFC,0x4102,0x0100,0x3FFE,0x0000},  /* U+585E */
  {0x0000,0x1100,0x11FE,0x1200,0x7AF8,0x1504,0x1104,0x1104,0x10F8,0x1000,0x1FFE,0x6292,0x0292,0x0292,0x0FFE,0x0000},  /* U+5869 */
  {0x0000,0x1020,0x17FE,0x1020,0x7DFC,0x1104,0x11FC,0x1104,0x11FC,0x1104,0x1CF8,0x676E,0x0090,0x010C,0x0602,0x0000},  /* U+586B */
  {0x0000,0x0080,0x3FFE,0x2220,0x3FFC,0x2222,0x3FFC,0x2844,0x2778,0x2842,0x3FBE,0x4080,0x4FFC,0x4080,0x7FFE,0x0000},  /* U+5875 */
  {0x0000,0x0820,0x7F20,0x3EF8,0x2224,0x1CE4,0x3E24,0x0454,0x7F46,0x0886,0x3902,0x3FFC,0x0100,0x0100,0x7FFE,0x0000},  /* U+587E */
  {0x0000,0x1020,0x13FE,0x1088,0x7888,0x17FE,0x11F8,0x1204,0x13FC,0x1604,0x1A04,0x61F8,0x0090,0x0112,0x0E1E,0x0000},  /* U+5883 */
  {0x0000,0x0420,0x7FFE,0x0420,0x1BD8,0x1FF8,0x1008,0x1DF8,0x0200,0x7FFE,0x0910,0x1FFC,0x6102,0x0100,0x3FFE,0x0000},  /* U+5893 */
  {0x0000,0x110C,0x1088,0x1376,0x7E22,0x13FE,0x1222,0x13FE,0x1000,0x11FC,0x1D04,0x61FC,0x0104,0x0104,0x01FC,0x0000},  /* U+5897 */
  {0x0000,0x3988,0x4F9E,0x4860,0x51D4,0x4A58,0x45A8,0x4668,0x5DA4,0x46E2,0x4100,0x1FFC,0x0100,0x0100,0x7FFE,0x0000},  /* U+589C */
  {0x0000,0x1FF8,0x2104,0x1FF8,0x2104,0x1FF8,0x3FFC,0x0100,0x7FFE,0x144C,0x2222,0x4100,0x3FFC,0x0100,0x7FFE,0x0000},  /* U+58A8 */
  {0x0000,0x1020,0x13FE,0x10A8,0x7BFE,0x1088,0x11F8,0x1204,0x11FC,0x1604,0x19FC,0x6204,0x01FC,0x0188,0x0606,0x0000},  /* U+58B3 */
  {0x0000,0x0E7C,0x7982,0x267C,0x1C82,0x6E7C,0x3292,0x4D9C,0x32B8,0x4EC6,0x0100,0x3FFC,0x0100,0x0100,0x7FFE,0x0000},  /* U+58BE */
  {0x0000,0x3E10,0x42EE,0x4244,0x3EEE,0x4010,0x3E10,0x62FE,0x6210,0x5C10,0x0100,0x3FFC,0x0100,0x0100,0x7FFE,0x0000},  /* U+58C1 */
  {0x0000,0x1020,0x17FE,0x11F8,0x7A04,0x12F4,0x12F4,0x1204,0x11F8,0x11FC,0x1A04,0x63FC,0x03FC,0x0000,0x07FE,0x0000},  /* U+58C7 */
  {0x0000,0x1020,0x17FE,0x1020,0x7BFE,0x1292,0x1292,0x13FE,0x1020,0x17FE,0x18A2,0x632C,0x0D10,0x0138,0x03C6,0x0000},  /* U+58CA */
  {0x0000,0x1020,0x17FE,0x1098,0x7B04,0x1492,0x13FE,0x1090,0x13FC,0x179C,0x1862,0x6194,0x0718,0x0138,0x03C6,0x0000},  /* U+58CC */
  {0x0000,0x1020,0x17DE,0x11FC,0x7A04,0x11FC,0x13FC,0x1402,0x15FE,0x11A2,0x1E5C,0x61B0,0x0668,0x03A6,0x04E0,0x0000},  /* U+58D5 */
  {0x0000,0x0100,0x0100,0x0100,0x0100,0x0100,0x7FFE,0x0100,0x0100,0x0100,0x0100,0x0100,0x0100,0x3FFC,0x0000,0x0000},  /* U+58EB */
  {0x0000,0x0038,0x0FC0,0x3100,0x0100,0x0100,0x0100,0x7FFE,0x0100,0x0100,0x0100,0x0100,0x0100,0x0100,0x3FFC,0x0000},  /* U+58EC */
  {0x0000,0x0820,0x0820,0x4820,0x2820,0x2820,0x0FFE,0x0820,0x0820,0x0820,0x3820,0x4820,0x0820,0x0820,0x0BFE,0x0000},  /* U+58EE */
  {0x0000,0x0100,0x7FFE,0x0100,0x0100,0x3EFC,0x0000,0x3FFC,0x2104,0x2104,0x3FFC,0x2004,0x2000,0x4000,0x4000,0x0000},  /* U+58F0 */
  {0x0000,0x0100,0x7FFE,0x0100,0x0100,0x3FFC,0x0000,0x7FFE,0x4802,0x4832,0x09C0,0x0E00,0x0804,0x0804,0x0FF8,0x0000},  /* U+58F1 */
  {0x0000,0x0100,0x7FFE,0x0100,0x0100,0x1FF8,0x0000,0x3FFC,0x2004,0x2444,0x0440,0x0440,0x0842,0x1842,0x603C,0x0000},  /* U+58F2 */
  {0x0000,0x0100,0x7FFE,0x0100,0x3FFC,0x0000,0x7FFE,0x4242,0x5FFA,0x2244,0x2244,0x3FFC,0x0240,0x0240,0x7FFE,0x0000},  /* U+58F7 */
  {0x0000,0x0100,0x7DDE,0x0220,0x1228,0x1224,0x6422,0x08C2,0x1200,0x07F0,0x1C10,0x6260,0x0180,0x0660,0x781E,0x0000},  /* U+5909 */
  {0x0000,0x7FFE,0x1FF8,0x1008,0x1FF8,0x1FF8,0x1008,0x1FF8,0x0400,0x0FF8,0x3430,0x4340,0x03C0,0x7C3E,0x0000,0x0000},  /* U+590F */
  {0x0000,0x0100,0x0200,0x03FC,0x0404,0x0804,0x1408,0x2208,0x0110,0x00E0,0x0040,0x0080,0x0100,0x0600,0x3800,0x0000},  /* U+5915 */
  {0x0000,0x1020,0x1020,0x1E20,0x2320,0x42A0,0x42A0,0xB260,0x0C20,0x0438,0x0826,0x0820,0x1020,0x2020,0xC020,0x0000},  /* U+5916 */
  {0x0000,0x3FF8,0x2008,0x2FF4,0x2104,0x2204,0x23E4,0x2424,0x2A24,0x3144,0x2084,0x2106,0x4206,0x4C06,0x0000,0x0000},  /* U+5919 */
  {0x0000,0x0100,0x07F0,0x0810,0x7620,0x01C0,0x0120,0x06FC,0x3902,0x4704,0x1888,0x0050,0x0060,0x0180,0x3E00,0x0000},  /* U+591A */
  {0x0000,0x0100,0x7BBE,0x0440,0x0840,0x08FC,0x1104,0x3144,0x5338,0x5488,0x1050,0x1020,0x1070,0x1188,0x1606,0x0000},  /* U+591C */
  {0x0000,0x0420,0x7FFE,0x0420,0x3BDC,0x2244,0x3FFC,0x0000,0x7FFE,0x4202,0x4DF2,0x3620,0x0140,0x0380,0x3C00,0x0000},  /* U+5922 */
  {0x0000,0x0080,0x0080,0x0100,0x0100,0x7F7E,0x0180,0x0180,0x0240,0x0240,0x0220,0x0420,0x0810,0x1008,0x6006,0x0000},  /* U+5927 */
  {0x0000,0x7FFE,0x0100,0x0100,0x0100,0x0100,0x3FFE,0x0180,0x0180,0x0240,0x0240,0x0420,0x1818,0x6006,0x0000,0x0000},  /* U+5929 */
  {0x0000,0x0080,0x0100,0x0100,0x0100,0x7FFE,0x0180,0x0180,0x0240,0x0240,0x0220,0x0710,0x0890,0x1048,0x6046,0x0000},  /* U+592A */
  {0x0000,0x0100,0x0100,0x3FFC,0x0100,0x0100,0x0100,0x0100,0x7FFE,0x0180,0x0280,0x0240,0x0420,0x1818,0x6006,0x0000},  /* U+592B */
  {0x0000,0x0100,0x0100,0x1FF8,0x1104,0x1104,0x1104,0x1104,0x7FFE,0x0180,0x0240,0x0240,0x0420,0x1818,0x6006,0x0000},  /* U+592E */
  {0x0000,0x0900,0x0900,0x1100,0x1FFC,0x2100,0x4100,0x0100,0x7FFE,0x0180,0x0240,0x0240,0x0420,0x1818,0x6006,0x0000},  /* U+5931 */
  {0x0000,0x0100,0x7FFE,0x0100,0x3FF8,0x0104,0x0104,0x3FFC,0x2100,0x3FFE,0x4182,0x0182,0x025C,0x0C30,0x700E,0x0000},  /* U+5937 */
  {0x0000,0x0100,0x0200,0x7FFE,0x0420,0x0910,0x1FF8,0x310E,0x5108,0x1FF8,0x1108,0x1FF8,0x1102,0x0102,0x00FC,0x0000},  /* U+5944 */
  {0x0000,0x0080,0x3FFC,0x0100,0x02C0,0x0C38,0x7004,0x7FFE,0x0008,0x1F88,0x2088,0x2088,0x3F88,0x2008,0x0078,0x0000},  /* U+5947 */
  {0x0000,0x0100,0x0200,0x7FFE,0x0420,0x0810,0x17F8,0x6006,0x0000,0x3FFC,0x0100,0x0910,0x1108,0x2104,0x4702,0x0000},  /* U+5948 */
  {0x0000,0x0100,0x3FFC,0x0100,0x1FB8,0x0240,0x77FE,0x0820,0x0910,0x1FFC,0x6102,0x0100,0x3FFC,0x0100,0x0100,0x0000},  /* U+5949 */
  {0x0000,0x0100,0x3FFC,0x0100,0x1FF8,0x0240,0x7FEE,0x0410,0x0EF8,0x3104,0x4102,0x1FF8,0x0240,0x0420,0x381C,0x0000},  /* U+594F */
  {0x0000,0x08DC,0x7F22,0x0822,0x7E22,0x0822,0x0842,0x3F9C,0x4000,0x0100,0x7FFE,0x0180,0x0240,0x0C30,0x700E,0x0000},  /* U+5951 */
  {0x0000,0x0100,0x0200,0x7FFE,0x0420,0x1918,0x2FF4,0x4102,0x0910,0x0810,0x7FFE,0x0810,0x0810,0x1010,0x6010,0x0000},  /* U+5954 */
  {0x0000,0x0100,0x7BDE,0x0420,0x0810,0x1FF8,0x6806,0x0FF0,0x0800,0x0FF0,0x0800,0x77FE,0x0420,0x0818,0x3FF4,0x0000},  /* U+5957 */
  {0x0000,0x0100,0x1FF8,0x1108,0x1528,0x1348,0x1DB8,0x1348,0x1D38,0x1108,0x7FFE,0x0180,0x0240,0x0C30,0x700E,0x0000},  /* U+5965 */
  {0x0000,0x0FFC,0x4844,0x2A48,0x2950,0x0AFE,0x1908,0x6888,0x0848,0x08B0,0x0100,0x7FFE,0x0240,0x0C20,0x701E,0x0000},  /* U+5968 */
  {0x0000,0x0200,0x7FFE,0x0C90,0x388C,0x57F2,0x2FF8,0x4880,0x0FF8,0x0880,0x077C,0x7FFE,0x0820,0x0420,0x02E0,0x0000},  /* U+596A */
  {0x0000,0x0200,0x7FFE,0x0C90,0x3FFC,0x5102,0x2FF0,0x1100,0x1FF0,0x0FFC,0x1EF8,0x2104,0x3FFC,0x2104,0x3FFC,0x0000},  /* U+596E */
  {0x0000,0x0100,0x0200,0x0200,0x7FF6,0x0408,0x0410,0x0810,0x0810,0x1820,0x1620,0x01C0,0x01A0,0x0618,0x7806,0x0000},  /* U+5973 */
  {0x0000,0x2000,0x21FC,0x2104,0xFD04,0x4504,0x4488,0x4488,0x8490,0xC850,0xA860,0x1820,0x1450,0x2288,0xC306,0x0000},  /* U+5974 */
  {0x0000,0x11FC,0x1002,0x1004,0x7E18,0x2220,0x2420,0x25FE,0x4420,0x6420,0x5820,0x0820,0x1620,0x2020,0x40E0,0x0000},  /* U+597D */
  {0x0000,0x1000,0x107C,0x1082,0x7E82,0x2282,0x2282,0x2282,0x4282,0x6482,0x5482,0x0C82,0x0A82,0x117E,0x6082,0x0000},  /* U+5982 */
  {0x0000,0x10FC,0x1002,0x1002,0x7E02,0x2202,0x2202,0x22FC,0x4280,0x6480,0x5480,0x0C80,0x0A82,0x1082,0x60FE,0x0000},  /* U+5983 */
  {0x0000,0x0100,0x7FFE,0x1000,0x1000,0x1000,0x0FFC,0x0200,0x0400,0x7FFE,0x0820,0x1820,0x17C0,0x0330,0x7C0E,0x0000},  /* U+5984 */
  {0x0000,0x101E,0x11E0,0x1020,0x7E20,0x2220,0x2420,0x25FE,0x4420,0x6420,0x5820,0x0820,0x1620,0x2020,0x41FE,0x0000},  /* U+598A */
  {0x0000,0x1020,0x1020,0x11FE,0x7E20,0x2220,0x2420,0x25DE,0x4484,0x6484,0x5848,0x0830,0x1630,0x20C8,0x4306,0x0000},  /* U+5993 */
  {0x0000,0x101E,0x11E0,0x1020,0x7C20,0x2220,0x2420,0x25FE,0x4420,0x6430,0x5850,0x0848,0x1688,0x2104,0x4202,0x0000},  /* U+5996 */
  {0x0000,0x1020,0x1020,0x20A4,0x7CA4,0x2522,0x2522,0x2622,0x4424,0x68E4,0x5808,0x0808,0x1410,0x2060,0x4380,0x0000},  /* U+5999 */
  {0x0000,0x01FC,0x7E00,0x2104,0x1108,0x1110,0x1020,0x0200,0x7FFE,0x0410,0x0820,0x0C20,0x13C0,0x0370,0x7C0C,0x0000},  /* U+59A5 */
  {0x0000,0x1020,0x1020,0x11BE,0x7E40,0x2240,0x2440,0x247C,0x4442,0x6442,0x5842,0x0882,0x1684,0x2104,0x423C,0x0000},  /* U+59A8 */
  {0x0000,0x1000,0x11FE,0x1040,0x7E40,0x2240,0x2480,0x24FE,0x4482,0x6582,0x5A82,0x0882,0x1682,0x20FE,0x4082,0x0000},  /* U+59AC */
  {0x0000,0x1020,0x1020,0x21FC,0x7C20,0x2420,0x2420,0x27FE,0x4430,0x6870,0x58A8,0x08A4,0x1524,0x2222,0x4020,0x0000},  /* U+59B9 */
  {0x0000,0x0100,0x7FFE,0x0100,0x1FF8,0x0108,0x7FFE,0x0108,0x3FF8,0x0400,0x7FFE,0x0820,0x1E40,0x01F0,0x7E0E,0x0000},  /* U+59BB */
  {0x0000,0x0100,0x37EC,0x0810,0x0420,0x0420,0x7FFE,0x0200,0x0400,0x7FFE,0x0820,0x1820,0x17C0,0x0370,0x7C0E,0x0000},  /* U+59BE */
  {0x0000,0x1020,0x1020,0x23FE,0x7C20,0x24FC,0x2522,0x2522,0x4522,0x6922,0x5922,0x0922,0x152C,0x2020,0x4020,0x0000},  /* U+59C9 */
  {0x0000,0x1020,0x1040,0x1048,0x7C44,0x2282,0x25FE,0x2402,0x4400,0x64FE,0x5882,0x0882,0x1682,0x2082,0x40FE,0x0000},  /* U+59CB */
  {0x0000,0x1078,0x1084,0x1084,0x7E84,0x22FC,0x2484,0x4484,0x4484,0x6484,0x18FC,0x0C84,0x1284,0x2084,0x43FE,0x0000},  /* U+59D0 */
  {0x0000,0x1020,0x1020,0x1020,0x7FFE,0x2220,0x2420,0x2420,0x44FC,0x6502,0x5902,0x0902,0x1702,0x2102,0x41FE,0x0000},  /* U+59D1 */
  {0x0000,0x10A0,0x10A0,0x20A0,0x7CFE,0x2520,0x2620,0x2620,0x4420,0x69FE,0x5820,0x0820,0x1420,0x2020,0x43FE,0x0000},  /* U+59D3 */
  {0x0000,0x0FF8,0x3100,0x0100,0x7FFE,0x0760,0x0910,0x310E,0x4200,0x77EE,0x0810,0x0820,0x1640,0x01B0,0x7E0E,0x0000},  /* U+59D4 */
  {0x0000,0x1042,0x1044,0x23FC,0x7C48,0x2450,0x27FE,0x2440,0x4480,0x6984,0x5EB8,0x08C0,0x1482,0x2082,0x407E,0x0000},  /* U+59E5 */
  {0x0000,0x0200,0x7FEE,0x0410,0x0820,0x1740,0x03B0,0x3C2C,0x1020,0x7FFE,0x2244,0x2488,0x14E8,0x1C38,0x63C6,0x0000},  /* U+59E6 */
  {0x0000,0x13BE,0x1040,0x2048,0x7C48,0x2484,0x27FE,0x2402,0x4420,0x6820,0x59FE,0x0820,0x1420,0x2020,0x43FE,0x0000},  /* U+59EA */
  {0x0000,0x1000,0x11FE,0x2120,0x7D20,0x25FC,0x2502,0x2502,0x4502,0x69DE,0x5920,0x0920,0x1520,0x2120,0x41DE,0x0000},  /* U+59EB */
  {0x0000,0x1020,0x1050,0x2048,0x7C84,0x2502,0x26FA,0x2400,0x4400,0x69FC,0x5904,0x0904,0x1504,0x2104,0x41FC,0x0000},  /* U+59F6 */
  {0x0000,0x10FC,0x1102,0x2122,0x7D22,0x2522,0x25FE,0x2522,0x4522,0x6932,0x5952,0x098A,0x1506,0x21FE,0x4102,0x0000},  /* U+59FB */
  {0x0000,0x2100,0x19FE,0x0244,0x0444,0x0860,0x3090,0x430C,0x0602,0x77EE,0x0810,0x0820,0x1640,0x01B0,0x7E0E,0x0000},  /* U+59FF */
  {0x0000,0x002C,0x0022,0x3FFE,0x2020,0x2FE4,0x2424,0x2424,0x3FE4,0x28A8,0x2918,0x2D10,0x4332,0x44CA,0x588E,0x0000},  /* U+5A01 */
  {0x0000,0x1020,0x1020,0x11FC,0x7E20,0x2220,0x25FE,0x2400,0x4420,0x6420,0x59FE,0x0820,0x1620,0x2020,0x43FE,0x0000},  /* U+5A03 */
  {0x0000,0x1020,0x10F8,0x2104,0x7D04,0x25FC,0x2504,0x2504,0x45FC,0x6922,0x5924,0x0918,0x1508,0x213C,0x43C2,0x0000},  /* U+5A18 */
  {0x0000,0x20FE,0x2100,0x2100,0x79FC,0x2500,0x2900,0x49FE,0x4A50,0x4A52,0x725C,0x1A48,0x1648,0x227C,0x4582,0x0000},  /* U+5A20 */
  {0x0000,0x1040,0x10B8,0x2088,0x7D10,0x27EE,0x2522,0x2522,0x4522,0x69FE,0x5820,0x0860,0x1460,0x20A2,0x433E,0x0000},  /* U+5A29 */
  {0x0000,0x107C,0x1142,0x2142,0x7D42,0x257C,0x2500,0x25FC,0x4504,0x6804,0x5BFE,0x0800,0x1488,0x2104,0x4202,0x0000},  /* U+5A2F */
  {0x0000,0x10FC,0x1104,0x2104,0x7DFC,0x2504,0x24FC,0x2400,0x45FE,0x6902,0x5902,0x09FE,0x1502,0x2102,0x41FE,0x0000},  /* U+5A3C */
  {0x0000,0x0100,0x3FFC,0x7FFE,0x2104,0x1FF8,0x0100,0x3FFC,0x3DFC,0x0200,0x7FFE,0x0810,0x1E20,0x01F0,0x7E0E,0x0000},  /* U+5A41 */
  {0x0000,0x3020,0x03FE,0x6224,0x13F8,0x1488,0x2450,0x29B8,0x4A06,0x0200,0x7DFE,0x0820,0x1E40,0x01F0,0x7E0E,0x0000},  /* U+5A46 */
  {0x0000,0x10FC,0x1110,0x2110,0x7DFE,0x2510,0x250A,0x27EE,0x4400,0x69FC,0x5904,0x09FC,0x1504,0x2104,0x41FC,0x0000},  /* U+5A5A */
  {0x0000,0x11FC,0x1004,0x21FC,0x7C04,0x25FC,0x2400,0x27FE,0x4A22,0x48F8,0x3924,0x0924,0x1524,0x213C,0x4020,0x0000},  /* U+5A66 */
  {0x0000,0x23FE,0x20A2,0x213E,0x7920,0x25E0,0x2A1E,0x48F8,0x4904,0x4904,0x71FC,0x1904,0x15FC,0x2104,0x411C,0x0000},  /* U+5A7F */
  {0x0000,0x1104,0x13FE,0x2104,0x7D04,0x24F8,0x2504,0x25DC,0x4420,0x6820,0x5BFE,0x0870,0x14A8,0x2124,0x4222,0x0000},  /* U+5A92 */
  {0x0000,0x21FE,0x2244,0x2124,0x78A8,0x27FE,0x2880,0x4BFE,0x4880,0x48FC,0x7184,0x1948,0x1530,0x2230,0x45CE,0x0000},  /* U+5A9B */
  {0x0000,0x1020,0x23FE,0x2202,0x7A02,0x25FC,0x28D0,0x4B56,0x4858,0x48A8,0x6B28,0x1854,0x1592,0x2610,0x40E0,0x0000},  /* U+5AC1 */
  {0x0000,0x2010,0x20FE,0x2500,0x7B20,0x2B6E,0x4950,0x4950,0x4990,0x4BFE,0x7510,0x1118,0x2A28,0x2644,0x4682,0x0000},  /* U+5AC9 */
  {0x0000,0x1108,0x2090,0x23FE,0x7C90,0x27FC,0x2494,0x47FE,0x4894,0x4894,0x3BFC,0x0890,0x1598,0x2294,0x4C92,0x0000},  /* U+5ACC */
  {0x0000,0x2020,0x23FE,0x2088,0x7888,0x27FE,0x2A22,0x4AFA,0x4A22,0x4A72,0x728A,0x1A8A,0x16FA,0x2282,0x420E,0x0000},  /* U+5AE1 */
  {0x0000,0x1020,0x23FE,0x2020,0x7BDE,0x25FC,0x2904,0x4974,0x4888,0x4888,0x6F76,0x19FC,0x1504,0x2104,0x41FC,0x0000},  /* U+5B09 */
  {0x0000,0x2020,0x23FE,0x2098,0x7B06,0x2888,0x4BFE,0x4888,0x4BFC,0x4888,0x3776,0x1096,0x1F18,0x2138,0x43C6,0x0000},  /* U+5B22 */
  {0x0000,0x23FE,0x2020,0x23FE,0x7C22,0x29BC,0x49BC,0x4800,0x4FFE,0x4840,0x73FE,0x1292,0x2A92,0x2692,0x4296,0x0000},  /* U+5B2C */
  {0x0000,0x3E7C,0x2244,0x3E7C,0x3E7C,0x2244,0x3E7C,0x1444,0x6282,0x0200,0x7DFE,0x0810,0x1E20,0x01F0,0x7E0E,0x0000},  /* U+5B30 */
  {0x0000,0x1FFC,0x0010,0x0060,0x0080,0x0080,0x0080,0x7FFE,0x0080,0x0080,0x0080,0x0080,0x0080,0x0F80,0x0000,0x0000},  /* U+5B50 */
  {0x0000,0x0040,0x7F40,0x0240,0x0440,0x0840,0x0840,0x0FC0,0x7840,0x0840,0x0840,0x0840,0x0842,0x0842,0x387E,0x0000},  /* U+5B54 */
  {0x0000,0x0100,0x3FFC,0x4002,0x4002,0x4FF2,0x0020,0x0040,0x0080,0x7FFE,0x0080,0x0080,0x0080,0x0080,0x0780,0x0000},  /* U+5B57 */
  {0x0000,0x0200,0x0200,0x7DFE,0x0400,0x09F8,0x0804,0x1018,0x3020,0x5020,0x17FE,0x1020,0x1020,0x1020,0x11E0,0x0000},  /* U+5B58 */
  {0x0000,0x7D40,0x0240,0x047A,0x0884,0x0884,0x0944,0x0E48,0x7848,0x0830,0x0830,0x0830,0x0848,0x088C,0x7B02,0x0000},  /* U+5B5C */
  {0x0000,0x0104,0x3FE8,0x0110,0x0120,0x7FFE,0x0100,0x07E8,0x1810,0x6060,0x0080,0x3FFE,0x0080,0x0080,0x0780,0x0000},  /* U+5B5D */
  {0x0000,0x1FF8,0x0030,0x0040,0x0080,0x7FFE,0x0080,0x0080,0x0280,0x1DB8,0x2244,0x2244,0x2244,0x2244,0x7FFE,0x0000},  /* U+5B5F */
  {0x0000,0x06F8,0x3900,0x0100,0x7FFE,0x0340,0x0D30,0x110C,0x6FF2,0x0060,0x0180,0x7FFE,0x0100,0x0100,0x0700,0x0000},  /* U+5B63 */
  {0x0000,0x00B8,0xFB48,0x0A48,0x1248,0x2248,0x2248,0x3A48,0xE248,0x2448,0x2468,0x2454,0x2454,0x2BB4,0xE80A,0x0000},  /* U+5B64 */
  {0x0000,0x1104,0x1088,0x7FFE,0x4002,0x4002,0x4FFA,0x0020,0x00C0,0x7FFE,0x0080,0x0080,0x0080,0x0080,0x0700,0x0000},  /* U+5B66 */
  {0x0000,0x0038,0xFFC0,0x0888,0x1310,0x2120,0x20D0,0x3C88,0xE7BC,0x2042,0x2150,0x2248,0x2244,0x2444,0xE040,0x0000},  /* U+5B6B */
  {0x0000,0x0100,0x3FFC,0x4002,0x4032,0x40C2,0x3B00,0x0100,0x011E,0x0FE0,0x7100,0x0100,0x0102,0x0102,0x01FC,0x0000},  /* U+5B85 */
  {0x0000,0x0100,0x3FFC,0x4002,0x4002,0x5EFA,0x0100,0x0100,0x0100,0x7FFE,0x0100,0x0100,0x0100,0x0100,0x0700,0x0000},  /* U+5B87 */
  {0x0000,0x0100,0x3FFC,0x4002,0x4022,0x4022,0x0020,0x7FFE,0x1020,0x0820,0x0820,0x0420,0x0020,0x0020,0x01E0,0x0000},  /* U+5B88 */
  {0x0000,0x0100,0x3FFC,0x4002,0x4102,0x4202,0x0200,0x7DFE,0x0410,0x0820,0x1820,0x1740,0x00C0,0x0730,0x780C,0x0000},  /* U+5B89 */
  {0x0000,0x0100,0x3FFC,0x4002,0x4102,0x4102,0x0100,0x7FFE,0x0340,0x0340,0x0520,0x0910,0x110C,0x6102,0x0100,0x0000},  /* U+5B8B */
  {0x0000,0x0100,0x3FFC,0x4002,0x4002,0x5FFA,0x0000,0x0000,0x7FFE,0x0440,0x0440,0x0440,0x0842,0x1042,0x603E,0x0000},  /* U+5B8C */
  {0x0000,0x0100,0x3FFC,0x4002,0x4102,0x4102,0x0100,0x7FFE,0x0000,0x0400,0x0420,0x0810,0x1008,0x2004,0x4002,0x0000},  /* U+5B8D */
  {0x0000,0x0100,0x3FFC,0x4002,0x4202,0x4202,0x7FFE,0x0400,0x0480,0x0880,0x0900,0x1110,0x2208,0x427C,0x4D82,0x0000},  /* U+5B8F */
  {0x0000,0x0100,0x7FFE,0x4002,0x4002,0x0000,0x7FFE,0x0400,0x0400,0x0FFC,0x1804,0x2804,0x4804,0x0FFC,0x0804,0x0000},  /* U+5B95 */
  {0x0000,0x0100,0x7FFE,0x4002,0x4002,0x5FF2,0x0000,0x0000,0x7FFE,0x0100,0x0910,0x1108,0x2104,0x4102,0x0700,0x0000},  /* U+5B97 */
  {0x0000,0x0100,0x7FFE,0x4002,0x4FF2,0x1008,0x1008,0x1008,0x1FF0,0x1000,0x0FF8,0x1004,0x1004,0x1004,0x1FFC,0x0000},  /* U+5B98 */
  {0x0000,0x0100,0x3FFC,0x4002,0x4102,0x4102,0x0FF0,0x1108,0x1108,0x1108,0x1FF8,0x1108,0x1108,0x1FF8,0x1008,0x0000},  /* U+5B99 */
  {0x0000,0x0100,0x3FFC,0x4002,0x4002,0x5EFA,0x0100,0x0100,0x0900,0x10F8,0x1100,0x1900,0x2900,0x2700,0x40FE,0x0000},  /* U+5B9A */
  {0x0000,0x0100,0x3FFC,0x4002,0x4802,0x0838,0x1F44,0x2144,0x2244,0x5A44,0x045C,0x0440,0x0842,0x1042,0x607E,0x0000},  /* U+5B9B */
  {0x0000,0x0100,0x3FFC,0x4002,0x4002,0x4FF2,0x0810,0x0810,0x0FF0,0x0810,0x0810,0x0FF0,0x0810,0x0810,0x7FFE,0x0000},  /* U+5B9C */
  {0x0000,0x0100,0x3FFC,0x4002,0x4002,0x4002,0x1FF8,0x0100,0x0100,0x1FF8,0x0100,0x0130,0x0108,0x0100,0x7FFE,0x0000},  /* U+5B9D */
  {0x0000,0x0100,0x7FFE,0x4002,0x4102,0x1FF8,0x0100,0x1FF8,0x0100,0x0100,0x7FFE,0x0240,0x0440,0x0830,0x700E,0x0000},  /* U+5B9F */
  {0x0000,0x0100,0x7FFE,0x4202,0x47E2,0x0C10,0x3220,0x4140,0x03C0,0x0438,0x7FF6,0x1008,0x1008,0x1008,0x0FF0,0x0000},  /* U+5BA2 */
  {0x0000,0x0100,0x7FFE,0x4002,0x4002,0x1FF8,0x0000,0x1FF8,0x1008,0x1FF8,0x1008,0x1008,0x0FF0,0x0000,0x7FFE,0x0000},  /* U+5BA3 */
  {0x0000,0x0100,0x7FFE,0x4002,0x5DFA,0x0200,0x0420,0x0418,0x3FF4,0x0102,0x0100,0x3FFC,0x0100,0x0100,0x7FFE,0x0000},  /* U+5BA4 */
  {0x0000,0x0100,0x3FFC,0x4202,0x4202,0x7FFE,0x0400,0x0FF8,0x1808,0x6FF8,0x0808,0x0808,0x0FF8,0x0808,0x0838,0x0000},  /* U+5BA5 */
  {0x0000,0x0100,0x7FFE,0x4002,0x47E2,0x4812,0x0810,0x0810,0x07E0,0x0100,0x1FF8,0x1004,0x1004,0x1004,0x1FFC,0x0000},  /* U+5BAE */
  {0x0000,0x0100,0x7FFE,0x4102,0x4102,0x1FF8,0x0810,0x0420,0x7EFE,0x0100,0x0100,0x3FFC,0x0100,0x0100,0x0100,0x0000},  /* U+5BB0 */
  {0x0000,0x0100,0x3FFC,0x4102,0x4102,0x1FF8,0x1FF8,0x0100,0x0100,0x7EFE,0x0FF0,0x1008,0x1008,0x1008,0x1FF8,0x0000},  /* U+5BB3 */
  {0x0000,0x0100,0x7FFE,0x4002,0x4FF2,0x1008,0x0FF0,0x1008,0x0FF0,0x0200,0x7FFE,0x0820,0x1E40,0x01E0,0x7E1C,0x0000},  /* U+5BB4 */
  {0x0000,0x0100,0x7FFE,0x4102,0x4912,0x0920,0x0FF0,0x1008,0x1008,0x1FF8,0x1008,0x1FF8,0x1008,0x1008,0x1038,0x0000},  /* U+5BB5 */
  {0x0000,0x0100,0x3FFE,0x4002,0x4002,0x1FF8,0x0684,0x1A48,0x6350,0x0CA0,0x71A0,0x0290,0x0C8C,0x3082,0x4780,0x0000},  /* U+5BB6 */
  {0x0000,0x0100,0x7FFE,0x4002,0x4422,0x0818,0x3184,0x4242,0x0430,0x1808,0x3FFE,0x5008,0x1008,0x1008,0x0FF0,0x0000},  /* U+5BB9 */
  {0x0000,0x0100,0x3FFE,0x4002,0x4802,0x17FC,0x1040,0x31F8,0x5204,0x9204,0x13FC,0x1204,0x1204,0x1204,0x13FC,0x0000},  /* U+5BBF */
  {0x0000,0x0100,0x7FFE,0x4002,0x4802,0x0FFE,0x0842,0x0844,0x7F24,0x0828,0x2A28,0x2910,0x48A8,0x4844,0x3982,0x0000},  /* U+5BC2 */
  {0x0000,0x0100,0x7FFE,0x4102,0x5FFA,0x0180,0x0660,0x3818,0x7FFE,0x0008,0x1F88,0x1048,0x1048,0x1F88,0x0078,0x0000},  /* U+5BC4 */
  {0x0000,0x0100,0x7FFE,0x4002,0x5EFA,0x0100,0x0100,0x1FF8,0x1108,0x1FF8,0x1108,0x1108,0x0EF0,0x0C38,0x7006,0x0000},  /* U+5BC5 */
  {0x0000,0x0100,0x7FFE,0x4202,0x4112,0x14A8,0x24C4,0x2512,0x4612,0x3BE0,0x4100,0x2104,0x2104,0x2104,0x3EFC,0x0000},  /* U+5BC6 */
  {0x0000,0x0100,0x7EFE,0x4002,0x1FF8,0x0FF0,0x1008,0x1008,0x0FF0,0x1EF8,0x2104,0x3FFC,0x2104,0x2104,0x3EFC,0x0000},  /* U+5BCC */
  {0x0000,0x0100,0x7FFE,0x4422,0x5FFA,0x0420,0x1FF8,0x0420,0x7FFE,0x0420,0x0B10,0x30CC,0x4C02,0x0380,0x0070,0x0000},  /* U+5BD2 */
  {0x0000,0x0100,0x7FFE,0x4002,0x4FFA,0x1108,0x0FF8,0x1108,0x0FF8,0x0100,0x3FFC,0x2124,0x2FF4,0x200C,0x201C,0x0000},  /* U+5BD3 */
  {0x0000,0x0100,0x7FFE,0x4442,0x5FFA,0x0440,0x1FF8,0x1008,0x1FF8,0x1008,0x1FF8,0x1FF8,0x0440,0x0C42,0x707E,0x0000},  /* U+5BDB */
  {0x0000,0x0100,0x7EFE,0x53FA,0x1004,0x51FC,0x3004,0x33FC,0x13FC,0x1402,0x15FE,0x7088,0x1050,0x10F0,0x170E,0x0000},  /* U+5BDD */
  {0x0000,0x0100,0x7FFE,0x4882,0x0FBC,0x1248,0x6E48,0x1430,0x0FE8,0x3006,0x5FF8,0x0100,0x0918,0x3104,0x4702,0x0000},  /* U+5BDF */
  {0x0000,0x0100,0x7FFE,0x5EFA,0x0100,0x0FF0,0x0FF8,0x0808,0x0FF0,0x7FEE,0x0810,0x3FF8,0x4216,0x0610,0x38E0,0x0000},  /* U+5BE1 */
  {0x0000,0x0100,0x7FFE,0x4182,0x1418,0x27E4,0x4002,0x1FF8,0x2244,0x3FFC,0x0000,0x7FFE,0x0080,0x0080,0x0780,0x0000},  /* U+5BE7 */
  {0x0000,0x0100,0x7FFE,0x403A,0x5FC2,0x0910,0x7DBE,0x0340,0x0520,0x3EFC,0x510A,0x1FF8,0x1108,0x1108,0x1EF8,0x0000},  /* U+5BE9 */
  {0x0000,0x0100,0x7FFE,0x4102,0x5FBA,0x2244,0x1428,0x1FF8,0x6816,0x0FF0,0x0810,0x0FF0,0x0930,0x1108,0x2704,0x0000},  /* U+5BEE */
  {0x0000,0x0100,0x7EFE,0x4842,0x7F7E,0x2240,0x147C,0x6B02,0x3E7C,0x227C,0x3E40,0x227C,0x3E7C,0x2242,0x267E,0x0000},  /* U+5BF5 */
  {0x0000,0x0020,0x0020,0x0020,0x7FFE,0x0020,0x0020,0x1020,0x0820,0x0420,0x0220,0x0020,0x0020,0x0020,0x01E0,0x0000},  /* U+5BF8 */
  {0x0000,0x0100,0x0100,0x3FFC,0x0100,0x0100,0x7EFE,0x0020,0x0020,0x7FFE,0x1020,0x0820,0x0420,0x0220,0x00E0,0x0000},  /* U+5BFA */
  {0x0000,0x0808,0x0808,0x7D08,0x0208,0x02FE,0x2208,0x1488,0x1448,0x0848,0x0C28,0x0A08,0x1208,0x2008,0x4038,0x0000},  /* U+5BFE */
  {0x0000,0x0100,0x3FFC,0x0100,0x1DFC,0x0200,0x0200,0x7FFE,0x0410,0x7FFE,0x0C10,0x1210,0x1110,0x6110,0x00F0,0x0000},  /* U+5BFF */
  {0x0000,0x0804,0x0804,0x7F04,0x08FE,0x0804,0x7F04,0x0844,0x0824,0x7F24,0x0814,0x0804,0x0984,0x3E04,0x403C,0x0000},  /* U+5C01 */
  {0x0000,0x0100,0x7FFE,0x0100,0x1FFC,0x2104,0x1FFC,0x2104,0x3FEC,0x0010,0x0010,0x7FFE,0x0810,0x0410,0x02F0,0x0000},  /* U+5C02 */
  {0x0000,0x0804,0x1C04,0x2204,0x2204,0x3EFE,0x2204,0x3E44,0x2344,0x3E24,0xC624,0x0A04,0x3204,0xC204,0x0E38,0x0000},  /* U+5C04 */
  {0x0000,0x087C,0x0F80,0x4A42,0x2A44,0x2928,0x0910,0x0808,0x0FFE,0x1808,0x2908,0x4888,0x0848,0x0808,0x0838,0x0000},  /* U+5C06 */
  {0x0000,0x3F84,0x2084,0x2084,0x3F84,0x207E,0x3F04,0x2044,0x2024,0x3FA4,0x4514,0x5484,0x5484,0x6484,0x4C3C,0x0000},  /* U+5C09 */
  {0x0000,0x0810,0x7DBE,0x0240,0x3FF8,0x2244,0x2478,0x3FFC,0x2004,0x3FF8,0x0020,0x7FFE,0x0820,0x0420,0x02E0,0x0000},  /* U+5C0A */
  {0x0000,0x1FF8,0x0008,0x1FF8,0x0008,0x1FF8,0x3678,0x0884,0x0884,0x7FFC,0x0010,0x7FFE,0x1810,0x0610,0x00F0,0x0000},  /* U+5C0B */
  {0x0000,0x6108,0x17FE,0x1040,0x03BC,0x73FC,0x13FC,0x1204,0x33FC,0x4FEE,0x0010,0x7FFE,0x0810,0x0410,0x02F0,0x0000},  /* U+5C0E */
  {0x0000,0x0080,0x0080,0x0080,0x0080,0x1088,0x1088,0x1084,0x2084,0x2082,0x4082,0x4082,0x0080,0x0080,0x0780,0x0000},  /* U+5C0F */
  {0x0000,0x0100,0x0110,0x0908,0x1108,0x1104,0x2102,0x4102,0x0108,0x0710,0x0010,0x0020,0x00C0,0x0300,0x3C00,0x0000},  /* U+5C11 */
  {0x0000,0x0100,0x0910,0x1108,0x1104,0x6102,0x0100,0x0600,0x0100,0x7FFE,0x0180,0x0280,0x0440,0x0830,0x700E,0x0000},  /* U+5C16 */
  {0x0000,0x2104,0x1108,0x0908,0x0910,0x1FF8,0x2004,0x2004,0x27E4,0x2424,0x2424,0x2424,0x27C4,0x2004,0x201C,0x0000},  /* U+5C1A */
  {0x0000,0x0120,0x0118,0x0104,0x7FFE,0x0100,0x0180,0x0180,0x0280,0x0280,0x0480,0x0482,0x0882,0x1082,0x60FE,0x0000},  /* U+5C24 */
  {0x0000,0x0100,0x3FFC,0x0100,0x0910,0x0910,0x7EFE,0x0810,0x0810,0x7FFE,0x0440,0x0440,0x0842,0x0842,0x707E,0x0000},  /* U+5C2D */
  {0x0000,0x0818,0x0814,0x7712,0x0010,0x3FFE,0x2110,0x2110,0x3F10,0x0830,0x2A30,0x2950,0x4952,0x4892,0x391E,0x0000},  /* U+5C31 */
  {0x0000,0x1FFC,0x1004,0x1004,0x1004,0x1004,0x1FF8,0x1040,0x1040,0x2040,0x2020,0x2010,0x4008,0x4006,0x0000,0x0000},  /* U+5C3A */
  {0x0000,0x3FFC,0x2004,0x2004,0x1FFC,0x2100,0x2100,0x2FE0,0x2110,0x2110,0x2210,0x2212,0x4412,0x580E,0x0000,0x0000},  /* U+5C3B */
  {0x0000,0x1FFC,0x1004,0x1004,0x1FF8,0x1400,0x1404,0x1418,0x14E0,0x2300,0x2404,0x2404,0x2404,0x43F8,0x0000,0x0000},  /* U+5C3C */
  {0x0000,0x1FFC,0x1004,0x1004,0x1004,0x1FFC,0x1020,0x2010,0x2710,0x20C8,0x2024,0x4002,0x0E00,0x01C0,0x0030,0x0000},  /* U+5C3D */
  {0x0000,0x3FFC,0x2004,0x3FEC,0x2010,0x23E0,0x2C80,0x20F8,0x2F80,0x209E,0x27E0,0x5882,0x4082,0x40FE,0x0000,0x0000},  /* U+5C3E */
  {0x0000,0x3FFC,0x2004,0x2004,0x3F7C,0x2080,0x2080,0x3E84,0x2148,0x22B0,0x22A0,0x2490,0x488C,0x5082,0x4380,0x0000},  /* U+5C3F */
  {0x0000,0x3FFC,0x2004,0x2004,0x3FF8,0x2000,0x3FFC,0x2004,0x27E4,0x2424,0x2424,0x47E4,0x4404,0x403C,0x0000,0x0000},  /* U+5C40 */
  {0x0000,0x3FFC,0x2004,0x3F7C,0x2080,0x2080,0x3FFE,0x2080,0x2080,0x27FC,0x2804,0x4804,0x4804,0x4FFC,0x0000,0x0000},  /* U+5C45 */
  {0x0000,0x3FFC,0x2004,0x3FBC,0x2040,0x2444,0x2444,0x2444,0x27FC,0x2040,0x2844,0x4844,0x4844,0x4FBC,0x0000,0x0000},  /* U+5C48 */
  {0x0000,0x3FFC,0x2004,0x2004,0x3FF8,0x2040,0x27F8,0x2844,0x2844,0x2FFC,0x2844,0x4844,0x4844,0x4FBC,0x0000,0x0000},  /* U+5C4A */
  {0x0000,0x3FFC,0x2004,0x3FFC,0x2000,0x3FFE,0x2220,0x2218,0x2FF4,0x2080,0x2FFC,0x4080,0x4080,0x5FFE,0x0000,0x0000},  /* U+5C4B */
  {0x0000,0x3FFC,0x2004,0x3FFC,0x2000,0x3FFE,0x2220,0x2762,0x24AC,0x2CB0,0x3320,0x4220,0x4622,0x583E,0x0000,0x0000},  /* U+5C4D */
  {0x0000,0x3FFC,0x2004,0x3FFC,0x2250,0x244C,0x2842,0x3FBC,0x2804,0x2FFC,0x2804,0x4FFC,0x4804,0x481C,0x0000,0x0000},  /* U+5C51 */
  {0x0000,0x3FFC,0x2004,0x3DEC,0x2210,0x2210,0x2FFE,0x2210,0x3B7A,0x2484,0x2448,0x4430,0x45D0,0x5E0E,0x0000,0x0000},  /* U+5C55 */
  {0x0000,0x3FFC,0x2004,0x2004,0x3FF8,0x2FF8,0x2080,0x27FC,0x2884,0x27FC,0x2080,0x2FFC,0x4894,0x4F6C,0x480C,0x0000},  /* U+5C5E */
  {0x0000,0x3FFC,0x2004,0x3F7C,0x2080,0x2084,0x2FF8,0x2090,0x3FFE,0x2090,0x27F8,0x3A04,0x43F8,0x4204,0x43F8,0x0000},  /* U+5C60 */
  {0x0000,0x3FFC,0x2004,0x3FFC,0x2488,0x2290,0x2DEE,0x23B0,0x3D8E,0x2100,0x3EFE,0x4620,0x41F0,0x5F0E,0x0000,0x0000},  /* U+5C61 */
  {0x0000,0x3FFC,0x2004,0x3FF8,0x2778,0x2884,0x2FFC,0x2884,0x2FFC,0x23F8,0x2404,0x47F8,0x4404,0x47F8,0x0000,0x0000},  /* U+5C64 */
  {0x0000,0x3FFC,0x2004,0x3FF8,0x24FE,0x3900,0x26FC,0x28FC,0x3884,0x2878,0x28FC,0x49C8,0x4A30,0x49CE,0x0000,0x0000},  /* U+5C65 */
  {0x0000,0x0100,0x013C,0x3FC0,0x4100,0x2104,0x2104,0x2104,0x2104,0x2104,0x3FFC,0x2104,0x0102,0x0102,0x00FE,0x0000},  /* U+5C6F */
  {0x0000,0x0100,0x0100,0x0100,0x2104,0x2104,0x2104,0x2104,0x2104,0x2104,0x2104,0x2104,0x2104,0x3EFC,0x2004,0x0000},  /* U+5C71 */
  {0x0000,0x1020,0x1020,0x11FE,0x5420,0x5420,0x5420,0x55DE,0x5484,0x5484,0x5448,0x7C30,0x4430,0x40C8,0x0306,0x0000},  /* U+5C90 */
  {0x0000,0x3FFC,0x2424,0x2424,0x2244,0x3FFC,0x2104,0x2914,0x2914,0x2914,0x2914,0x2EF4,0x2004,0x201C,0x0000,0x0000},  /* U+5CA1 */
  {0x0000,0x10FC,0x1084,0x1084,0x5484,0x54FC,0x5484,0x5484,0x5484,0x5484,0x54FC,0x7C84,0x4484,0x4084,0x07FE,0x0000},  /* U+5CA8 */
  {0x0000,0x0100,0x2104,0x2104,0x1EF8,0x0000,0x7BFE,0x0400,0x0400,0x0800,0x1FFC,0x2804,0x4804,0x0804,0x0FFC,0x0000},  /* U+5CA9 */
  {0x0000,0x10FE,0x1112,0x1112,0x5512,0x54FE,0x5512,0x5512,0x5512,0x54FE,0x5512,0x7C10,0x4410,0x4010,0x0010,0x0000},  /* U+5CAC */
  {0x0000,0x0890,0x108C,0x108E,0x3770,0x5040,0x1020,0x1012,0x110E,0x0100,0x2104,0x2104,0x2104,0x2104,0x3EFC,0x0000},  /* U+5CB1 */
  {0x0000,0x01F8,0x1E00,0x1000,0x1FEC,0x1010,0x1010,0x1010,0x7FFE,0x0100,0x2104,0x2104,0x2104,0x3FFC,0x2004,0x0000},  /* U+5CB3 */
  {0x0000,0x2104,0x2104,0x3FFC,0x0000,0x1FFE,0x2000,0x2000,0x2FFC,0x2040,0x3FFE,0x2040,0x4040,0x4040,0x4040,0x0000},  /* U+5CB8 */
  {0x0000,0x1020,0x103C,0x1020,0x5420,0x55FE,0x5400,0x5400,0x55FE,0x5420,0x5430,0x7C2C,0x4422,0x4020,0x0020,0x0000},  /* U+5CE0 */
  {0x0000,0x1020,0x1020,0x11FE,0x5424,0x5524,0x54A4,0x54A8,0x57FE,0x5420,0x5450,0x7C50,0x4488,0x4104,0x0602,0x0000},  /* U+5CE1 */
  {0x0000,0x1074,0x1392,0x1092,0x5490,0x57FE,0x5490,0x5492,0x548C,0x54EC,0x5788,0x7C88,0x449A,0x40AA,0x03C6,0x0000},  /* U+5CE8 */
  {0x0000,0x2104,0x2104,0x3FFC,0x03E0,0x0C10,0x7260,0x03C0,0x3D3E,0x4FF0,0x0100,0x1FF8,0x0100,0x7FFE,0x0100,0x0000},  /* U+5CEF */
  {0x0000,0x1040,0x10FC,0x1148,0x5650,0x5430,0x54CC,0x5722,0x55FC,0x5420,0x55FC,0x7C20,0x47FE,0x4020,0x0020,0x0000},  /* U+5CF0 */
  {0x0000,0x0200,0x3FF0,0x2010,0x3FF0,0x2010,0x3FF0,0x2000,0x3FFC,0x2000,0x3FF8,0x4444,0x4448,0x7F88,0x4078,0x0000},  /* U+5CF6 */
  {0x0000,0x1040,0x1088,0x10AC,0x57D2,0x5490,0x5492,0x574C,0x5440,0x54BC,0x5588,0x7E50,0x4420,0x40D8,0x0706,0x0000},  /* U+5CFB */
  {0x0000,0x2104,0x2104,0x3FFC,0x0100,0x7FFE,0x4002,0x4FF2,0x0000,0x0000,0x7FFE,0x0910,0x1108,0x2104,0x4702,0x0000},  /* U+5D07 */
  {0x0000,0x1020,0x13FE,0x5420,0x5458,0x5584,0x5602,0x57FC,0x54E4,0x5514,0x5514,0x7D14,0x45E4,0x0004,0x001C,0x0000},  /* U+5D0E */
  {0x0000,0x2104,0x2104,0x3FFC,0x0000,0x3FFE,0x2080,0x2FFC,0x2080,0x2FFC,0x2080,0x2080,0x4FFC,0x4080,0x5FFE,0x0000},  /* U+5D16 */
  {0x0000,0x2104,0x2104,0x3FFC,0x0000,0x1C38,0x2244,0x2244,0x3E7C,0x2244,0x2244,0x3E7C,0x4284,0x4284,0x4E9C,0x0000},  /* U+5D29 */
  {0x0000,0x4208,0x4208,0x7FF8,0x0000,0x7FF8,0x5DE8,0x4208,0x4FC8,0x5228,0x5228,0x5FE8,0x424A,0x82EA,0xBD14,0x0000},  /* U+5D50 */
  {0x0000,0x2104,0x2104,0x1FF8,0x7FFE,0x0000,0x0FF8,0x1008,0x0FF8,0x0000,0x3FFE,0x27E2,0x2412,0x27E2,0x241E,0x0000},  /* U+5D69 */
  {0x0000,0x1088,0x1088,0x1176,0x5420,0x55FC,0x5420,0x577E,0x5480,0x5500,0x55FE,0x7D10,0x4610,0x4410,0x09FE,0x0000},  /* U+5D6F */
  {0x0000,0x1020,0x11FC,0x1104,0x55FC,0x5504,0x55FC,0x5500,0x55FE,0x55FC,0x5402,0x7DAA,0x46A6,0x4252,0x041C,0x0000},  /* U+5D8B */
  {0x0000,0x2104,0x2104,0x3FFC,0x08EE,0x1410,0x23FC,0xFE82,0x00FC,0x7E82,0x12FC,0x1282,0x16FC,0x104C,0x1182,0x0000},  /* U+5DBA */
  {0x0000,0x2104,0x2FFC,0x1104,0x0888,0x3776,0x3FA0,0x2420,0x3FDE,0x2944,0x2EA4,0x4F18,0x4910,0x5F28,0x41C6,0x0000},  /* U+5DCC */
  {0x0000,0x2084,0x2084,0x2084,0x2084,0x2084,0x2084,0x2084,0x2084,0x2084,0x2084,0x2084,0x4084,0x4004,0x0000,0x0000},  /* U+5DDD */
  {0x0000,0x0884,0x0884,0x0884,0x0884,0x2CA4,0x2A94,0x4A94,0x4A8C,0x1084,0x1084,0x1084,0x1084,0x2084,0x4004,0x0000},  /* U+5DDE */
  {0x0000,0x4122,0x2224,0x1244,0x0448,0x0488,0x0890,0x7488,0x1248,0x1244,0x1224,0x1122,0x1112,0x2800,0x47FE,0x0000},  /* U+5DE1 */
  {0x0000,0x310C,0x0910,0x1FF8,0x2104,0x3FFC,0x2104,0x2104,0x1FF8,0x0100,0x7FFE,0x0340,0x0D20,0x3118,0x4106,0x0000},  /* U+5DE3 */
  {0x0000,0x0000,0x3FFC,0x0100,0x0100,0x0100,0x0100,0x0100,0x0100,0x0100,0x0100,0x0100,0x7FFE,0x0000,0x0000,0x0000},  /* U+5DE5 */
  {0x0000,0x0200,0x0200,0x0400,0x7FFE,0x0400,0x0400,0x0800,0x0FFC,0x1040,0x1040,0x2040,0x2040,0x4040,0x1FFE,0x0000},  /* U+5DE6 */
  {0x0000,0x01FE,0x7E40,0x1080,0x1080,0x10FC,0x1082,0x1102,0x1002,0x1E02,0x6004,0x0004,0x0004,0x007C,0x0000,0x0000},  /* U+5DE7 */
  {0x0000,0x7FF8,0x4000,0x4000,0x7FF0,0x4008,0x4008,0x4008,0x4008,0x7FF8,0x4000,0x4000,0x7FFC,0x4000,0x0000,0x0000},  /* U+5DE8 */
  {0x0000,0x0810,0x0420,0x3FFC,0x0100,0x3FFC,0x0100,0x0100,0x7FFE,0x0800,0x0FFC,0x1040,0x1040,0x2040,0x4FFE,0x0000},  /* U+5DEE */
  {0x0000,0x7FF0,0x0010,0x0010,0x0010,0x0010,0x7FF0,0x4010,0x4000,0x4000,0x4004,0x4004,0x4004,0x3FF8,0x0000,0x0000},  /* U+5DF1 */
  {0x0000,0x7FF0,0x4010,0x4010,0x4010,0x4010,0x7FF0,0x4010,0x4000,0x4000,0x4004,0x4004,0x4004,0x3FF8,0x0000,0x0000},  /* U+5DF3 */
  {0x0000,0x7FF8,0x4208,0x4208,0x4208,0x4208,0x7FF8,0x4008,0x4000,0x4000,0x4004,0x4004,0x4004,0x3FF8,0x0000,0x0000},  /* U+5DF4 */
  {0x0000,0x0420,0x0420,0x3FFC,0x0420,0x0420,0x7FFE,0x0810,0x0FE8,0x3814,0x4812,0x0FE0,0x0804,0x0804,0x07F8,0x0000},  /* U+5DF7 */
  {0x0000,0x1108,0x0910,0x3DBC,0x0240,0x0240,0x7FFE,0x0810,0x1FE8,0x2026,0x4020,0x0FE0,0x0808,0x0808,0x0FF8,0x0000},  /* U+5DFB */
  {0x0000,0x3E7C,0x0204,0x1E7C,0x2080,0x2182,0x3E7C,0x0420,0x3FFC,0x0420,0x0420,0x7FFE,0x0000,0x0E38,0x7006,0x0000},  /* U+5DFD */
  {0x0000,0x0100,0x0100,0x0100,0x3FFC,0x2104,0x2104,0x2104,0x2104,0x2104,0x2104,0x2104,0x213C,0x0100,0x0100,0x0000},  /* U+5DFE */
  {0x0000,0x0100,0x0100,0x7FFE,0x0100,0x0100,0x1FF8,0x2104,0x2104,0x2104,0x2104,0x2104,0x2138,0x0100,0x0100,0x0000},  /* U+5E02 */
  {0x0000,0x0200,0x0200,0x7FFE,0x0400,0x0880,0x0880,0x1FFC,0x3084,0x5084,0x1084,0x1084,0x1084,0x1098,0x0080,0x0000},  /* U+5E03 */
  {0x0000,0x1070,0x1088,0x1088,0x7E88,0x5288,0x52C8,0x52A8,0x5298,0x5298,0x5308,0x5508,0x110A,0x120A,0x1406,0x0000},  /* U+5E06 */
  {0x0000,0x1818,0x0620,0x01E0,0x1E18,0x2200,0x7FFE,0x0480,0x0880,0x17FC,0x2884,0x4884,0x0884,0x08BC,0x0080,0x0000},  /* U+5E0C */
  {0x0000,0x1020,0x1020,0x1020,0x7E3E,0x5220,0x5220,0x5220,0x52DE,0x5282,0x5282,0x5482,0x1082,0x10FE,0x1082,0x0000},  /* U+5E16 */
  {0x0000,0x0100,0x77EE,0x0810,0x0420,0x0420,0x7BDE,0x4102,0x4FF2,0x1108,0x1108,0x1108,0x1108,0x1138,0x0100,0x0000},  /* U+5E1D */
  {0x0000,0x1020,0x1020,0x7CFC,0x4522,0x4522,0x7D22,0x4122,0x4122,0x7D22,0x4522,0x452E,0x4420,0x7C20,0x4020,0x0000},  /* U+5E25 */
  {0x0000,0x11DE,0x1020,0x7C20,0x44FC,0x4522,0x7D22,0x4122,0x4122,0x7D22,0x4522,0x4522,0x452C,0x7C20,0x4020,0x0000},  /* U+5E2B */
  {0x0000,0x0080,0x3FFE,0x2000,0x2210,0x3FFE,0x2210,0x2210,0x21E0,0x2040,0x2FFC,0x2844,0x4844,0x4844,0x4858,0x0000},  /* U+5E2D */
  {0x0000,0x1108,0x7FFE,0x1108,0x1108,0x0FF0,0x0000,0x7FFE,0x4102,0x5FFA,0x1108,0x1108,0x1108,0x1138,0x0100,0x0000},  /* U+5E2F */
  {0x0000,0x17F8,0x5008,0x53F8,0x5008,0x57F8,0x5000,0x5FFC,0x5884,0x53F8,0x1488,0x2488,0x2488,0x44B8,0x4080,0x0000},  /* U+5E30 */
  {0x0000,0x10FC,0x1080,0x10FC,0x7C80,0x5480,0x54FC,0x5480,0x53FE,0x54A2,0x5494,0x5C98,0x1088,0x10B4,0x13C2,0x0000},  /* U+5E33 */
  {0x0000,0x2110,0x1120,0x7FFC,0x4004,0x5FE4,0x5014,0x1010,0x1FE0,0x0100,0x3FF8,0x4108,0x4108,0x4108,0x0170,0x0000},  /* U+5E38 */
  {0x0000,0x11FE,0x1102,0x11FE,0x7D02,0x5502,0x54FC,0x547C,0x5482,0x54FE,0x5482,0x5C82,0x10FE,0x1082,0x10FC,0x0000},  /* U+5E3D */
  {0x0000,0x11FE,0x1000,0x10F8,0x7D04,0x5504,0x55FC,0x5400,0x54DC,0x5522,0x5522,0x5DFE,0x1122,0x1122,0x11FE,0x0000},  /* U+5E45 */
  {0x0000,0x11FC,0x1102,0x11FE,0x7D02,0x55DE,0x5420,0x5524,0x54A4,0x5428,0x57D6,0x5C50,0x1090,0x1092,0x131E,0x0000},  /* U+5E4C */
  {0x0000,0x0420,0x7FFE,0x0000,0x1FF8,0x1FF8,0x1008,0x1FF8,0x0400,0x7FFE,0x1108,0x3FFE,0x5108,0x1108,0x1130,0x0000},  /* U+5E55 */
  {0x0000,0x10FC,0x1124,0x10A8,0x7FAE,0x5450,0x54A8,0x5524,0x5622,0x55FC,0x5522,0x5DFE,0x1122,0x1122,0x11FC,0x0000},  /* U+5E61 */
  {0x0000,0x5240,0x547C,0x3C88,0x5348,0x7630,0x5620,0x52D8,0x5704,0x0200,0x7FF8,0x4208,0x4208,0x4278,0x0200,0x0000},  /* U+5E63 */
  {0x0000,0x3FFC,0x0100,0x0100,0x0100,0x0100,0x7FFE,0x0100,0x0100,0x0100,0x0100,0x0100,0x0100,0x0100,0x0000,0x0000},  /* U+5E72 */
  {0x0000,0x3FFC,0x1108,0x1108,0x0910,0x0910,0x0920,0x7FFE,0x0100,0x0100,0x0100,0x0100,0x0100,0x0100,0x0000,0x0000},  /* U+5E73 */
  {0x0000,0x0800,0x0800,0x17FE,0x1080,0x2080,0x4FFC,0x1080,0x1080,0x1080,0x7FFE,0x0080,0x0080,0x0080,0x0080,0x0000},  /* U+5E74 */
  {0x0000,0x0100,0x1FF8,0x0100,0x0100,0x7FFE,0x0810,0x0820,0x7EFE,0x0100,0x0100,0x3FFC,0x0100,0x0100,0x0100,0x0000},  /* U+5E78 */
  {0x0000,0x0810,0x7F28,0x0844,0x0844,0x7682,0x43FC,0x3E10,0x4210,0x3EFE,0x0810,0x7F10,0x0810,0x0810,0x0810,0x0000},  /* U+5E79 */
  {0x0000,0x0800,0x11FE,0x1002,0x2202,0x6202,0x2402,0x1802,0x0802,0x1402,0x1202,0x2104,0x7F04,0x0084,0x003C,0x0000},  /* U+5E7B */
  {0x0000,0x0820,0x0820,0x1020,0x11FE,0x6222,0x2422,0x1422,0x0822,0x0C22,0x1242,0x2242,0x3F82,0x4102,0x021C,0x0000},  /* U+5E7C */
  {0x0000,0x0100,0x2920,0x2924,0x332C,0x33CC,0x3554,0x2934,0x292C,0x2B2C,0x3344,0x2DBC,0x2104,0x3FFC,0x2004,0x0000},  /* U+5E7D */
  {0x0000,0x1110,0x1524,0x6548,0x1930,0x1514,0x22EE,0x5E92,0x0088,0x7FFE,0x0848,0x1450,0x1222,0x20E2,0x431E,0x0000},  /* U+5E7E */
  {0x0000,0x0080,0x0080,0x3F7E,0x2000,0x2000,0x2FFE,0x2040,0x2040,0x2040,0x2040,0x2040,0x4040,0x4040,0x43C0,0x0000},  /* U+5E81 */
  {0x0000,0x0080,0x0080,0x3FFE,0x2000,0x2080,0x2100,0x2100,0x2100,0x2210,0x2208,0x2208,0x4404,0x5FFE,0x4002,0x0000},  /* U+5E83 */
  {0x0000,0x0080,0x0080,0x3F7E,0x2040,0x2040,0x2040,0x2040,0x2FFC,0x2040,0x2040,0x2040,0x4040,0x4040,0x5FFE,0x0000},  /* U+5E84 */
  {0x0000,0x0080,0x1FFE,0x2000,0x2820,0x2820,0x2822,0x282C,0x2FB0,0x2820,0x2820,0x4820,0x4822,0x49A2,0x5E3E,0x0000},  /* U+5E87 */
  {0x0000,0x0080,0x0080,0x3F7E,0x2040,0x2040,0x2040,0x2FFE,0x20A0,0x2160,0x2250,0x2448,0x4844,0x5042,0x4040,0x0000},  /* U+5E8A */
  {0x0000,0x0080,0x1FFE,0x2000,0x2FF0,0x2008,0x2330,0x20C0,0x3FBC,0x2042,0x2044,0x2048,0x4040,0x4040,0x43C0,0x0000},  /* U+5E8F */
  {0x0000,0x0080,0x3FFE,0x2000,0x21FC,0x2620,0x2420,0x2420,0x27FE,0x2420,0x2420,0x2460,0x5F92,0x4012,0x5FEE,0x0000},  /* U+5E95 */
  {0x0000,0x0080,0x3FFE,0x2200,0x2400,0x27FC,0x2804,0x37C4,0x2424,0x2424,0x27C4,0x2418,0x4402,0x4402,0x47FE,0x0000},  /* U+5E96 */
  {0x0000,0x0080,0x0080,0x3F7E,0x2080,0x2080,0x207E,0x2080,0x2080,0x27F8,0x2804,0x2804,0x4804,0x4804,0x4FFC,0x0000},  /* U+5E97 */
  {0x0000,0x0080,0x3FFE,0x2080,0x2080,0x2FFC,0x2084,0x3FFE,0x2084,0x2084,0x2FF8,0x20C0,0x4120,0x4210,0x5C0E,0x0000},  /* U+5E9A */
  {0x0000,0x0080,0x1FFE,0x2000,0x2208,0x2408,0x25FE,0x2C08,0x3488,0x2488,0x2448,0x4448,0x4408,0x4408,0x4438,0x0000},  /* U+5E9C */
  {0x0000,0x0080,0x3FFE,0x2210,0x2210,0x3FFE,0x2210,0x2210,0x21E0,0x2000,0x2FF8,0x2218,0x4120,0x41E0,0x5E1E,0x0000},  /* U+5EA6 */
  {0x0000,0x0080,0x1FFE,0x2000,0x2488,0x2488,0x2490,0x2A9C,0x29A2,0x30C2,0x2FFC,0x4080,0x4080,0x4080,0x5FFE,0x0000},  /* U+5EA7 */
  {0x0000,0x0080,0x3FFE,0x2080,0x2FFE,0x2080,0x2FFC,0x2884,0x2FFC,0x2884,0x2FFC,0x4080,0x5FFE,0x4080,0x4080,0x0000},  /* U+5EAB */
  {0x0000,0x0080,0x3FFE,0x2000,0x3E0C,0x24F0,0x2410,0x2810,0x37FE,0x2210,0x3210,0x4A10,0x44EE,0x4A00,0x51FE,0x0000},  /* U+5EAD */
  {0x0000,0x0080,0x3FFE,0x2080,0x2100,0x3FFE,0x2290,0x2488,0x2FFC,0x348A,0x27F8,0x4488,0x47FA,0x4482,0x407E,0x0000},  /* U+5EB5 */
  {0x0000,0x0080,0x1FFE,0x2000,0x2210,0x2210,0x3FFE,0x2210,0x2210,0x2210,0x21E0,0x2008,0x4924,0x4922,0x5112,0x0000},  /* U+5EB6 */
  {0x0000,0x0080,0x3FFE,0x2080,0x2FFC,0x2084,0x3FFE,0x2084,0x2084,0x2FF8,0x2CCC,0x42B0,0x43A0,0x4C98,0x5386,0x0000},  /* U+5EB7 */
  {0x0000,0x0080,0x3FFE,0x2080,0x2FFC,0x2084,0x3FFE,0x2FFC,0x2080,0x2FFC,0x2884,0x2FFC,0x4FFC,0x4884,0x489C,0x0000},  /* U+5EB8 */
  {0x0000,0x0080,0x3FFE,0x2E24,0x2128,0x2912,0x260C,0x26D8,0x3926,0x2120,0x2FFE,0x4120,0x4220,0x4422,0x583E,0x0000},  /* U+5EC3 */
  {0x0000,0x0080,0x3FFE,0x2210,0x2220,0x3DFE,0x2120,0x2FFC,0x3FFE,0x2124,0x2124,0x4FF8,0x4330,0x4D28,0x5126,0x0000},  /* U+5EC9 */
  {0x0000,0x0080,0x3FFE,0x2200,0x273E,0x28A2,0x28A4,0x2FA4,0x28A8,0x2FA4,0x2822,0x4922,0x48A2,0x4FAC,0x5060,0x0000},  /* U+5ECA */
  {0x0000,0x0080,0x3FFE,0x2200,0x3FFE,0x2024,0x2FA4,0x28A8,0x2728,0x2FA4,0x2122,0x43E2,0x5E22,0x422C,0x4E20,0x0000},  /* U+5ED3 */
  {0x0000,0x0080,0x3FFE,0x2200,0x3FBC,0x2222,0x2FB2,0x30AA,0x2FA2,0x30B2,0x2FAA,0x4222,0x5FC2,0x4242,0x428E,0x0000},  /* U+5EDF */
  {0x0000,0x0080,0x3FFE,0x2210,0x3290,0x2AA0,0x223E,0x3DA4,0x3054,0x3794,0x5594,0x5588,0x5788,0x5094,0x51E2,0x0000},  /* U+5EE0 */
  {0x0000,0x001E,0x7BE0,0x1020,0x1020,0x2120,0x3D3E,0x4520,0x0520,0x2920,0x2920,0x13FE,0x1800,0x2600,0x41FE,0x0000},  /* U+5EF6 */
  {0x0000,0x001C,0x7BE0,0x0820,0x1020,0x2020,0x3BFE,0x4420,0x0820,0x4820,0x2820,0x31FE,0x1000,0x2C00,0x43FE,0x0000},  /* U+5EF7 */
  {0x0000,0x0020,0x7BFC,0x1024,0x17FE,0x2024,0x3BFC,0x4820,0x0BFC,0x2820,0x2820,0x17FE,0x1820,0x2620,0x41FE,0x0000},  /* U+5EFA */
  {0x0000,0x7BFE,0x1202,0x1262,0x2292,0x3A92,0x4A92,0x0AF2,0x2A02,0x2A02,0x13FE,0x1202,0x2E00,0x41FE,0x0000,0x0000},  /* U+5EFB */
  {0x0000,0x7BFE,0x1090,0x13FE,0x2292,0x3A92,0x4A92,0x0B0E,0x2A02,0x2A02,0x13FE,0x1A02,0x2600,0x41FE,0x0000,0x0000},  /* U+5EFC */
  {0x0000,0x0810,0x0810,0x0810,0x0810,0x7FFE,0x0810,0x0810,0x0810,0x0810,0x0810,0x0810,0x0810,0x0FF0,0x0810,0x0000},  /* U+5EFF */
  {0x0000,0x0200,0x0420,0x0810,0x1FFC,0x6002,0x0410,0x0410,0x7FFE,0x0410,0x0810,0x0810,0x1010,0x1010,0x6010,0x0000},  /* U+5F01 */
  {0x0000,0x3FFC,0x0100,0x3FFC,0x0100,0x7FFE,0x0420,0x0420,0x0420,0x7BFE,0x0820,0x0820,0x1020,0x6020,0x0000,0x0000},  /* U+5F04 */
  {0x0000,0x2920,0x2A3A,0x3F44,0x49A4,0x5B28,0x5B18,0x6938,0x4B46,0x0420,0x0420,0x7FFE,0x0820,0x1820,0x6020,0x0000},  /* U+5F0A */
  {0x0000,0x0058,0x0044,0x0040,0x7FFE,0x0040,0x0040,0x0040,0x0040,0x7FA0,0x0020,0x0020,0x0012,0x0012,0x000E,0x0000},  /* U+5F0C */
  {0x0000,0x0058,0x0044,0x0040,0x7FFE,0x0040,0x0040,0x0040,0x3F20,0x0020,0x0020,0x0020,0x0012,0x7F92,0x000E,0x0000},  /* U+5F0D */
  {0x0000,0x0058,0x0044,0x0040,0x7FFE,0x0040,0x0040,0x7FA0,0x0420,0x0420,0x0420,0x0410,0x0592,0x1E12,0x600E,0x0000},  /* U+5F0F */
  {0x0000,0x0058,0x3F44,0x0042,0x0040,0x7FFE,0x0040,0x0020,0x3F20,0x0020,0x0020,0x0010,0x0112,0x1E12,0x600E,0x0000},  /* U+5F10 */
  {0x0000,0x3FF8,0x0008,0x0008,0x1FF8,0x1000,0x1000,0x2000,0x3FFC,0x0004,0x0004,0x0004,0x0008,0x00F8,0x0000,0x0000},  /* U+5F13 */
  {0x0000,0x7FF8,0x0208,0x0208,0x7FF8,0x4200,0x4200,0x4200,0x7FFC,0x0204,0x0204,0x0208,0x0270,0x0200,0x0000,0x0000},  /* U+5F14 */
  {0x0000,0x1F84,0x0084,0x0084,0x0084,0x1F84,0x1004,0x1004,0x1F84,0x2084,0x0084,0x0084,0x0084,0x0104,0x0F04,0x0000},  /* U+5F15 */
  {0x0000,0x0240,0x0240,0x3FFC,0x0244,0x0244,0x1FFC,0x2240,0x2240,0x3FFE,0x4442,0x0442,0x0842,0x105C,0x6040,0x0000},  /* U+5F17 */
  {0x0000,0x7C20,0x0220,0x0220,0x0220,0x3C40,0x4040,0x4040,0x7C48,0x4244,0x0444,0x0482,0x0482,0x04BE,0x3D42,0x0000},  /* U+5F18 */
  {0x0000,0x7020,0x0920,0x0924,0x093A,0x7962,0x41A2,0x4722,0x7922,0x0922,0x092C,0x0920,0x0902,0x0902,0x78FE,0x0000},  /* U+5F1B */
  {0x0000,0x0810,0x0410,0x3FFC,0x0084,0x0084,0x1FFC,0x2080,0x2080,0x3FFE,0x2102,0x0282,0x0C84,0x30BC,0x4080,0x0000},  /* U+5F1F */
  {0x0000,0x7C80,0x0480,0x05DE,0x0520,0x3E20,0x4220,0x40A4,0x7CA4,0x4522,0x0522,0x0622,0x0622,0x0420,0x38E0,0x0000},  /* U+5F25 */
  {0x0000,0x7820,0x0820,0x0BFE,0x0840,0x7840,0x4288,0x4110,0x7890,0x4860,0x0848,0x0848,0x0884,0x09FC,0x7A02,0x0000},  /* U+5F26 */
  {0x0000,0xE07C,0x1388,0x1488,0x1488,0xF488,0x8488,0x8488,0xF488,0x1488,0x14A8,0x1494,0x1494,0x1BF4,0xF80A,0x0000},  /* U+5F27 */
  {0x0000,0x7E7C,0x0202,0x0202,0x0202,0x3C7C,0x2080,0x7C80,0x42FE,0x3222,0x1A12,0x060A,0x3A72,0x4284,0x1E3C,0x0000},  /* U+5F31 */
  {0x0000,0x78FE,0x0500,0x05FC,0x0500,0x3D00,0x40FC,0x4100,0x7BFE,0x4520,0x0516,0x0518,0x0508,0x0534,0x3BC2,0x0000},  /* U+5F35 */
  {0x0000,0xE080,0x1110,0x1108,0x17FC,0xF044,0x8040,0x87FC,0xF444,0x1444,0x13FC,0x1050,0x1048,0x1044,0xF7BE,0x0000},  /* U+5F37 */
  {0x0000,0x781E,0x0FC2,0x0902,0x0902,0x7EDE,0x4450,0x4450,0x7C5E,0x0FC2,0x0C42,0x0C42,0x0C42,0x0BC2,0x741C,0x0000},  /* U+5F3C */
  {0x0000,0x7162,0x0924,0x0888,0x09FE,0x7A22,0x43FE,0x4222,0x7A22,0x09FE,0x0820,0x0BFE,0x0820,0x0820,0x7820,0x0000},  /* U+5F3E */
  {0x0000,0x73FE,0x0800,0x09FC,0x09FC,0x7924,0x41FC,0x43FE,0x7800,0x09FC,0x0A24,0x0BFC,0x0A24,0x09D8,0x7FFE,0x0000},  /* U+5F4A */
  {0x0000,0x2104,0x1104,0x1108,0x0910,0x0110,0x3FFC,0x0004,0x0004,0x0004,0x1FFC,0x0004,0x0004,0x0004,0x3FFC,0x0000},  /* U+5F53 */
  {0x0000,0x6E84,0x1108,0x1110,0x1160,0x1102,0x1104,0x7F88,0x1130,0x1140,0x1102,0x2104,0x2108,0x2110,0x4160,0x0000},  /* U+5F62 */
  {0x0000,0x0100,0x3FFC,0x0810,0x0420,0x0420,0x3BDE,0x2060,0x2F80,0x2018,0x20E0,0x2704,0x2018,0x40E0,0x5F00,0x0000},  /* U+5F66 */
  {0x0000,0x0F84,0x7008,0x2890,0x2520,0x1502,0x0404,0x0408,0x7FB0,0x0E00,0x1502,0x1482,0x240C,0x4410,0x0460,0x0000},  /* U+5F69 */
  {0x0000,0x0404,0x0788,0x0430,0x3B82,0x2884,0x3F08,0x28F0,0x2782,0x4004,0x4A08,0x4A10,0x52E2,0x5202,0x61FC,0x0000},  /* U+5F6A */
  {0x0000,0x3FC2,0x404C,0x4450,0x5F60,0x4442,0x5F44,0x4048,0x4E70,0x5142,0x5142,0x5144,0x5E44,0x4058,0x43E0,0x0000},  /* U+5F6B */
  {0x0000,0x1082,0x1084,0x1088,0x7BD0,0x1122,0x1182,0x3944,0x36A8,0x52B0,0x5482,0x5484,0x1084,0x1098,0x10E0,0x0000},  /* U+5F6C */
  {0x0000,0x0404,0x7FC8,0x1110,0x7FE0,0x0002,0x3F84,0x2088,0x3F90,0x20A0,0x3F82,0x0402,0x7FC4,0x0418,0x0460,0x0000},  /* U+5F70 */
  {0x0000,0x3F84,0x2088,0x3F90,0x20A0,0x3F82,0x0404,0x7BC8,0x3F90,0x20A0,0x2082,0x1F02,0x2504,0x2498,0x5C60,0x0000},  /* U+5F71 */
  {0x0000,0x09F8,0x1108,0x2108,0x490A,0x110A,0x120C,0x3400,0xD3FC,0x1108,0x1088,0x1090,0x1060,0x1090,0x170E,0x0000},  /* U+5F79 */
  {0x0000,0x1820,0x1020,0x23FE,0x4A22,0x1224,0x1220,0x33FC,0x5304,0x1288,0x1288,0x1450,0x1420,0x14D8,0x1B06,0x0000},  /* U+5F7C */
  {0x0000,0x08C0,0x1020,0x2010,0x4BEE,0x0820,0x1020,0x3020,0xD020,0x13FC,0x1020,0x1020,0x1020,0x1020,0x17FE,0x0000},  /* U+5F80 */
  {0x0000,0x0800,0x13FE,0x2020,0x4820,0x0820,0x1220,0x3220,0x523C,0x1220,0x1220,0x1220,0x1220,0x1220,0x17FE,0x0000},  /* U+5F81 */
  {0x0000,0x0AF8,0x1104,0x2108,0x4898,0x1060,0x10D0,0x330F,0xD420,0x1020,0x13FC,0x1020,0x1020,0x1020,0x17FE,0x0000},  /* U+5F84 */
  {0x0000,0x0820,0x1020,0x23FC,0x4820,0x0820,0x17FE,0x3008,0x5008,0x17FE,0x1108,0x1088,0x1088,0x1008,0x1038,0x0000},  /* U+5F85 */
  {0x0000,0x0840,0x13F8,0x2044,0x4844,0x0FFE,0x1044,0x33FC,0x5040,0x13FC,0x1040,0x1040,0x17FE,0x1040,0x1040,0x0000},  /* U+5F8B */
  {0x0000,0x18C0,0x1088,0x6310,0x8920,0x10C8,0x1084,0x3F7A,0xD080,0x117C,0x1288,0x1450,0x1020,0x10D8,0x1706,0x0000},  /* U+5F8C */
  {0x0000,0x1860,0x1090,0x6108,0x8A04,0x15DA,0x1020,0x3020,0xD7FE,0x1020,0x1128,0x1224,0x1222,0x1422,0x11E0,0x0000},  /* U+5F90 */
  {0x0000,0x1820,0x1020,0x63FC,0x8820,0x1020,0x17FE,0x3020,0xD220,0x123E,0x1220,0x1220,0x1520,0x14A0,0x187E,0x0000},  /* U+5F92 */
  {0x0000,0x1904,0x1088,0x6088,0x8BFE,0x1020,0x1020,0x3220,0xD23E,0x1220,0x1220,0x1220,0x1320,0x14A0,0x187E,0x0000},  /* U+5F93 */
  {0x0000,0x09FC,0x1204,0x21FC,0x4A04,0x0A04,0x11F8,0x37F6,0xD008,0x1008,0x17FE,0x1108,0x1088,0x1048,0x1038,0x0000},  /* U+5F97 */
  {0x0000,0x1200,0x26DE,0x4512,0x1912,0x1112,0x2FD2,0x6112,0xA512,0x25D2,0x2512,0x2512,0x253C,0x2FD0,0x2010,0x0000},  /* U+5FA1 */
  {0x0000,0x1900,0x11FE,0x6200,0x8BFC,0x1504,0x11FC,0x3104,0xD1FC,0x1080,0x11FC,0x1288,0x1450,0x1070,0x178E,0x0000},  /* U+5FA9 */
  {0x0000,0x181C,0x13E0,0x6220,0x8BFE,0x1220,0x1220,0x33DE,0xD302,0x12FC,0x1302,0x15FE,0x1502,0x1502,0x19FE,0x0000},  /* U+5FAA */
  {0x0000,0x1110,0x2950,0x4950,0x196E,0x17E2,0x2054,0x6054,0xAF94,0x2494,0x2488,0x24A8,0x25D4,0x2814,0x2863,0x0000},  /* U+5FAE */
  {0x0000,0x1820,0x17FE,0x6020,0x8820,0x13FE,0x1492,0x3492,0xD7FE,0x1000,0x10C0,0x1324,0x1502,0x150A,0x18FA,0x0000},  /* U+5FB3 */
  {0x0000,0x1110,0x2950,0x4950,0x195E,0x17E2,0x2024,0x67D4,0xA114,0x2114,0x27C8,0x2108,0x21D4,0x2E24,0x20C2,0x0000},  /* U+5FB4 */
  {0x0000,0x1110,0x2DD0,0x4210,0x129E,0x1FE2,0x2034,0x67B4,0xA454,0x2794,0x2448,0x27C8,0x2448,0x2454,0x25E2,0x0000},  /* U+5FB9 */
  {0x0000,0x1110,0x2950,0x4950,0x17DE,0x1DD2,0x2234,0x62B4,0xAD14,0x228C,0x2EC8,0x2128,0x2554,0x2954,0x2963,0x0000},  /* U+5FBD */
  {0x0000,0x0700,0x00C0,0x0020,0x0000,0x0400,0x0408,0x2404,0x2404,0x2402,0x4402,0x4409,0x8410,0x0410,0x07F0,0x0000},  /* U+5FC3 */
  {0x0000,0x0604,0x0108,0x0088,0x0050,0x0420,0x2428,0x2444,0x2484,0x4502,0x4602,0x4C0A,0x3408,0x4408,0x07F0,0x0000},  /* U+5FC5 */
  {0x0000,0x3FF8,0x0008,0x0008,0x1FF8,0x2000,0x2004,0x2004,0x1FF8,0x0100,0x1488,0x2444,0x2412,0x4412,0x07E0,0x0000},  /* U+5FCC */
  {0x0000,0x3FFC,0x0104,0x1E04,0x0304,0x04C4,0x0808,0x3038,0x4300,0x0488,0x2444,0x2412,0x4412,0x07F0,0x0000,0x0000},  /* U+5FCD */
  {0x0000,0x0100,0x0100,0x7FFE,0x0100,0x0100,0x0100,0x3FFC,0x0200,0x0100,0x1488,0x2404,0x2414,0x4412,0x47F0,0x0000},  /* U+5FD7 */
  {0x0000,0x0100,0x0100,0x7EFE,0x1000,0x1000,0x1000,0x0FFC,0x0200,0x0100,0x1488,0x2404,0x2412,0x4412,0x07E0,0x0000},  /* U+5FD8 */
  {0x0000,0x1020,0x1020,0x1820,0x57FE,0x5500,0x5100,0x5100,0x1100,0x1100,0x1100,0x1100,0x1100,0x1100,0x10FE,0x0000},  /* U+5FD9 */
  {0x0000,0x0080,0x0080,0x3F7E,0x2100,0x2080,0x2060,0x2200,0x2A08,0x2A04,0x2A04,0x2A0A,0x520A,0x4208,0x41F0,0x0000},  /* U+5FDC */
  {0x0000,0x0100,0x0100,0x3FFC,0x2104,0x2104,0x2104,0x3FFC,0x0100,0x0300,0x1488,0x2444,0x2414,0x4412,0x07E0,0x0000},  /* U+5FE0 */
  {0x0000,0x1040,0x1040,0x1BFC,0x5844,0x5444,0x5044,0x5044,0x17FE,0x1060,0x1060,0x1090,0x1088,0x110C,0x1602,0x0000},  /* U+5FEB */
  {0x0000,0x0180,0x0240,0x0C30,0x17EC,0x6002,0x1FF8,0x0010,0x0010,0x0320,0x1490,0x1408,0x2414,0x2412,0x47E0,0x0000},  /* U+5FF5 */
  {0x0000,0x0C00,0x0FFC,0x1224,0x2244,0x4444,0x0884,0x1108,0x2208,0x0430,0x0380,0x1448,0x2404,0x4412,0x47F0,0x0000},  /* U+5FFD */
  {0x0000,0x1078,0x7C84,0x1244,0x2244,0x2228,0x5410,0x0C28,0x12C6,0x6200,0x0590,0x1448,0x2414,0x2412,0x47E0,0x0000},  /* U+6012 */
  {0x0000,0x1040,0x1040,0x1FFE,0x5880,0x5520,0x5120,0x53FE,0x1522,0x1122,0x1122,0x1122,0x112C,0x1020,0x1020,0x0000},  /* U+6016 */
  {0x0000,0x1060,0x1090,0x1890,0x5508,0x57FE,0x5402,0x5000,0x13FC,0x1044,0x1044,0x1044,0x1044,0x105C,0x1040,0x0000},  /* U+601C */
  {0x0000,0x3FF8,0x2104,0x2104,0x3FFC,0x2104,0x2104,0x2104,0x1EF8,0x0300,0x2888,0x2844,0x2814,0x4812,0x07E0,0x0000},  /* U+601D */
  {0x0000,0x0400,0x0830,0x0BF8,0x7404,0x0FF2,0x1008,0x1008,0x1008,0x1FF8,0x0100,0x1488,0x2414,0x2412,0x47E0,0x0000},  /* U+6020 */
  {0x0000,0x0400,0x0BE0,0x1040,0x3FF8,0x4008,0x0008,0x1FF8,0x0008,0x1FF8,0x0100,0x1488,0x2414,0x2412,0x47E0,0x0000},  /* U+6025 */
  {0x0000,0x1120,0x1120,0x1920,0x55FE,0x5620,0x5220,0x5420,0x1020,0x13FC,0x1020,0x1020,0x1020,0x1020,0x17FE,0x0000},  /* U+6027 */
  {0x0000,0x0800,0x1F7C,0x1144,0x3244,0x4A5C,0x0440,0x0842,0x107E,0x6300,0x0488,0x1444,0x2414,0x4412,0x07E0,0x0000},  /* U+6028 */
  {0x0000,0x12F8,0x1104,0x1888,0x5850,0x5420,0x50D8,0x5706,0x1020,0x1020,0x13FE,0x1020,0x1020,0x1020,0x17FE,0x0000},  /* U+602A */
  {0x0000,0x1020,0x1020,0x1820,0x57FE,0x5420,0x5020,0x5020,0x17DE,0x1080,0x1080,0x1088,0x1104,0x110C,0x17F2,0x0000},  /* U+602F */
  {0x0000,0x0100,0x7DBE,0x0240,0x1250,0x1248,0x2244,0x4442,0x0840,0x1280,0x0100,0x1488,0x2414,0x2412,0x47E2,0x0000},  /* U+604B */
  {0x0000,0x7EF8,0x1088,0x10E8,0x1098,0x1F0A,0x610A,0x0606,0x0300,0x0488,0x1444,0x2414,0x2412,0x47E0,0x0000,0x0000},  /* U+6050 */
  {0x0000,0x13FE,0x1000,0x1800,0x55FC,0x5504,0x5104,0x5104,0x11FC,0x1104,0x1104,0x11FC,0x1000,0x13FE,0x1000,0x0000},  /* U+6052 */
  {0x0000,0x0800,0x7E7E,0x1142,0x2242,0x2242,0x5C42,0x0B42,0x303C,0x4300,0x0488,0x1444,0x2414,0x4412,0x47E0,0x0000},  /* U+6055 */
  {0x0000,0x1200,0x1200,0x1FFE,0x5A10,0x5610,0x5292,0x5292,0x1294,0x1314,0x1230,0x1430,0x1448,0x1484,0x1902,0x0000},  /* U+6062 */
  {0x0000,0x7F60,0x2210,0x2208,0x2200,0x3E40,0x22C4,0x22C2,0x3CC2,0x2342,0x2342,0x3D42,0x4244,0x0244,0x023C,0x0000},  /* U+6065 */
  {0x0000,0x11FC,0x1104,0x1904,0x55FC,0x5504,0x5104,0x51FC,0x1140,0x1126,0x1128,0x1110,0x1108,0x11EC,0x1602,0x0000},  /* U+6068 */
  {0x0000,0x1FFC,0x2084,0x2104,0x2FF4,0x2184,0x2244,0x2434,0x3DFC,0x0200,0x0100,0x14C8,0x2414,0x4412,0x07E0,0x0000},  /* U+6069 */
  {0x0000,0x0420,0x0420,0x3FFC,0x0420,0x0420,0x7FFE,0x0810,0x1108,0x2114,0x4952,0x1148,0x3144,0x0100,0x0E00,0x0000},  /* U+606D */
  {0x0000,0x0100,0x1FF8,0x1008,0x1FF8,0x1008,0x1FF8,0x1008,0x1008,0x0FF0,0x0100,0x1488,0x2444,0x2412,0x47E2,0x0000},  /* U+606F */
  {0x0000,0x2040,0x20A0,0x3110,0xAA08,0xAC04,0xABF2,0xA000,0x2000,0x23F8,0x2408,0x2408,0x2408,0x2408,0x27F8,0x0000},  /* U+6070 */
  {0x0000,0x0100,0x7FFE,0x0100,0x1FF8,0x2104,0x3FFC,0x2104,0x2104,0x1EF8,0x0300,0x1488,0x2404,0x2412,0x47E0,0x0000},  /* U+6075 */
  {0x0000,0x06FC,0x3908,0x0910,0x0920,0x7FFE,0x0340,0x0D30,0x110C,0x6202,0x0110,0x14C8,0x2404,0x4412,0x07F0,0x0000},  /* U+6089 */
  {0x0000,0x1108,0x1088,0x1BDC,0x5422,0x5422,0x51FE,0x5220,0x1220,0x13FE,0x1042,0x10A2,0x1122,0x162C,0x1020,0x0000},  /* U+608C */
  {0x0000,0x1080,0x1100,0x19FE,0x5A00,0x55FC,0x5124,0x5124,0x1224,0x17FE,0x1224,0x1244,0x13FE,0x1004,0x101C,0x0000},  /* U+6094 */
  {0x0000,0x13FE,0x1040,0x1840,0x59FC,0x5484,0x5084,0x57FE,0x1000,0x1000,0x13FC,0x1204,0x1204,0x1204,0x13FC,0x0000},  /* U+609F */
  {0x0000,0x0840,0x10FA,0x1484,0x3548,0x5648,0x1430,0x1430,0x14C8,0x1106,0x0300,0x1488,0x2404,0x2412,0x47F0,0x0000},  /* U+60A0 */
  {0x0000,0x0100,0x1FF8,0x2104,0x3FFC,0x0100,0x3FFC,0x2104,0x2104,0x3FFC,0x0300,0x1488,0x2404,0x2412,0x47E2,0x0000},  /* U+60A3 */
  {0x0000,0x1104,0x1088,0x1888,0x55FC,0x5602,0x5202,0x5202,0x11FC,0x1090,0x1090,0x1090,0x1092,0x1112,0x161E,0x0000},  /* U+60A6 */
  {0x0000,0x1242,0x1222,0x1924,0x5528,0x5408,0x5008,0x528A,0x1252,0x1222,0x1232,0x124A,0x1282,0x13FE,0x1202,0x0000},  /* U+60A9 */
  {0x0000,0x7FFE,0x0240,0x3FFC,0x2244,0x2244,0x1FF8,0x0240,0x7FFE,0x0100,0x1488,0x2414,0x2412,0x47E0,0x0000,0x0000},  /* U+60AA */
  {0x0000,0x0240,0x7E7E,0x0240,0x0240,0x3E7C,0x0240,0x7C7E,0x0C40,0x3340,0x0488,0x1444,0x2414,0x4412,0x47E0,0x0000},  /* U+60B2 */
  {0x0000,0x7CFC,0x4484,0x7CFC,0x4484,0x4484,0x7CFC,0x4604,0x4104,0x4444,0x5424,0x5414,0x6454,0x4444,0x43BC,0x0000},  /* U+60B6 */
  {0x0000,0x2020,0x203E,0x2820,0x69F8,0x6A04,0x6604,0x63FC,0x2204,0x23DC,0x2020,0x2020,0x27FE,0x2020,0x2020,0x0000},  /* U+60BC */
  {0x0000,0x2040,0x27FE,0x3040,0x6BFC,0x6840,0x67BE,0x61F8,0x2204,0x2204,0x23FC,0x2204,0x23FC,0x2204,0x221C,0x0000},  /* U+60C5 */
  {0x0000,0x1020,0x13FE,0x1800,0x55FC,0x5604,0x5204,0x51F8,0x13F4,0x1008,0x1030,0x17FE,0x1020,0x1020,0x10E0,0x0000},  /* U+60C7 */
  {0x0000,0x0098,0x0084,0x7FFA,0x1C44,0x2248,0x2248,0x3E30,0x0022,0x7F5A,0x0284,0x2988,0x2844,0x4812,0x4FF2,0x0000},  /* U+60D1 */
  {0x0000,0x1080,0x11B4,0x1A4A,0x5A52,0x5492,0x5122,0x5222,0x10DC,0x1000,0x1060,0x1294,0x1282,0x1486,0x14F8,0x0000},  /* U+60DA */
  {0x0000,0x1088,0x1088,0x19FE,0x5888,0x5488,0x53FE,0x5000,0x11FC,0x1104,0x1104,0x11FC,0x1104,0x1104,0x11FC,0x0000},  /* U+60DC */
  {0x0000,0x1088,0x1090,0x1910,0x55FE,0x5710,0x5510,0x51FE,0x1110,0x1110,0x11FE,0x1110,0x1110,0x11FE,0x1100,0x0000},  /* U+60DF */
  {0x0000,0x2880,0x28D4,0x3F2A,0x4952,0x4E52,0x7092,0x0924,0x0844,0x0A58,0x0100,0x14C8,0x2414,0x4412,0x07E0,0x0000},  /* U+60E3 */
  {0x0000,0x10C0,0x1088,0x1904,0x5FFA,0x5440,0x57FE,0x5108,0x1224,0x1CC2,0x1310,0x1064,0x1188,0x1030,0x13C0,0x0000},  /* U+60E8 */
  {0x0000,0x1080,0x13FE,0x1080,0x59FC,0x5610,0x55FE,0x5000,0x11FC,0x1104,0x11FC,0x1104,0x11FC,0x1104,0x111C,0x0000},  /* U+60F0 */
  {0x0000,0x087C,0x0882,0x7F82,0x08FC,0x1C82,0x2AFE,0x4882,0x4882,0x08FC,0x0104,0x2484,0x2454,0x4412,0x07E0,0x0000},  /* U+60F3 */
  {0x0000,0x0420,0x7FFE,0x0520,0x7BFE,0x0400,0x0800,0x1FF8,0x6808,0x0FF8,0x0000,0x1588,0x2444,0x2412,0x47F2,0x0000},  /* U+60F9 */
  {0x0000,0x7E10,0x0810,0x0892,0x7E94,0x1914,0x1C30,0x2A28,0x4844,0x0882,0x0300,0x1488,0x2404,0x2412,0x47E2,0x0000},  /* U+6101 */
  {0x0000,0x0F80,0x0240,0x0C30,0x77EE,0x3E28,0x3A48,0x2690,0x3A90,0x2648,0x2624,0x0508,0x24C4,0x2412,0x47E2,0x0000},  /* U+6108 */
  {0x0000,0x1060,0x1090,0x1908,0x5A04,0x55FA,0x5000,0x5394,0x1454,0x1394,0x1454,0x17D4,0x1454,0x1444,0x14CC,0x0000},  /* U+6109 */
  {0x0000,0x0100,0x3EFC,0x0420,0x7FFE,0x0000,0x1FF8,0x1008,0x1FF8,0x1008,0x1FF8,0x0100,0x148C,0x2412,0x47E2,0x0000},  /* U+610F */
  {0x0000,0x1FF8,0x1088,0x1FF8,0x1088,0x0FF0,0x1FD8,0x20A4,0x23F4,0x2C0C,0x230C,0x1888,0x2844,0x2812,0x47F2,0x0000},  /* U+611A */
  {0x0000,0x2FFC,0x1108,0x0910,0x7FFE,0x4102,0x549A,0x1424,0x27E4,0x0400,0x0FF0,0x1420,0x6240,0x03C0,0x7C3E,0x0000},  /* U+611B */
  {0x0000,0x0058,0x3FFE,0x2040,0x2FC8,0x2028,0x2F30,0x2910,0x4932,0x464A,0x4286,0x1588,0x2404,0x2412,0x47E2,0x0000},  /* U+611F */
  {0x0000,0x0810,0x0420,0x7BDE,0x1020,0x34C8,0x1430,0x0C28,0x1224,0x7DFA,0x0200,0x1588,0x2414,0x2412,0x47E2,0x0000},  /* U+6148 */
  {0x0000,0x1444,0x2278,0x7F42,0x0042,0x3F3C,0x3F44,0x2158,0x3E60,0x2142,0x267E,0x0100,0x248C,0x2412,0x47F2,0x0000},  /* U+614B */
  {0x0000,0x1110,0x17FE,0x1910,0x5840,0x57FE,0x5200,0x5200,0x11FE,0x1108,0x1148,0x1248,0x1248,0x124A,0x1C4E,0x0000},  /* U+614C */
  {0x0000,0x1020,0x17FE,0x1820,0x59FC,0x5604,0x51FC,0x5204,0x11FC,0x1204,0x11F8,0x176E,0x1090,0x110C,0x1E02,0x0000},  /* U+614E */
  {0x0000,0x0420,0x7FFE,0x0420,0x1BD8,0x1FF8,0x1008,0x1FF8,0x0200,0x7FFE,0x0A10,0x3AAC,0x4A92,0x1248,0x2608,0x0000},  /* U+6155 */
  {0x0000,0x11FC,0x1204,0x1BFC,0x5A04,0x55F8,0x53FE,0x5292,0x13FE,0x1000,0x13FC,0x1088,0x1050,0x1070,0x178E,0x0000},  /* U+6162 */
  {0x0000,0x11FC,0x1224,0x17FE,0x5A44,0x59B8,0x5BFC,0x5204,0x13FC,0x1204,0x13FC,0x1204,0x13FC,0x1108,0x1E06,0x0000},  /* U+6163 */
  {0x0000,0x7EFE,0x0810,0x3EFC,0x0F10,0x78FE,0x3FF0,0x0008,0x1FF8,0x0008,0x3FF8,0x0100,0x248C,0x2412,0x47E2,0x0000},  /* U+6167 */
  {0x0000,0x13BE,0x14A4,0x14A4,0x5BA4,0x5CA4,0x5CA4,0x57FE,0x1408,0x1488,0x1488,0x14D8,0x172A,0x184A,0x108E,0x0000},  /* U+6168 */
  {0x0000,0x0100,0x01FC,0x3FFE,0x211C,0x2FE2,0x20FE,0x2770,0x2888,0x2FF8,0x2EF8,0x2100,0x4AC8,0x5216,0x63E2,0x0000},  /* U+616E */
  {0x0000,0x3F04,0x2104,0x3F7E,0x2004,0x3F44,0x3FA4,0x4414,0x5504,0x6484,0x0A18,0x0588,0x2444,0x2412,0x47F2,0x0000},  /* U+6170 */
  {0x0000,0x0080,0x3F7E,0x3FF8,0x2224,0x3FFC,0x2000,0x3FFE,0x2ADA,0x3214,0x23E0,0x47F8,0x7A20,0x41C0,0x7E3E,0x0000},  /* U+6176 */
  {0x0000,0x1640,0x216C,0x4C52,0x1294,0x2110,0x7E30,0x2228,0x2248,0x3F86,0x0200,0x1588,0x2444,0x2412,0x47E0,0x0000},  /* U+617E */
  {0x0000,0x7FFE,0x0100,0x1EF8,0x0FF8,0x1FF8,0x1008,0x6FF6,0x4C9A,0x37E4,0x0400,0x1BF0,0x6660,0x0180,0x7E7E,0x0000},  /* U+6182 */
  {0x0000,0x1108,0x1088,0x1B76,0x5A22,0x57FE,0x5222,0x53FE,0x1000,0x11FC,0x1204,0x13FC,0x1204,0x1204,0x11FC,0x0000},  /* U+618E */
  {0x0000,0x1224,0x1128,0x1828,0x5BF6,0x54B8,0x5126,0x5628,0x1388,0x127E,0x16A8,0x1928,0x117E,0x1208,0x1408,0x0000},  /* U+6190 */
  {0x0000,0x1020,0x13FE,0x18A8,0x5BFE,0x5888,0x5BFC,0x5204,0x13FC,0x1204,0x13FC,0x1204,0x13FC,0x1188,0x1606,0x0000},  /* U+61A4 */
  {0x0000,0x1020,0x13FE,0x1908,0x5890,0x576E,0x51D8,0x5224,0x13FC,0x1224,0x13FC,0x1020,0x13FC,0x1020,0x17FE,0x0000},  /* U+61A7 */
  {0x0010,0x3610,0x487E,0x0882,0x7FFE,0x0882,0x3E82,0x22FE,0x2282,0x3E7E,0x0300,0x1488,0x2404,0x2412,0x47E2,0x0000},  /* U+61A9 */
  {0x0000,0x0100,0x7EFE,0x5FFA,0x0100,0x1FF8,0x7FFE,0x0000,0x1FF8,0x2244,0x1FF8,0x0100,0x1488,0x2416,0x47E2,0x0000},  /* U+61B2 */
  {0x0000,0x1020,0x13FE,0x1888,0x5888,0x5776,0x51FC,0x5204,0x11FC,0x1204,0x11F8,0x1028,0x1294,0x128A,0x14FA,0x0000},  /* U+61B6 */
  {0x0000,0x1014,0x1012,0x17FE,0x5DF4,0x5C14,0x5DD4,0x5528,0x1528,0x14DA,0x14E6,0x1228,0x1284,0x148A,0x14FA,0x0000},  /* U+61BE */
  {0x0000,0x1E7C,0x6984,0x2A7C,0x3C84,0x64EC,0x1A92,0x669C,0x1A88,0x62F4,0x0E02,0x0588,0x2444,0x2412,0x47E2,0x0000},  /* U+61C7 */
  {0x0000,0x2040,0x2FFC,0x3040,0xB7FC,0xA924,0xA524,0xA7FC,0x2040,0x2FFC,0x20C4,0x2338,0x2D20,0x2170,0x278E,0x0000},  /* U+61D0 */
  {0x0000,0x1110,0x2950,0x5FDE,0x1034,0x2FD4,0x6114,0x2788,0x2108,0x2FD4,0x2262,0x0588,0x2404,0x2412,0x47E2,0x0000},  /* U+61F2 */
  {0x0000,0x1EFE,0x5E10,0x52A8,0x5E68,0x5218,0x4C24,0x3FDA,0x1A54,0x2952,0x4892,0x0300,0x148C,0x2412,0x47E2,0x0000},  /* U+61F8 */
  {0x0000,0x0098,0x0084,0x0080,0x3FFE,0x2040,0x2044,0x2048,0x2048,0x2050,0x2020,0x2060,0x20A2,0x4112,0x460E,0x0000},  /* U+620A */
  {0x0000,0x0058,0x0044,0x0040,0x7FFE,0x0840,0x0844,0x0848,0x0B48,0x7C50,0x0820,0x0820,0x1062,0x1092,0x630E,0x0000},  /* U+620E */
  {0x0000,0x0050,0x004C,0x1FFE,0x2040,0x2040,0x3C44,0x2244,0x2228,0x2228,0x2230,0x2222,0x2E52,0x4092,0x430E,0x0000},  /* U+6210 */
  {0x0000,0x0350,0x7C48,0x0444,0x0440,0x7FFE,0x0440,0x0444,0x04A8,0x0F28,0x7430,0x0420,0x0452,0x0592,0x3C0E,0x0000},  /* U+6211 */
  {0x0000,0x0058,0x0044,0x7FFE,0x0040,0x1240,0x1244,0x1244,0x7FA8,0x1228,0x1230,0x1220,0x2222,0x2252,0x418E,0x0000},  /* U+6212 */
  {0x0000,0x0058,0x0044,0x7FFE,0x0040,0x0044,0x3F44,0x2148,0x2128,0x2130,0x1E30,0x0020,0x0F52,0x7092,0x030E,0x0000},  /* U+6216 */
  {0x0000,0x002C,0x0022,0x3FFE,0x2220,0x2220,0x23A4,0x2224,0x3FE4,0x2218,0x2A98,0x3290,0x5272,0x426A,0x4E8E,0x0000},  /* U+621A */
  {0x0000,0x1050,0xFE48,0x1044,0x1040,0xEFFC,0x8244,0x7E24,0x8228,0xFE30,0x1030,0xFF20,0x1052,0x1092,0x110C,0x0000},  /* U+621F */
  {0x0000,0x9150,0x9248,0x5244,0xFE40,0x91FC,0x9140,0xFF24,0x9128,0xFE28,0x1030,0xFF20,0x1052,0x1092,0x110C,0x0000},  /* U+6226 */
  {0x0000,0x0848,0x0F44,0x0844,0xF7A0,0x97FC,0xF824,0x9124,0x8E24,0x9428,0xB528,0xB510,0xB532,0x9752,0xF88C,0x0000},  /* U+622F */
  {0x0000,0x0430,0x3FA8,0x0424,0x7FFE,0x1B20,0x24A4,0x3FA4,0x24A8,0x1B18,0x7F98,0x1210,0x6DD0,0x122A,0x6146,0x0000},  /* U+6234 */
  {0x0000,0x7FFE,0x0000,0x0FF8,0x1004,0x1004,0x1004,0x1004,0x1FF8,0x2004,0x2000,0x2000,0x4000,0x4000,0x0000,0x0000},  /* U+6238 */
  {0x0000,0x7FFE,0x1FF8,0x2004,0x2004,0x3F7C,0x2080,0x2080,0x3FFE,0x2080,0x2140,0x4120,0x4610,0x780E,0x0000,0x0000},  /* U+623B */
  {0x0000,0x7FFE,0x1FF8,0x2004,0x2004,0x1FFC,0x2080,0x3EFE,0x2100,0x21F8,0x2204,0x4208,0x4408,0x7878,0x0000,0x0000},  /* U+623F */
  {0x0000,0x7F0E,0x00F0,0x0080,0x3E80,0x2180,0x217E,0x2188,0x3E88,0x4088,0x4088,0x4088,0x4108,0x4108,0x8208,0x0000},  /* U+6240 */
  {0x0000,0x7FFE,0x1FF8,0x2004,0x2004,0x3FFC,0x2000,0x3F7C,0x2924,0x2514,0x2104,0x473C,0x5944,0x471C,0x0000,0x0000},  /* U+6247 */
  {0x0000,0x7FFE,0x1FFC,0x2004,0x2004,0x1FFC,0x2120,0x2F3E,0x2120,0x2F3C,0x2120,0x5F3E,0x4220,0x4C20,0x0000,0x0000},  /* U+6249 */
  {0x0000,0x0078,0x3F80,0x0080,0x0080,0x3FFC,0x0080,0x0080,0x0080,0x7FFE,0x0080,0x0080,0x0080,0x0080,0x0F00,0x0000},  /* U+624B */
  {0x0000,0x0080,0x0080,0x0080,0x7FFE,0x0080,0x0088,0x0090,0x00E0,0x0180,0x0680,0x1880,0x6080,0x0080,0x0780,0x0000},  /* U+624D */
  {0x0000,0x1000,0x11FE,0x1010,0x7E10,0x1010,0x1010,0x1210,0x0C10,0x7010,0x1010,0x1010,0x1010,0x1010,0x70F0,0x0000},  /* U+6253 */
  {0x0000,0x1020,0x1020,0x1040,0x7E40,0x1040,0x1040,0x1080,0x0E90,0x7088,0x1084,0x1104,0x1102,0x113E,0x77C2,0x0000},  /* U+6255 */
  {0x0000,0x100C,0x11F0,0x1020,0x7C20,0x1020,0x1020,0x10FE,0x1F20,0x7020,0x1020,0x1020,0x1022,0x1022,0x703E,0x0000},  /* U+6258 */
  {0x0000,0x20F0,0x2010,0x2108,0xFA08,0x2204,0x2C02,0x23F8,0x3888,0xE088,0x2088,0x2108,0x2108,0x2208,0xEC78,0x0000},  /* U+626E */
  {0x0000,0x12F0,0x1108,0x1108,0x7D10,0x111C,0x1192,0x1182,0x1D42,0x7144,0x1128,0x1228,0x1210,0x1468,0x7586,0x0000},  /* U+6271 */
  {0x0000,0x1020,0x1020,0x1020,0x7DFC,0x1020,0x1020,0x1020,0x1FFE,0x7020,0x1050,0x1050,0x1088,0x1104,0x7602,0x0000},  /* U+6276 */
  {0x0000,0x1220,0x1220,0x1220,0x7E22,0x1224,0x13E8,0x1630,0x3A20,0x5220,0x1220,0x1220,0x1222,0x12E2,0x751E,0x0000},  /* U+6279 */
  {0x0000,0x1FF8,0x0060,0x0080,0x7912,0x0FF4,0x0918,0x0908,0x17E8,0x1108,0x2FF4,0x4102,0x4102,0x0700,0x0000,0x0000},  /* U+627F */
  {0x0000,0x1020,0x1020,0x13FE,0x7C20,0x1020,0x1020,0x13DC,0x1D04,0x7088,0x1090,0x1060,0x1060,0x1198,0x7606,0x0000},  /* U+6280 */
  {0x0000,0x1020,0x1028,0x10A4,0x7D24,0x1122,0x1222,0x1020,0x1C24,0x70E4,0x1008,0x1010,0x1020,0x1040,0x7380,0x0000},  /* U+6284 */
  {0x0000,0x11DC,0x1222,0x1222,0x7A22,0x1222,0x1222,0x1222,0x1FDE,0x7202,0x1200,0x1200,0x1202,0x1202,0x71FC,0x0000},  /* U+628A */
  {0x0000,0x10C0,0x131C,0x1222,0x7E22,0x1222,0x1222,0x1222,0x1E22,0x7222,0x1222,0x13E2,0x162E,0x1020,0x7020,0x0000},  /* U+6291 */
  {0x0000,0x10F8,0x1088,0x1088,0x7D0A,0x110A,0x1204,0x10F8,0x1D04,0x7084,0x1088,0x1050,0x1020,0x10D8,0x7706,0x0000},  /* U+6295 */
  {0x0000,0x2040,0x2040,0x27FC,0xF800,0x2000,0x21F0,0x2110,0x3910,0xE110,0x2110,0x2210,0x2212,0x2212,0xEC1E,0x0000},  /* U+6297 */
  {0x0000,0x101C,0x11E0,0x1100,0x7D00,0x1100,0x11FE,0x1110,0x1D10,0x7110,0x1110,0x1210,0x1210,0x1210,0x7410,0x0000},  /* U+6298 */
  {0x0000,0x1080,0x1080,0x13FE,0x7C80,0x1080,0x1080,0x10FC,0x1C84,0x7144,0x1148,0x1130,0x1210,0x1268,0x7586,0x0000},  /* U+629C */
  {0x0000,0x21F8,0x2204,0x2204,0xFA04,0x2204,0x2204,0x23FC,0x1E20,0xE220,0x2220,0x2210,0x2410,0x2408,0xE806,0x0000},  /* U+629E */
  {0x0000,0x1020,0x1020,0x13FE,0x7A22,0x1224,0x1220,0x13FC,0x1A84,0x7288,0x1248,0x1250,0x1420,0x14D8,0x7B06,0x0000},  /* U+62AB */
  {0x0000,0x1080,0x1100,0x11FE,0x7E02,0x13F2,0x1412,0x1012,0x1C12,0x73E4,0x121C,0x1200,0x1202,0x1202,0x71FE,0x0000},  /* U+62B1 */
  {0x0000,0x100C,0x11F0,0x1210,0x7E10,0x1210,0x11FE,0x1210,0x1E10,0x7210,0x1210,0x13E8,0x140A,0x100A,0x77F6,0x0000},  /* U+62B5 */
  {0x0000,0x1020,0x1020,0x13FE,0x7C20,0x1020,0x1020,0x13FE,0x1C30,0x7070,0x10A8,0x1124,0x1222,0x1422,0x7020,0x0000},  /* U+62B9 */
  {0x0000,0x11DC,0x1222,0x1222,0x7E22,0x11FE,0x1222,0x1222,0x1E22,0x73FE,0x1220,0x1020,0x1020,0x1020,0x7020,0x0000},  /* U+62BC */
  {0x0000,0x1020,0x1020,0x1020,0x7DFE,0x1222,0x1222,0x1222,0x1E22,0x73FE,0x1222,0x1222,0x1222,0x11FE,0x7202,0x0000},  /* U+62BD */
  {0x0000,0x1000,0x11FC,0x1104,0x7D04,0x1104,0x11FC,0x1104,0x1D04,0x7104,0x1104,0x10F8,0x1000,0x1000,0x73FE,0x0000},  /* U+62C5 */
  {0x0000,0x1020,0x1020,0x10F8,0x7D04,0x1104,0x1104,0x1104,0x1DFC,0x7104,0x1104,0x1104,0x1104,0x11FC,0x7104,0x0000},  /* U+62CD */
  {0x0000,0x11FC,0x1102,0x1102,0x7D02,0x1102,0x10FC,0x1000,0x1DFE,0x7042,0x1042,0x1042,0x1082,0x1084,0x771C,0x0000},  /* U+62D0 */
  {0x0000,0x10FE,0x1100,0x1100,0x7D00,0x11FC,0x1102,0x1102,0x1D02,0x71FE,0x1100,0x1100,0x1100,0x11FE,0x7100,0x0000},  /* U+62D2 */
  {0x0000,0x1000,0x13FE,0x1040,0x7C40,0x1080,0x1080,0x10FC,0x1D02,0x7282,0x1482,0x1082,0x1082,0x10FE,0x7082,0x0000},  /* U+62D3 */
  {0x0000,0x1080,0x1100,0x11FE,0x7A02,0x1202,0x15F2,0x1112,0x1912,0x7112,0x1112,0x11E2,0x1104,0x1004,0x703C,0x0000},  /* U+62D8 */
  {0x0000,0x1020,0x1222,0x1222,0x7E22,0x1222,0x1222,0x11FC,0x1C20,0x7222,0x1222,0x1222,0x1222,0x13FE,0x7202,0x0000},  /* U+62D9 */
  {0x0000,0x13B8,0x1044,0x1044,0x7C44,0x1084,0x1104,0x1218,0x1CF8,0x7104,0x1104,0x1104,0x1104,0x11FC,0x7104,0x0000},  /* U+62DB */
  {0x0000,0x1000,0x13FE,0x1020,0x7DFC,0x1020,0x1020,0x11FC,0x1C20,0x7020,0x13FE,0x1020,0x1020,0x1020,0x7020,0x0000},  /* U+62DD */
  {0x0000,0x1200,0x123C,0x13A4,0x7AA4,0x14A4,0x14A4,0x1EA4,0x66A4,0x1AA4,0x1126,0x1146,0x1280,0x1440,0x783E,0x0000},  /* U+62E0 */
  {0x0000,0x1020,0x1020,0x11FE,0x7E00,0x1220,0x1220,0x1220,0x1E40,0x7248,0x1244,0x1284,0x1482,0x15FE,0x7802,0x0000},  /* U+62E1 */
  {0x0000,0x101C,0x13E0,0x1020,0x7C20,0x13FE,0x1020,0x1020,0x1C20,0x71FC,0x1204,0x1204,0x1204,0x1204,0x73FC,0x0000},  /* U+62EC */
  {0x0000,0x1014,0x1012,0x1012,0x7FFE,0x1010,0x1010,0x1368,0x1C88,0x7088,0x1088,0x1088,0x10FA,0x1306,0x7006,0x0000},  /* U+62ED */
  {0x0000,0x1108,0x0910,0x3FFC,0x0240,0x0420,0x7BDE,0x10E8,0x2F04,0x4102,0x0FF8,0x0100,0x3FFC,0x0100,0x0700,0x0000},  /* U+62F3 */
  {0x0000,0x1092,0x1124,0x1248,0x7D24,0x1122,0x10B2,0x1040,0x1C7E,0x7084,0x1344,0x1028,0x1010,0x1060,0x7380,0x0000},  /* U+62F6 */
  {0x0000,0x1042,0x13FC,0x1044,0x7C48,0x17DE,0x1020,0x145C,0x39A0,0x5680,0x10FC,0x1104,0x1004,0x1004,0x7078,0x0000},  /* U+62F7 */
  {0x0000,0x1020,0x1050,0x1088,0x7D04,0x1202,0x10F8,0x1000,0x1C00,0x71FC,0x1104,0x1104,0x1104,0x1104,0x71FC,0x0000},  /* U+62FE */
  {0x0000,0x1020,0x1020,0x11FC,0x7C20,0x1020,0x13FE,0x1008,0x1C08,0x73FE,0x1108,0x1088,0x1048,0x1008,0x7038,0x0000},  /* U+6301 */
  {0x0000,0x1100,0x111C,0x11E0,0x7D02,0x1102,0x10FC,0x1000,0x1DFC,0x7102,0x1102,0x11FC,0x1102,0x1102,0x71FE,0x0000},  /* U+6307 */
  {0x0000,0x1020,0x1020,0x13FE,0x7E42,0x1242,0x1040,0x13FE,0x1C84,0x7088,0x1108,0x11D0,0x1030,0x104C,0x7782,0x0000},  /* U+6309 */
  {0x0000,0x1090,0x1090,0x1292,0x7A94,0x1198,0x1090,0x1090,0x1898,0x7194,0x1692,0x1090,0x1112,0x1212,0x741E,0x0000},  /* U+6311 */
  {0x0000,0x1108,0x0910,0x0890,0x776E,0x0830,0x1FC8,0x2104,0x5FFA,0x0100,0x0100,0x7FFE,0x0100,0x0100,0x0700,0x0000},  /* U+6319 */
  {0x0000,0x1020,0x1020,0x13FE,0x7820,0x1124,0x1124,0x10A8,0x1820,0x73FE,0x1050,0x1050,0x1088,0x1104,0x7602,0x0000},  /* U+631F */
  {0x0000,0x1040,0x1088,0x1084,0x7FFA,0x1082,0x1080,0x117E,0x1E20,0x7220,0x13FE,0x1050,0x1050,0x1088,0x7706,0x0000},  /* U+6328 */
  {0x0000,0x1020,0x1124,0x1128,0x7D28,0x1128,0x12B4,0x1A52,0x3420,0x5020,0x13FC,0x1020,0x1020,0x1020,0x77FE,0x0000},  /* U+632B */
  {0x0000,0x11FE,0x1200,0x1200,0x7EFC,0x1200,0x1200,0x17FE,0x3A92,0x5294,0x1298,0x1290,0x1488,0x14B4,0x7942,0x0000},  /* U+632F */
  {0x0000,0x1606,0x1178,0x1108,0x7A08,0x1208,0x137E,0x1C88,0x2088,0x5508,0x1508,0x137E,0x1200,0x1380,0x7C7E,0x0000},  /* U+633A */
  {0x0000,0x1080,0x10F0,0x1110,0x7A10,0x17EE,0x1222,0x1222,0x1A22,0x73FE,0x1060,0x1060,0x10A2,0x1122,0x761E,0x0000},  /* U+633D */
  {0x0000,0x10DC,0x1320,0x1020,0x7FFE,0x1020,0x13FC,0x1222,0x1FFE,0x7222,0x1222,0x13FC,0x1220,0x1020,0x7020,0x0000},  /* U+633F */
  {0x0000,0x10F8,0x1104,0x1104,0x7D04,0x1104,0x10F8,0x1020,0x1D20,0x713E,0x1120,0x1120,0x1320,0x12A0,0x747E,0x0000},  /* U+6349 */
  {0x0000,0x13C2,0x1242,0x1252,0x7A52,0x1252,0x1192,0x1512,0x39D2,0x5152,0x1252,0x1252,0x1242,0x1442,0x79CE,0x0000},  /* U+634C */
  {0x0000,0x1028,0x1026,0x13FE,0x7C20,0x1020,0x13FE,0x1222,0x1FFE,0x7222,0x1222,0x13FE,0x1222,0x1222,0x722E,0x0000},  /* U+6355 */
  {0x0000,0x1020,0x1120,0x113C,0x7D20,0x1120,0x16FE,0x1520,0x3924,0x5224,0x1428,0x10C8,0x1010,0x1060,0x7380,0x0000},  /* U+6357 */
  {0x0000,0x1020,0x13FE,0x1222,0x7FFE,0x1222,0x1222,0x17FE,0x1820,0x73FE,0x1104,0x1088,0x1050,0x1070,0x778E,0x0000},  /* U+635C */
  {0x0000,0x2040,0x27FC,0x2080,0xFEDC,0x2120,0x25FC,0x2A10,0x7248,0xA7F4,0x2842,0x27FC,0x2040,0x2040,0xE040,0x0000},  /* U+6367 */
  {0x0000,0x2040,0x20A0,0x2310,0xFC4C,0x2BFA,0x2040,0x2840,0x37FC,0xE000,0x23F8,0x2208,0x2208,0x2208,0xE3F8,0x0000},  /* U+6368 */
  {0x0000,0x11FE,0x1202,0x1202,0x7FEE,0x1210,0x1210,0x11FE,0x1E10,0x7210,0x12FE,0x1302,0x1302,0x1502,0x75FE,0x0000},  /* U+636E */
  {0x0000,0x1028,0x1144,0x1242,0x7DFE,0x1050,0x1090,0x17EE,0x3904,0x52FC,0x150A,0x1108,0x1130,0x1102,0x71FE,0x0000},  /* U+6372 */
  {0x0000,0x1020,0x13FE,0x1020,0x7DFC,0x1024,0x13FE,0x1424,0x3824,0x51F8,0x1120,0x123C,0x1320,0x14A0,0x7C7E,0x0000},  /* U+6377 */
  {0x0000,0x1020,0x1040,0x13FE,0x7C90,0x1108,0x1204,0x14FA,0x1800,0x73FE,0x1020,0x1128,0x1224,0x1222,0x74E0,0x0000},  /* U+637A */
  {0x0000,0x1060,0x1050,0x1188,0x7EF6,0x1000,0x11FC,0x1008,0x1C08,0x70D0,0x1020,0x1294,0x1284,0x128A,0x74FA,0x0000},  /* U+637B */
  {0x0000,0x11FC,0x1004,0x11FC,0x7C04,0x11FC,0x1000,0x17FE,0x3C22,0x55FC,0x1124,0x1124,0x1124,0x112C,0x7020,0x0000},  /* U+6383 */
  {0x0000,0x10FC,0x1302,0x1124,0x7924,0x11FC,0x1202,0x1202,0x1DFC,0x7104,0x1088,0x1050,0x1020,0x10D0,0x770E,0x0000},  /* U+6388 */
  {0x0000,0x1108,0x0910,0x7FFE,0x4002,0x5FFA,0x1008,0x0FF8,0x2EF8,0x1100,0x3FFC,0x0100,0x7FFE,0x0100,0x0700,0x0000},  /* U+638C */
  {0x0000,0x1090,0x1090,0x139E,0x7C90,0x1090,0x1090,0x179E,0x3890,0x5090,0x139E,0x1490,0x1110,0x1110,0x7610,0x0000},  /* U+6392 */
  {0x0000,0x13FE,0x1202,0x1202,0x7FEE,0x1210,0x1312,0x1712,0x3B12,0x52FE,0x1210,0x1512,0x1512,0x1512,0x79EE,0x0000},  /* U+6398 */
  {0x0000,0x1088,0x1088,0x13E8,0x7888,0x1088,0x17E8,0x148C,0x388A,0x5088,0x17E8,0x1088,0x10A8,0x17C8,0x7008,0x0000},  /* U+639B */
  {0x0000,0x1020,0x1020,0x13DE,0x7C00,0x11FC,0x1104,0x1104,0x1D04,0x71FC,0x1028,0x1124,0x1222,0x1622,0x70E0,0x0000},  /* U+63A0 */
  {0x0000,0x2078,0x2780,0x2484,0xFC44,0x2248,0x2210,0x2840,0x775C,0xA0E0,0x2160,0x2150,0x2648,0x2846,0xE040,0x0000},  /* U+63A1 */
  {0x0000,0x23F8,0x2404,0x2524,0xF920,0x2124,0x263C,0x2840,0x7040,0xA7FC,0x20E0,0x2150,0x2248,0x2C46,0xE040,0x0000},  /* U+63A2 */
  {0x0000,0x1020,0x12F6,0x1108,0x7C88,0x1088,0x17FE,0x1040,0x1C80,0x77FE,0x1108,0x1110,0x11D0,0x1078,0x7786,0x0000},  /* U+63A5 */
  {0x0000,0x1020,0x11AC,0x1252,0x7C92,0x1090,0x1092,0x170E,0x3800,0x53DE,0x1020,0x1020,0x1020,0x1020,0x77FE,0x0000},  /* U+63A7 */
  {0x0000,0x1088,0x1090,0x1110,0x7DFE,0x1310,0x1510,0x11FE,0x1D10,0x7110,0x11FE,0x1110,0x1110,0x1110,0x71EE,0x0000},  /* U+63A8 */
  {0x0000,0x1040,0x1040,0x13BE,0x7888,0x1128,0x13FC,0x1626,0x1A24,0x73FC,0x1224,0x11FC,0x1222,0x1022,0x703E,0x0000},  /* U+63A9 */
  {0x0000,0x1088,0x1088,0x13FE,0x7888,0x1088,0x13FE,0x1000,0x1DFC,0x7104,0x1104,0x11FC,0x1104,0x1104,0x71FC,0x0000},  /* U+63AA */
  {0x0000,0x1100,0x1100,0x11FE,0x7A02,0x154A,0x1152,0x1152,0x1BFA,0x6062,0x10D2,0x114A,0x1242,0x1442,0x701C,0x0000},  /* U+63AC */
  {0x0000,0x11FC,0x1204,0x13FC,0x7E04,0x1204,0x11FC,0x1100,0x1DFE,0x7222,0x15C2,0x1102,0x1112,0x10E2,0x701C,0x0000},  /* U+63B2 */
  {0x0000,0x13FE,0x1202,0x1202,0x7BFA,0x1222,0x1222,0x12FA,0x3A32,0x522A,0x122A,0x13D6,0x1202,0x13FE,0x7202,0x0000},  /* U+63B4 */
  {0x0000,0x13FC,0x1104,0x1088,0x7C50,0x1070,0x17AE,0x1020,0x1FFE,0x7222,0x1222,0x13FC,0x1028,0x1024,0x77DA,0x0000},  /* U+63BB */
  {0x0000,0x1108,0x1108,0x1090,0x7F6E,0x1000,0x13D2,0x1652,0x3B52,0x52D2,0x1252,0x13D2,0x1242,0x1242,0x73CE,0x0000},  /* U+63C3 */
  {0x0000,0x1088,0x1088,0x13FE,0x7888,0x1088,0x1000,0x13FE,0x1A22,0x7222,0x11FC,0x1222,0x1222,0x1222,0x73DE,0x0000},  /* U+63CF */
  {0x0000,0x11FC,0x1204,0x11FC,0x7A04,0x13FC,0x1000,0x13DE,0x1820,0x7120,0x113C,0x1220,0x1320,0x14A0,0x7C7E,0x0000},  /* U+63D0 */
  {0x0000,0x11FC,0x1104,0x1104,0x7DFC,0x1000,0x13FE,0x1104,0x1DFC,0x7104,0x11FC,0x1104,0x11FE,0x1204,0x7004,0x0000},  /* U+63D6 */
  {0x0000,0x11FC,0x1104,0x11FC,0x7D04,0x11FC,0x1000,0x13FE,0x1C80,0x71FE,0x124A,0x1492,0x1092,0x1122,0x725C,0x0000},  /* U+63DA */
  {0x0000,0x1080,0x10F0,0x1110,0x7FAC,0x1252,0x1252,0x169C,0x3B02,0x5222,0x17FE,0x1020,0x1050,0x1088,0x7706,0x0000},  /* U+63DB */
  {0x0000,0x11FC,0x1202,0x1202,0x7FFE,0x1200,0x13FE,0x1648,0x3A84,0x537A,0x1220,0x13FC,0x1420,0x1420,0x77FE,0x0000},  /* U+63E1 */
  {0x0000,0x13FE,0x1202,0x1222,0x7FFC,0x1020,0x13FC,0x1624,0x39FC,0x5224,0x11FC,0x1020,0x17FE,0x1020,0x7020,0x0000},  /* U+63EE */
  {0x0000,0x11FC,0x1244,0x1144,0x7D28,0x12D6,0x1080,0x13FE,0x1C80,0x70FC,0x1184,0x1148,0x1230,0x1470,0x7D8E,0x0000},  /* U+63F4 */
  {0x0000,0x107C,0x1384,0x1144,0x7D24,0x1108,0x13FE,0x1020,0x1C20,0x73FE,0x1020,0x1222,0x1222,0x13FE,0x7202,0x0000},  /* U+63FA */
  {0x0000,0x11FC,0x1104,0x1104,0x7DFC,0x11FC,0x1202,0x13FE,0x1E02,0x7202,0x13FE,0x1202,0x11FC,0x118C,0x7602,0x0000},  /* U+640D */
  {0x0000,0x1118,0x1224,0x15A4,0x7EA4,0x15A6,0x15A6,0x1CC0,0x2FBE,0x5594,0x1594,0x1594,0x1588,0x1894,0x79A2,0x0000},  /* U+642C */
  {0x0000,0x2110,0x27FC,0x2110,0xF950,0x20A0,0x2110,0x2A08,0x7DF6,0xA000,0x23F8,0x2208,0x2208,0x2208,0xE3F8,0x0000},  /* U+642D */
  {0x0000,0x1110,0x11FE,0x1220,0x7DFC,0x1120,0x11FC,0x1520,0x39FE,0x5000,0x13F0,0x109E,0x1092,0x1102,0x761E,0x0000},  /* U+643A */
  {0x0000,0x1020,0x13FE,0x1292,0x7890,0x111E,0x1280,0x1480,0x397E,0x5140,0x127C,0x1040,0x103C,0x1040,0x7040,0x0000},  /* U+643E */
  {0x0000,0x13FE,0x1104,0x11FC,0x7D04,0x11FC,0x1104,0x13FE,0x1C04,0x7304,0x1088,0x1050,0x1050,0x118C,0x7602,0x0000},  /* U+6442 */
  {0x0000,0x1020,0x13FE,0x1108,0x7C88,0x13FE,0x1222,0x17FA,0x3A22,0x5222,0x12DA,0x128A,0x128A,0x12F2,0x720E,0x0000},  /* U+6458 */
  {0x0000,0x0080,0x3FFE,0x2208,0x3FFE,0x2714,0x2AEA,0x3208,0x2FF0,0x2040,0x2FFC,0x4040,0x5FFE,0x4040,0x43C0,0x0000},  /* U+6469 */
  {0x0000,0x1090,0x17FE,0x1090,0x79F8,0x1204,0x13FC,0x1204,0x1BBC,0x6040,0x1040,0x17FE,0x10A0,0x1198,0x7606,0x0000},  /* U+6478 */
  {0x0000,0x17FE,0x114A,0x1252,0x7CE6,0x114A,0x1252,0x1422,0x3840,0x53BC,0x1204,0x13FC,0x1204,0x1204,0x73FC,0x0000},  /* U+647A */
  {0x0000,0x7F78,0x084A,0x7FC6,0x3E7C,0x4944,0x3E28,0x7F3C,0x08FA,0x3780,0x3FFC,0x0100,0x7FFE,0x0100,0x0700,0x0000},  /* U+6483 */
  {0x0000,0x4520,0x4FA0,0x4520,0xF53C,0x4FC4,0x4068,0x4FA8,0x38A8,0xCFA8,0x4890,0x4F90,0x48A8,0x48A8,0xC9C6,0x0000},  /* U+6492 */
  {0x0000,0x1108,0x11D4,0x1252,0x7B7E,0x1488,0x1A98,0x1918,0x3114,0x5224,0x14C2,0x1400,0x14A4,0x1492,0x7C92,0x0000},  /* U+649A */
  {0x0000,0x1020,0x13FE,0x1088,0x7C88,0x1376,0x11FC,0x1622,0x39FC,0x5222,0x11FC,0x1020,0x13FE,0x1020,0x77FE,0x0000},  /* U+649E */
  {0x0000,0x1110,0x1110,0x16D0,0x7A9E,0x13D2,0x1434,0x1BB4,0x3454,0x544C,0x17C8,0x1448,0x17CC,0x1454,0x74E2,0x0000},  /* U+64A4 */
  {0x0000,0x1100,0x1100,0x12FE,0x7E54,0x1654,0x13FE,0x1654,0x3A54,0x5254,0x17FE,0x1000,0x1294,0x1292,0x7452,0x0000},  /* U+64AB */
  {0x0000,0x23F8,0x2448,0x2250,0xF950,0x27FC,0x2160,0x3A50,0x644E,0xABF8,0x2448,0x23F8,0x2448,0x2448,0xE7B8,0x0000},  /* U+64AD */
  {0x0000,0x11FC,0x1204,0x11FC,0x7A04,0x11FC,0x1000,0x17FE,0x3A40,0x53FE,0x1252,0x13D4,0x1248,0x17CC,0x7072,0x0000},  /* U+64AE */
  {0x0000,0x13DE,0x1252,0x13DE,0x7C10,0x1252,0x13DE,0x1488,0x3BFE,0x5088,0x1088,0x17FE,0x1090,0x110C,0x7602,0x0000},  /* U+64B0 */
  {0x0000,0x1252,0x1154,0x1154,0x7FFE,0x1088,0x1088,0x1776,0x3820,0x53FE,0x1020,0x17FE,0x1050,0x1188,0x7606,0x0000},  /* U+64B2 */
  {0x0000,0x1244,0x1124,0x13FE,0x7C02,0x15FE,0x1104,0x15FC,0x3904,0x51FC,0x1104,0x11FC,0x1090,0x1092,0x771E,0x0000},  /* U+64B9 */
  {0x0000,0x1040,0x17FE,0x1124,0x7A28,0x12BE,0x14C8,0x1B48,0x22BE,0x52A8,0x1FA8,0x113E,0x1128,0x1228,0x7436,0x0000},  /* U+64C1 */
  {0x0000,0x11F8,0x1108,0x1108,0x79F8,0x139C,0x1462,0x1462,0x1FFE,0x7020,0x17FE,0x1050,0x11A8,0x1224,0x7C22,0x0000},  /* U+64CD */
  {0x0000,0x13FE,0x114A,0x1272,0x78CE,0x1352,0x1572,0x1520,0x39FE,0x5220,0x15FC,0x1220,0x11FC,0x1220,0x71FE,0x0000},  /* U+64E2 */
  {0x0000,0x1020,0x13FE,0x1402,0x79AC,0x1352,0x1494,0x1388,0x1DFC,0x7602,0x13FE,0x1020,0x112C,0x1222,0x74E2,0x0000},  /* U+64E6 */
  {0x0000,0x143E,0x1784,0x1438,0x7C48,0x1384,0x147E,0x1F8A,0x250A,0x5928,0x1FEE,0x1328,0x12A8,0x1450,0x788E,0x0000},  /* U+64EC */
  {0x0000,0x17FE,0x1040,0x11BC,0x7DF8,0x11FC,0x1104,0x17FE,0x3DAA,0x528C,0x14F2,0x11F8,0x1690,0x1060,0x779E,0x0000},  /* U+64FE */
  {0x0000,0x0100,0x0100,0x7FFE,0x0100,0x0100,0x0100,0x3FF8,0x0808,0x0810,0x0420,0x0240,0x0180,0x0E60,0x701E,0x0000},  /* U+652F */
  {0x0000,0x0040,0x7C40,0x0280,0x02FE,0x0284,0x3F44,0x4248,0x4048,0x4028,0x4230,0x4230,0x7E48,0x008C,0x0302,0x0000},  /* U+6539 */
  {0x0000,0x0080,0x0080,0x7E80,0x117E,0x1104,0x1288,0x1288,0x1048,0x1050,0x1E20,0x6020,0x0050,0x0188,0x0606,0x0000},  /* U+653B */
  {0x0000,0x0820,0x0840,0x7F40,0x107E,0x1044,0x1CC4,0x1344,0x1228,0x1228,0x1210,0x2210,0x2228,0x42C4,0x4F02,0x0000},  /* U+653E */
  {0x0000,0x0020,0x7F40,0x087A,0x0844,0x2844,0x2EC4,0x2944,0x2828,0x2828,0x2810,0x2B10,0x3C28,0x4044,0x0182,0x0000},  /* U+653F */
  {0x0000,0x0840,0x0840,0x0840,0x7FBE,0x0884,0x0944,0x0948,0x7648,0x4228,0x4210,0x4230,0x7E48,0x408C,0x0302,0x0000},  /* U+6545 */
  {0x0000,0x2020,0x2020,0x3F40,0x407E,0x7F44,0x29A4,0x29A4,0x7FA8,0x2928,0x4910,0x4910,0x3FA8,0x4244,0x0E82,0x0000},  /* U+654F */
  {0x0000,0x1440,0x1240,0xFF40,0x10BC,0x9288,0x52C8,0x5548,0x1048,0x1830,0x3420,0x5230,0x9150,0x1088,0x7306,0x0000},  /* U+6551 */
  {0x0000,0x7E40,0x4240,0x4240,0x7EBE,0x4284,0x4344,0x7F48,0x4228,0x4228,0x7E10,0x2410,0x2428,0x2244,0x4182,0x0000},  /* U+6557 */
  {0x0000,0x08A0,0x7F20,0x097A,0x0A44,0x7F44,0x08A4,0x3F24,0x2228,0xCC28,0x0F90,0x7810,0x0828,0x0844,0x3982,0x0000},  /* U+6559 */
  {0x0000,0x7720,0x0840,0x087A,0x7F44,0x2244,0x22C4,0x3F44,0x2228,0x3E28,0x2210,0x2210,0x7E28,0x0244,0x0382,0x0000},  /* U+6562 */
  {0x0000,0x1220,0x1220,0x7F7A,0x1244,0x7F44,0x00A4,0x1EA4,0x2128,0x3F28,0x2110,0x3F10,0x2128,0x2144,0x2782,0x0000},  /* U+6563 */
  {0x0000,0x0820,0x7F40,0x0040,0x3E7E,0x2244,0x3EC4,0x0124,0x7F28,0x0228,0x0C10,0x7F10,0x0828,0x0844,0x3982,0x0000},  /* U+6566 */
  {0x0000,0x1220,0x7FA0,0x1240,0x207E,0x3F44,0x21C4,0x5944,0xA528,0x2528,0x2510,0x3910,0x2128,0x0244,0x0F82,0x0000},  /* U+656C */
  {0x0000,0x4920,0x2A20,0x2A7A,0x5D44,0x1C44,0x2BA4,0x48A4,0x1028,0x7F28,0x2210,0x2210,0x5428,0x0E44,0x7182,0x0000},  /* U+6570 */
  {0x0000,0x0820,0x7F3A,0x3E44,0x49A4,0x4928,0x3E10,0x3E28,0x4946,0x3EFC,0x0100,0x1100,0x11F8,0x1100,0x7FFE,0x0000},  /* U+6574 */
  {0x0000,0x0820,0x7FA0,0x223C,0x1222,0x7F24,0x48E4,0x7EA4,0x4894,0x4C98,0x5288,0x5288,0x5E98,0x50A4,0x43C2,0x0000},  /* U+6575 */
  {0x0000,0x0B20,0x7F20,0x087A,0x7F44,0x7F44,0x49A4,0x3FA4,0x0828,0x7F28,0x1010,0x1E10,0x1228,0x2244,0x4E82,0x0000},  /* U+6577 */
  {0x0000,0x0100,0x0100,0x6FF6,0x1008,0x0810,0x0810,0x0420,0x0420,0x0240,0x0180,0x0180,0x0640,0x1830,0x600E,0x0000},  /* U+6587 */
  {0x0000,0x0100,0x7FFE,0x0410,0x0260,0x0180,0x0E70,0x700E,0x1FF8,0x1008,0x1008,0x1FF0,0x1008,0x2008,0x6008,0x0000},  /* U+6589 */
  {0x0000,0x2028,0x23E4,0x2024,0xDFFC,0x1020,0x9120,0x5510,0x2510,0x25D0,0x3510,0x2D10,0x4D12,0x87EA,0x880C,0x0000},  /* U+658C */
  {0x0000,0x0100,0x7FFE,0x0420,0x0240,0x03C0,0x7C3E,0x1FF8,0x1008,0x1EF8,0x1108,0x1528,0x2928,0x2918,0x4708,0x0000},  /* U+658E */
  {0x0000,0x0240,0x7E7E,0x0240,0x3E7C,0x0240,0x7C7E,0x0840,0x1100,0x7FFE,0x0410,0x0260,0x0180,0x0660,0x781E,0x0000},  /* U+6590 */
  {0x0000,0x0100,0x7D7E,0x1108,0x16E8,0x1088,0x1288,0x7A88,0x113E,0x1088,0x1188,0x1D48,0x6208,0x0408,0x0CFE,0x0000},  /* U+6591 */
  {0x0000,0x0020,0x0C20,0x0320,0x0020,0x2020,0x1820,0x0620,0x0020,0x003E,0x0FE0,0x7020,0x0020,0x0020,0x0020,0x0000},  /* U+6597 */
  {0x0000,0x1008,0x52C8,0x5428,0x3418,0x1008,0x7F88,0x1068,0x1808,0x340A,0x327C,0x5188,0x5008,0x1008,0x1008,0x0000},  /* U+6599 */
  {0x0000,0x0C04,0x1264,0x2114,0x2014,0xFE04,0x0844,0x0824,0x7F14,0x0806,0x2A7C,0x4984,0x4904,0x8804,0x3804,0x0000},  /* U+659C */
  {0x0000,0x1020,0xFE50,0x1088,0x1104,0xEE12,0x84D0,0x7C30,0x8590,0x7C50,0x1010,0xFE7C,0x1190,0x1010,0x1010,0x0000},  /* U+65A1 */
  {0x0000,0x0078,0x1F80,0x1000,0x1000,0x1000,0x1FBE,0x1040,0x1040,0x1040,0x2040,0x2040,0x2040,0x4040,0x4040,0x0000},  /* U+65A4 */
  {0x0000,0x0078,0x1F80,0x1000,0x1000,0x1000,0x1FFE,0x1040,0x1440,0x23C0,0x2070,0x204C,0x2040,0x4040,0x4040,0x0000},  /* U+65A5 */
  {0x0000,0x0430,0x182C,0x6442,0x0380,0x0340,0x1C38,0x63E6,0x1C00,0x1000,0x1FFE,0x1040,0x1040,0x2040,0x4040,0x0000},  /* U+65A7 */
  {0x0000,0x080E,0x7F70,0x0880,0x3E80,0x4980,0x497E,0x7E88,0x4988,0x7F88,0x0888,0x7F88,0x0888,0x0908,0x0908,0x0000},  /* U+65AC */
  {0x0000,0x481C,0x6AE0,0x6A80,0x5C80,0x7E80,0x48FC,0x4888,0x5C88,0x6A88,0x4888,0x4908,0x7F08,0x4108,0x0208,0x0000},  /* U+65AD */
  {0x0000,0x2106,0x2178,0x7F40,0x2140,0x3F40,0x217E,0x2144,0x3F44,0x2144,0x7FC4,0x0044,0x1284,0x2184,0x4104,0x0000},  /* U+65AF */
  {0x0000,0x080E,0x7F70,0x2240,0x2240,0x1440,0x7F7E,0x0848,0x0848,0x7F48,0x1C88,0x2A88,0x2988,0x4908,0x0B08,0x0000},  /* U+65B0 */
  {0x0000,0x0100,0x0100,0x7DFE,0x0200,0x0200,0x0200,0x03F8,0x0408,0x0408,0x0408,0x0808,0x0808,0x1008,0x60F0,0x0000},  /* U+65B9 */
  {0x0000,0x0810,0x0830,0x7E48,0x2044,0x2084,0x3D02,0x2260,0x2210,0x2208,0x2200,0x22C0,0x2420,0x4418,0x5C04,0x0000},  /* U+65BC */
  {0x0000,0x0840,0x0880,0x7FFE,0x2110,0x2110,0x389C,0x24B2,0x24D2,0x2592,0x2492,0x249C,0x2490,0x4482,0x5CFE,0x0000},  /* U+65BD */
  {0x0000,0x0840,0x0880,0x7EFE,0x1104,0x1108,0x1C70,0x1392,0x2294,0x2298,0x2288,0x2288,0x2284,0x4484,0x5C82,0x0000},  /* U+65C5 */
  {0x0000,0x1080,0x1080,0x7EFE,0x2100,0x22DC,0x1C22,0x2424,0x24A0,0x24BE,0x24A0,0x24A0,0x25A0,0x4560,0x5E1E,0x0000},  /* U+65CB */
  {0x0000,0x0840,0x0880,0x7EFE,0x1140,0x1140,0x3C7E,0x2290,0x2310,0x23FE,0x2210,0x2230,0x2428,0x4444,0x5D82,0x0000},  /* U+65CF */
  {0x0000,0x1080,0x10FE,0x7F00,0x1344,0x11FE,0x1C44,0x127C,0x1244,0x247C,0x2444,0x25F6,0x2448,0x4484,0x5F02,0x0000},  /* U+65D7 */
  {0x0000,0x3EFE,0x2244,0x2248,0x3E48,0x2248,0x2248,0x3FFE,0x2010,0x2410,0x2428,0x2628,0x394A,0x418A,0x020E,0x0000},  /* U+65E2 */
  {0x0000,0x1FF8,0x1008,0x1008,0x1008,0x1008,0x1FF8,0x1008,0x1008,0x1008,0x1008,0x1008,0x1FF8,0x1008,0x0000,0x0000},  /* U+65E5 */
  {0x0000,0x0000,0x1FF8,0x1008,0x1008,0x1008,0x0FF8,0x1008,0x1008,0x1008,0x1FF8,0x0000,0x0000,0x7FFE,0x0000,0x0000},  /* U+65E6 */
  {0x0000,0x2000,0x23FC,0x2204,0x2204,0x2204,0x2204,0x23FC,0x2204,0x2204,0x2204,0x2204,0x2204,0x23FC,0x2204,0x0000},  /* U+65E7 */
  {0x0000,0x2008,0x23F0,0x3C00,0x2004,0x3FFC,0x0000,0x0000,0x1FF8,0x1008,0x1008,0x1FF8,0x1008,0x1008,0x1FF8,0x0000},  /* U+65E8 */
  {0x0000,0x3FFC,0x2004,0x1FF8,0x2004,0x2004,0x1FF8,0x0100,0x0100,0x7FFE,0x0100,0x0100,0x0100,0x0100,0x0000,0x0000},  /* U+65E9 */
  {0x0000,0x0800,0x0800,0x0FFE,0x1002,0x2002,0x2FC2,0x4842,0x0842,0x0FC2,0x0842,0x0842,0x0FC4,0x0804,0x007C,0x0000},  /* U+65EC */
  {0x0000,0x1000,0x10FC,0x1084,0x7C84,0x1284,0x12FC,0x1284,0x1284,0x1284,0x2284,0x22FC,0x2202,0x4202,0x41FC,0x0000},  /* U+65ED */
  {0x0000,0x0000,0x7FFE,0x4420,0x4420,0x4420,0x7C20,0x45FE,0x4420,0x4420,0x4420,0x7C20,0x4020,0x07FE,0x0000,0x0000},  /* U+65FA */
  {0x0000,0x1FF8,0x2004,0x2004,0x3FFC,0x2004,0x1FF8,0x0600,0x38FC,0x2084,0x2084,0x2084,0x2684,0x789C,0x0080,0x0000},  /* U+6602 */
  {0x0000,0x3FFC,0x2004,0x2004,0x3FFC,0x2004,0x3FFC,0x0000,0x2080,0x208C,0x3FB0,0x20C0,0x2082,0x2782,0x787E,0x0000},  /* U+6606 */
  {0x0000,0x1FF8,0x2004,0x2004,0x3FFC,0x2004,0x1FF8,0x0310,0x7C10,0x0410,0x7FFE,0x0410,0x0810,0x1010,0x6010,0x0000},  /* U+6607 */
  {0x0000,0x1FF8,0x1008,0x1008,0x1FF8,0x1008,0x1FF8,0x0000,0x3FFC,0x2004,0x2004,0x3FFC,0x2004,0x2004,0x3FFC,0x0000},  /* U+660C */
  {0x0000,0x00FE,0x7E82,0x4282,0x4282,0x42FE,0x7C82,0x4282,0x4282,0x42FE,0x7E82,0x4102,0x4102,0x0202,0x041E,0x0000},  /* U+660E */
  {0x0000,0x07F8,0x1880,0x1080,0x1FFE,0x1040,0x1020,0x3F92,0x400E,0x1FF8,0x1008,0x1FF8,0x1008,0x1008,0x1FF8,0x0000},  /* U+660F */
  {0x0000,0x1FF8,0x1008,0x1008,0x1FF8,0x1008,0x1008,0x0FF0,0x0800,0x1FFC,0x2224,0x4444,0x0444,0x1884,0x2138,0x0000},  /* U+6613 */
  {0x0000,0x0420,0x0420,0x3FFC,0x0420,0x0420,0x7FFE,0x0000,0x1FF8,0x1008,0x1008,0x1FF8,0x1008,0x1008,0x1FF8,0x0000},  /* U+6614 */
  {0x0000,0x1FF8,0x1004,0x1004,0x1FFC,0x1004,0x1FF8,0x0900,0x1100,0x2FFC,0x4100,0x1FF8,0x0100,0x0100,0x7FFE,0x0000},  /* U+661F */
  {0x0000,0x0020,0x7820,0x49FC,0x4922,0x4922,0x4922,0x7922,0x4922,0x4AFC,0x4820,0x7850,0x4088,0x0108,0x0606,0x0000},  /* U+6620 */
  {0x0000,0x0100,0x3FFC,0x0100,0x3FFC,0x0240,0x7FFE,0x0420,0x0FF0,0x1808,0x6816,0x0FF0,0x0810,0x0810,0x0FF0,0x0000},  /* U+6625 */
  {0x0000,0x0020,0x7C20,0x47FC,0x4420,0x4420,0x7C20,0x47FE,0x4460,0x4470,0x44A8,0x7D28,0x4224,0x0422,0x0020,0x0000},  /* U+6627 */
  {0x0000,0x0080,0x7C80,0x44FE,0x4540,0x4640,0x7E7E,0x4440,0x4440,0x4440,0x443E,0x7C40,0x4040,0x0040,0x0040,0x0000},  /* U+6628 */
  {0x0000,0x7FFE,0x4442,0x4442,0x4484,0x7D04,0x4618,0x44FC,0x4502,0x4502,0x7D02,0x4102,0x01FE,0x0102,0x0000,0x0000},  /* U+662D */
  {0x0000,0x1FF8,0x1008,0x1FF8,0x1008,0x1008,0x1FF8,0x0000,0x7FFE,0x0880,0x1080,0x10FC,0x1880,0x2680,0x41FE,0x0000},  /* U+662F */
  {0x0000,0x1FF8,0x1004,0x1004,0x1FEC,0x1010,0x1010,0x2FE8,0x2818,0x2FF4,0x4812,0x4812,0x07E0,0x0000,0x7FFE,0x0000},  /* U+663C */
  {0x0000,0x0020,0x7C20,0x45FC,0x4420,0x4420,0x7FDE,0x4408,0x47FE,0x4408,0x4508,0x7C88,0x4048,0x0008,0x0038,0x0000},  /* U+6642 */
  {0x0000,0x3FFC,0x2004,0x3FFC,0x2004,0x2004,0x3FFC,0x1108,0x0910,0x0920,0x76DE,0x0440,0x0440,0x0842,0x707E,0x0000},  /* U+6643 */
  {0x0000,0x3FFC,0x0240,0x1248,0x1248,0x0A50,0x7FFE,0x0000,0x1FF8,0x1008,0x1008,0x1FF8,0x1008,0x1FF8,0x1008,0x0000},  /* U+664B */
  {0x0000,0x7BFE,0x4850,0x49FC,0x4A52,0x7A52,0x4A52,0x4A92,0x4A8E,0x4B02,0x7A02,0x4202,0x03FE,0x0202,0x0000,0x0000},  /* U+6652 */
  {0x0000,0x0100,0x79FE,0x4900,0x4A00,0x4BFC,0x7964,0x4924,0x4BFE,0x4944,0x4924,0x7914,0x41FE,0x0004,0x0038,0x0000},  /* U+6666 */
  {0x0000,0x0080,0x7CF8,0x4510,0x47FC,0x4622,0x7E22,0x4622,0x4622,0x45DC,0x4490,0x7890,0x4092,0x0112,0x061E,0x0000},  /* U+6669 */
  {0x0000,0x0810,0x0420,0x3BDC,0x1248,0x0A50,0x0250,0x7DAE,0x0FF0,0x1008,0x1008,0x1FF8,0x1008,0x1008,0x1FF8,0x0000},  /* U+666E */
  {0x0000,0x1FF8,0x1008,0x1FF8,0x1008,0x0FF0,0x0100,0x7EFE,0x1FF8,0x1008,0x1008,0x1FF8,0x0930,0x310C,0x4302,0x0000},  /* U+666F */
  {0x0000,0x0020,0x7BFE,0x4820,0x49FE,0x4820,0x7BDE,0x48F8,0x4904,0x49FC,0x4904,0x7904,0x41FC,0x0104,0x010C,0x0000},  /* U+6674 */
  {0x0000,0x0FF0,0x0810,0x0810,0x0FF0,0x0810,0x0FF0,0x0000,0x3E7C,0x2244,0x2244,0x3E7C,0x2244,0x2244,0x3E7C,0x0000},  /* U+6676 */
  {0x0000,0x2000,0x3F7C,0x4844,0x7F44,0x0844,0x0C7C,0x3300,0x4FF0,0x1008,0x1008,0x1FF8,0x1008,0x1008,0x1FF8,0x0000},  /* U+667A */
  {0x0000,0x0020,0x7BFE,0x4820,0x4928,0x4928,0x7FDE,0x4908,0x4908,0x47FE,0x4890,0x7890,0x4112,0x0112,0x0E1E,0x0000},  /* U+6681 */
  {0x0000,0x7BDE,0x4A42,0x4A42,0x4BDE,0x7A00,0x4A2C,0x4BD2,0x4A12,0x4A14,0x7BC8,0x4208,0x0214,0x0262,0x0000,0x0000},  /* U+6687 */
  {0x0000,0x1FF8,0x2008,0x1FF8,0x2008,0x1FFC,0x3FEC,0x0110,0x7DFE,0x0300,0x3FF8,0x4804,0x0FF8,0x0804,0x0FF8,0x0000},  /* U+6691 */
  {0x0000,0x03FC,0x7844,0x4924,0x4928,0x4AD6,0x7880,0x4BFE,0x4880,0x48FC,0x4984,0x7948,0x4230,0x0470,0x0D8E,0x0000},  /* U+6696 */
  {0x0000,0x0020,0x7EFA,0x4504,0x4488,0x4488,0x7FFE,0x4400,0x44F8,0x4504,0x4504,0x79FC,0x4104,0x0104,0x01FC,0x0000},  /* U+6697 */
  {0x0000,0x10FC,0x1084,0x7EFC,0x5284,0x7E84,0x5278,0x537E,0x7E80,0x51B4,0x114A,0x1652,0x1092,0x1122,0x125C,0x0000},  /* U+66A2 */
  {0x0000,0x3FFE,0x2210,0x3F7E,0x2418,0x2B34,0x2A52,0x3290,0x27F8,0x2804,0x2FFC,0x4804,0x4804,0x4FFC,0x0000,0x0000},  /* U+66A6 */
  {0x0000,0x083C,0x7F40,0x7F40,0x7F7E,0x4948,0x3E88,0x7F88,0x0908,0x1FF8,0x1008,0x1FF8,0x1008,0x1008,0x1FF8,0x0000},  /* U+66AB */
  {0x0000,0x0420,0x7FFE,0x0FF0,0x1008,0x1FF8,0x1008,0x1FF8,0x0400,0x7BFE,0x1FF8,0x700E,0x0FF8,0x1008,0x0FF8,0x0000},  /* U+66AE */
  {0x0000,0x1FF8,0x1004,0x1FF8,0x1004,0x1FF8,0x0420,0x3FFC,0x0420,0x7FFE,0x0918,0x3526,0x4560,0x0F30,0x330C,0x0000},  /* U+66B4 */
  {0x0000,0x1FF8,0x1FF8,0x1008,0x1FF8,0x3FFC,0x0100,0x7FFE,0x5F7A,0x1F78,0x1FF8,0x0000,0x7FFE,0x0410,0x3FEC,0x0000},  /* U+66C7 */
  {0x0000,0x03FE,0x7A92,0x4A92,0x496C,0x4844,0x7BF8,0x4850,0x4FAE,0x48C0,0x4B7C,0x7D04,0x41FC,0x0104,0x01FC,0x0000},  /* U+66D9 */
  {0x0000,0x03DE,0x7842,0x4BDE,0x4842,0x4ACE,0x7910,0x49FE,0x4A20,0x4DFC,0x4920,0x7920,0x41FC,0x0120,0x01FE,0x0000},  /* U+66DC */
  {0x0000,0x33FC,0x4A04,0x4BFC,0x4A04,0x49F8,0x7BFE,0x4888,0x4EFE,0x4908,0x4B2C,0x7CB2,0x40B0,0x032C,0x04C2,0x0000},  /* U+66DD */
  {0x0000,0x0440,0x0440,0x0440,0x3FFC,0x2444,0x2444,0x2444,0x3FFC,0x2444,0x2444,0x2444,0x2444,0x3FFC,0x2004,0x0000},  /* U+66F2 */
  {0x0000,0x0100,0x1FF8,0x2104,0x2104,0x3FFC,0x2104,0x2084,0x2084,0x3FF8,0x0088,0x0070,0x00C2,0x0722,0x781E,0x0000},  /* U+66F3 */
  {0x0000,0x7FFE,0x0080,0x3FFC,0x2084,0x3FFC,0x2084,0x2084,0x1FFC,0x1100,0x0900,0x0600,0x0D80,0x707E,0x0000,0x0000},  /* U+66F4 */
  {0x0000,0x0100,0x1FF8,0x7FFE,0x0108,0x1FF8,0x0100,0x3FFC,0x0100,0x7EFE,0x1FF8,0x1008,0x1FF8,0x1008,0x1FF8,0x0000},  /* U+66F8 */
  {0x0000,0x0240,0x7FFE,0x0240,0x3FFC,0x2244,0x3FFC,0x2244,0x3FFC,0x0FF0,0x1008,0x1FF8,0x1008,0x1008,0x1FF8,0x0000},  /* U+66F9 */
  {0x0000,0x0810,0x1EF8,0x2104,0x2104,0x3FFC,0x2104,0x3FFC,0x0000,0x1FF8,0x1008,0x1FF8,0x1008,0x1008,0x1FF8,0x0000},  /* U+66FD */
  {0x0000,0x07E0,0x0810,0x1008,0x3FFE,0x5928,0x1528,0x1FF8,0x0000,0x0FF8,0x1008,0x1FF8,0x1008,0x1008,0x0FF8,0x0000},  /* U+66FE */
  {0x0000,0x0810,0x3E7C,0x0810,0x7EDE,0x0830,0x1428,0x22C4,0x4FF2,0x1008,0x1008,0x1FF8,0x1008,0x1008,0x1FF8,0x0000},  /* U+66FF */
  {0x0000,0x1FF8,0x1008,0x1FF8,0x1008,0x1FF8,0x0000,0x7FFE,0x2200,0x1EFC,0x2244,0x1E28,0x2210,0x7E68,0x0386,0x0000},  /* U+6700 */
  {0x0000,0x0180,0x0240,0x0FF0,0x300E,0x5FF8,0x1524,0x1524,0x1FFC,0x0000,0x0FF0,0x0808,0x0FF0,0x0808,0x0FF0,0x0000},  /* U+6703 */
  {0x0000,0x0FFC,0x0804,0x0804,0x0FFC,0x0804,0x0804,0x0804,0x0FFC,0x0804,0x0804,0x1004,0x1004,0x203C,0x0000,0x0000},  /* U+6708 */
  {0x0000,0x0200,0x0200,0x7DFE,0x0400,0x0800,0x0FF8,0x1808,0x2FF8,0x4808,0x0808,0x0FF8,0x0808,0x0808,0x0878,0x0000},  /* U+6709 */
  {0x0000,0x3E7C,0x2244,0x2244,0x3E7C,0x2244,0x2244,0x2244,0x3E7C,0x2244,0x2284,0x4284,0x4284,0x4F1C,0x0000,0x0000},  /* U+670B */
  {0x0000,0x3CFC,0x2282,0x2282,0x2296,0x3C88,0x22BC,0x22C2,0x22A2,0x3CA4,0x22A4,0x4298,0x4298,0x42A4,0x4CC2,0x0000},  /* U+670D */
  {0x0000,0x2238,0x2244,0x1444,0x6B44,0x087C,0x4944,0x4944,0x4944,0x7F7C,0x4944,0x0884,0x1084,0x1084,0x611C,0x0000},  /* U+6714 */
  {0x0000,0x3C84,0x2488,0x2448,0x25FE,0x3C20,0x2420,0x2420,0x25FE,0x3C20,0x2430,0x4450,0x4448,0x4484,0x5F02,0x0000},  /* U+6715 */
  {0x0000,0x0800,0x1E7C,0x2144,0x2144,0x3F7C,0x2144,0x2144,0x3F44,0x207C,0x2444,0x2284,0x2E84,0x7104,0x021C,0x0000},  /* U+6717 */
  {0x0000,0x083E,0x5F42,0x207E,0x2042,0x207E,0x2082,0x1F84,0x0118,0x3FFC,0x0100,0x1FF8,0x0100,0x0100,0x7FFE,0x0000},  /* U+671B */
  {0x0000,0x083C,0x7F42,0x0842,0x0842,0x777E,0x4142,0x7F42,0x4142,0x7F7E,0x0842,0x7F82,0x0882,0x0882,0x090E,0x0000},  /* U+671D */
  {0x0000,0x223C,0x2242,0x7F42,0x2242,0x3E7E,0x2242,0x2242,0x3E42,0x227E,0x7FC2,0x0042,0x1642,0x2282,0x408E,0x0000},  /* U+671F */
  {0x0000,0x0100,0x0100,0x0100,0x0100,0x7FFE,0x0180,0x0340,0x0520,0x0910,0x1108,0x2104,0x4102,0x0100,0x0100,0x0000},  /* U+6728 */
  {0x0000,0x0100,0x0100,0x3FFC,0x0100,0x0100,0x0100,0x7FFE,0x0180,0x0340,0x0520,0x0910,0x310C,0x4102,0x0100,0x0000},  /* U+672A */
  {0x0000,0x0100,0x0100,0x7FFE,0x0100,0x0100,0x0100,0x3F7C,0x0180,0x0340,0x0520,0x0910,0x310C,0x4102,0x0100,0x0000},  /* U+672B */
  {0x0000,0x0100,0x0100,0x0100,0x7FFE,0x0180,0x0340,0x0340,0x0520,0x0910,0x1108,0x6FF6,0x0100,0x0100,0x0100,0x0000},  /* U+672C */
  {0x0000,0x0840,0x0840,0x0840,0x7F40,0x0840,0x1C40,0x1A40,0x2940,0x2840,0x4840,0x8842,0x0842,0x0842,0x087C,0x0000},  /* U+672D */
  {0x0000,0x0900,0x0900,0x1FFC,0x1100,0x2100,0x0100,0x7F7E,0x0180,0x0340,0x0520,0x0910,0x310C,0x4102,0x0100,0x0000},  /* U+6731 */
  {0x0000,0x0840,0x0840,0x0840,0x7F40,0x0840,0x0820,0x1C58,0x1A44,0x2942,0x4840,0x4840,0x0840,0x0840,0x0840,0x0000},  /* U+6734 */
  {0x0000,0x10E0,0x1110,0x1110,0xFD10,0x2110,0x2110,0x3110,0x5910,0x5510,0x9110,0x9212,0x1212,0x1412,0x140C,0x0000},  /* U+673A */
  {0x0000,0x0800,0x09FE,0x0840,0x7E80,0x1080,0x10FE,0x1882,0x2C02,0x2A02,0x4804,0x4804,0x0804,0x0804,0x0838,0x0000},  /* U+673D */
  {0x0000,0x0804,0x0818,0x0820,0x7EC0,0x0802,0x1C04,0x1A18,0x2A20,0x28C0,0x4802,0x4804,0x0818,0x0820,0x09C0,0x0000},  /* U+6749 */
  {0x0000,0x0100,0x0100,0x7FFE,0x0340,0x0D30,0x110C,0x6FC2,0x0030,0x00C0,0x0100,0x7FFE,0x0100,0x0100,0x0700,0x0000},  /* U+674E */
  {0x0000,0x0100,0x0100,0x7FFE,0x0340,0x0520,0x0910,0x1108,0x6106,0x0FF0,0x1008,0x1008,0x1008,0x1008,0x1FF8,0x0000},  /* U+674F */
  {0x0000,0x0804,0x0804,0x0804,0x7EFE,0x0808,0x1C08,0x1A14,0x2A24,0x2824,0x4844,0x4884,0x0904,0x0804,0x083C,0x0000},  /* U+6750 */
  {0x0000,0x0804,0x0804,0x0804,0x7EFE,0x0804,0x1804,0x1C84,0x2A44,0x2A24,0x4824,0x4804,0x0804,0x0804,0x083C,0x0000},  /* U+6751 */
  {0x0000,0x1080,0x1080,0x10FC,0x7D02,0x1102,0x1202,0x2A02,0x35F2,0x3202,0x5002,0x5002,0x1004,0x1004,0x103C,0x0000},  /* U+6753 */
  {0x0000,0x1010,0x1010,0x1010,0x7DFE,0x1810,0x1510,0x3490,0x3290,0x5060,0x5060,0x1020,0x1050,0x1088,0x1306,0x0000},  /* U+6756 */
  {0x0000,0x0820,0x0820,0x0820,0x7620,0x1820,0x19FE,0x2C20,0x2C20,0x4820,0x4820,0x4820,0x0820,0x0820,0x0BDE,0x0000},  /* U+675C */
  {0x0000,0x0100,0x7FFE,0x0100,0x0100,0x3FFC,0x2104,0x2104,0x2104,0x1FF8,0x0340,0x0520,0x0910,0x310C,0x4102,0x0000},  /* U+675F */
  {0x0000,0x0200,0x07F0,0x0C20,0x3220,0x41C0,0x03C0,0x0D38,0x7106,0x7D3E,0x03C0,0x0520,0x0910,0x310C,0x4102,0x0000},  /* U+6761 */
  {0x0000,0x0100,0x0100,0x7FFE,0x0340,0x0520,0x0910,0x1108,0x6106,0x1EF8,0x0100,0x0100,0x0100,0x0100,0x7FFE,0x0000},  /* U+6762 */
  {0x0000,0x0100,0x0100,0x3FFC,0x1108,0x0910,0x0910,0x0120,0x7FDE,0x0340,0x0520,0x0910,0x1108,0x6106,0x0100,0x0000},  /* U+6765 */
  {0x0000,0x1020,0x1020,0x13FE,0x7C00,0x1000,0x10F8,0x2888,0x3488,0x3288,0x5088,0x5088,0x110A,0x110A,0x1606,0x0000},  /* U+676D */
  {0x0000,0x1000,0x13FE,0x1010,0x7E20,0x1030,0x1868,0x34A4,0x3122,0x3222,0x5020,0x5020,0x1020,0x1020,0x1020,0x0000},  /* U+676F */
  {0x0000,0x0100,0x7FFE,0x0100,0x1FF8,0x2104,0x2104,0x1FFC,0x2104,0x2104,0x1FF8,0x0340,0x0D30,0x310C,0x4102,0x0000},  /* U+6771 */
  {0x0000,0x1080,0x1080,0x11DE,0x7D20,0x1920,0x1A20,0x3420,0x33FE,0x3020,0x5020,0x1020,0x1020,0x1020,0x1020,0x0000},  /* U+6775 */
  {0x0000,0x1000,0x11FE,0x1122,0x7D22,0x1122,0x1922,0x3522,0x35FE,0x5102,0x5100,0x5100,0x1102,0x1102,0x11FE,0x0000},  /* U+6777 */
  {0x0000,0x1048,0x1088,0x1084,0x7C84,0x1102,0x1102,0x2A20,0x3440,0x3240,0x5048,0x5084,0x1084,0x10FE,0x1302,0x0000},  /* U+677E */
  {0x0000,0x10FE,0x1100,0x1100,0x7D00,0x1100,0x11FE,0x2942,0x3544,0x3344,0x5128,0x5110,0x1210,0x126C,0x1582,0x0000},  /* U+677F */
  {0x0000,0x1110,0x1110,0x1110,0x7D12,0x1114,0x11D8,0x1910,0x3510,0x3110,0x5110,0x5110,0x1112,0x11D2,0x161E,0x0000},  /* U+6787 */
  {0x0000,0x101C,0x10E0,0x1080,0x7E80,0x1080,0x10FE,0x2888,0x3488,0x3308,0x5108,0x5108,0x1108,0x1208,0x1208,0x0000},  /* U+6790 */
  {0x0000,0x1020,0x1020,0x1020,0x7DFE,0x1122,0x1122,0x2820,0x3420,0x3220,0x5050,0x5050,0x1092,0x1112,0x121E,0x0000},  /* U+6795 */
  {0x0000,0x0810,0x0810,0x0810,0x7EFE,0x0810,0x1C30,0x1A38,0x2958,0x2854,0x4894,0x4912,0x0910,0x0810,0x0810,0x0000},  /* U+6797 */
  {0x0000,0x1040,0x1080,0x1080,0x7EFE,0x1184,0x1184,0x1A88,0x3448,0x3250,0x5230,0x5020,0x1050,0x1088,0x1306,0x0000},  /* U+679A */
  {0x0000,0x3FFC,0x2104,0x1FF8,0x2104,0x2104,0x1FF8,0x0100,0x7FFE,0x0340,0x0520,0x0918,0x3104,0x4102,0x0000,0x0000},  /* U+679C */
  {0x0000,0x1020,0x1020,0x11FE,0x7E20,0x1020,0x10FC,0x2902,0x3484,0x3284,0x5048,0x5030,0x1030,0x10C8,0x1306,0x0000},  /* U+679D */
  {0x0000,0x1040,0x1040,0x11F8,0x7C48,0x108A,0x108A,0x2B26,0x3420,0x3020,0x53FE,0x5020,0x1020,0x1020,0x1020,0x0000},  /* U+67A0 */
  {0x0000,0x10FE,0x1100,0x1104,0x7D08,0x11C8,0x1128,0x2910,0x3518,0x3524,0x5142,0x5180,0x1100,0x11FE,0x1100,0x0000},  /* U+67A2 */
  {0x0000,0x1020,0x1020,0x1020,0x7FFE,0x1020,0x1820,0x3420,0x34F8,0x5104,0x5104,0x1104,0x1104,0x1104,0x11FC,0x0000},  /* U+67AF */
  {0x0000,0x0800,0x7F7C,0x1142,0x1142,0x1242,0x227E,0x4D00,0x0100,0x7FFE,0x0380,0x0540,0x0930,0x310C,0x4102,0x0000},  /* U+67B6 */
  {0x0000,0x1020,0x1020,0x11FE,0x7D02,0x1102,0x1080,0x2884,0x3498,0x32E0,0x5080,0x5080,0x1082,0x1082,0x10FE,0x0000},  /* U+67C1 */
  {0x0000,0x1000,0x13FE,0x1020,0x7C20,0x13FE,0x1A22,0x3622,0x3632,0x524A,0x5246,0x1282,0x1202,0x1202,0x120E,0x0000},  /* U+67C4 */
  {0x0000,0x2080,0x21F0,0x2108,0xFA90,0x2490,0x3060,0x6860,0x6998,0x6686,0xA060,0xA010,0x2300,0x20E0,0x2018,0x0000},  /* U+67CA */
  {0x0000,0x1020,0x1020,0x10F8,0x7D04,0x1104,0x1904,0x3904,0x35FC,0x5104,0x5104,0x5104,0x1104,0x11FC,0x1104,0x0000},  /* U+67CF */
  {0x0000,0x0810,0x7FFE,0x0810,0x0810,0x0FF0,0x0810,0x0FF0,0x0100,0x7D3E,0x03C0,0x0520,0x0910,0x310C,0x4102,0x0000},  /* U+67D0 */
  {0x0000,0x1104,0x1104,0x1104,0x7FFE,0x1104,0x1904,0x3504,0x31FC,0x5104,0x5104,0x1104,0x1104,0x11FC,0x1104,0x0000},  /* U+67D1 */
  {0x0000,0x3080,0x0FE0,0x6090,0x1090,0x0912,0x1212,0x250E,0x4900,0x7FFE,0x0340,0x0520,0x0910,0x310C,0x4102,0x0000},  /* U+67D3 */
  {0x0000,0x1FF8,0x0430,0x03C0,0x7FFE,0x0384,0x0488,0x1880,0x6300,0x0100,0x7FFE,0x0340,0x0D30,0x310C,0x4102,0x0000},  /* U+67D4 */
  {0x0000,0x1000,0x13FE,0x1040,0x7C40,0x1080,0x1880,0x34FC,0x3102,0x5282,0x5482,0x1082,0x1082,0x10FE,0x1082,0x0000},  /* U+67D8 */
  {0x0000,0x1020,0x1020,0x1020,0x7DFE,0x1122,0x1922,0x3522,0x31FE,0x5122,0x5122,0x1122,0x1122,0x11FE,0x1102,0x0000},  /* U+67DA */
  {0x0000,0x0860,0x0810,0x0810,0x7FFE,0x1010,0x1010,0x1810,0x2C10,0x2BFE,0x4810,0x4810,0x0810,0x0810,0x0BFE,0x0000},  /* U+67F1 */
  {0x0000,0x10C0,0x131E,0x1252,0x7A52,0x1252,0x1252,0x3252,0x3A52,0x5652,0x5392,0x549E,0x1090,0x1110,0x1210,0x0000},  /* U+67F3 */
  {0x0000,0x0840,0x284C,0x2F70,0x2840,0x2842,0x2F42,0x513C,0x0100,0x7FFE,0x0340,0x0520,0x0910,0x310C,0x4102,0x0000},  /* U+67F4 */
  {0x0000,0x10AC,0x1152,0x1152,0x7D52,0x1152,0x1152,0x1BFE,0x3552,0x3152,0x5152,0x5152,0x1152,0x1152,0x1156,0x0000},  /* U+67F5 */
  {0x0000,0x0100,0x0100,0x7FFE,0x0340,0x0D30,0x1108,0x6006,0x1FF8,0x1008,0x1FF8,0x1008,0x0FF0,0x1008,0x7FFE,0x0000},  /* U+67FB */
  {0x0000,0x1000,0x13FE,0x1020,0x7C20,0x1020,0x1120,0x293E,0x3520,0x3320,0x5120,0x5120,0x1120,0x1120,0x16DE,0x0000},  /* U+67FE */
  {0x0000,0x1020,0x1020,0x13FE,0x7C20,0x1020,0x11FE,0x2922,0x3522,0x3122,0x5122,0x5122,0x112E,0x1020,0x1020,0x0000},  /* U+67FF */
  {0x0000,0x10FC,0x1102,0x1162,0x7D12,0x1112,0x13FE,0x2904,0x3544,0x3524,0x5114,0x5204,0x11FE,0x1204,0x103C,0x0000},  /* U+6802 */
  {0x0000,0x100E,0x11F0,0x1100,0x7D00,0x11FE,0x1120,0x2920,0x353E,0x3522,0x5222,0x5242,0x1242,0x1284,0x159C,0x0000},  /* U+6803 */
  {0x0000,0x2104,0x1108,0x0890,0x3FFE,0x4002,0x4102,0x0100,0x7FFE,0x0340,0x0340,0x0D30,0x1108,0x6106,0x0100,0x0000},  /* U+6804 */
  {0x0000,0x1020,0x1050,0x1088,0x7D04,0x1202,0x11FC,0x2820,0x3420,0x3420,0x51FC,0x5020,0x1020,0x1020,0x13FE,0x0000},  /* U+6813 */
  {0x0000,0x13AE,0x1050,0x1050,0x7DFC,0x1252,0x1A52,0x3A52,0x3292,0x528E,0x5302,0x1202,0x1202,0x13FE,0x1202,0x0000},  /* U+6816 */
  {0x0000,0x7FFE,0x0240,0x3FFC,0x2244,0x2244,0x3FFC,0x0100,0x0100,0x7FFE,0x0740,0x0930,0x3108,0x4106,0x0000,0x0000},  /* U+6817 */
  {0x0000,0x1020,0x1020,0x13FE,0x7C88,0x1084,0x1102,0x2A8A,0x3488,0x3448,0x5050,0x5020,0x1050,0x1088,0x1306,0x0000},  /* U+6821 */
  {0x0000,0x13BE,0x1040,0x1040,0x7C40,0x13BC,0x1A04,0x3604,0x3604,0x51FC,0x5204,0x1204,0x1204,0x11FC,0x1204,0x0000},  /* U+6822 */
  {0x0000,0x2140,0x2140,0x2140,0xFAF8,0x2240,0x3640,0x6840,0x6FFC,0xA0E0,0xA0D0,0x2148,0x2248,0x2446,0x2040,0x0000},  /* U+682A */
  {0x0000,0x1080,0x1080,0x10FE,0x7D00,0x1200,0x11FE,0x1922,0x3522,0x3522,0x53DE,0x5102,0x1102,0x1102,0x110E,0x0000},  /* U+6834 */
  {0x0000,0x1020,0x1020,0x13FE,0x7C40,0x1044,0x1188,0x2890,0x3462,0x3444,0x5188,0x5210,0x1028,0x10C4,0x1302,0x0000},  /* U+6838 */
  {0x0000,0x10F8,0x1104,0x1104,0x7DFC,0x1104,0x1104,0x29DC,0x3520,0x3322,0x512C,0x5110,0x1108,0x117C,0x1382,0x0000},  /* U+6839 */
  {0x0000,0x1040,0x107C,0x1084,0x7D88,0x1250,0x1820,0x3450,0x348C,0x37FE,0x5104,0x5104,0x1104,0x1104,0x11FC,0x0000},  /* U+683C */
  {0x0000,0x0448,0x3F44,0x0442,0x0440,0x7FFE,0x0420,0x0424,0x7FA4,0x0828,0x1630,0x1510,0x24B2,0x44D2,0x050E,0x0000},  /* U+683D */
  {0x0000,0x1080,0x113E,0x1200,0x7C80,0x1080,0x317E,0x3B04,0x3D04,0x5104,0x5104,0x1104,0x1104,0x1104,0x111C,0x0000},  /* U+6841 */
  {0x0000,0x1020,0x1020,0x13FC,0x7C20,0x1020,0x1BFE,0x3400,0x3020,0x5020,0x53FC,0x1020,0x1020,0x1020,0x17DE,0x0000},  /* U+6842 */
  {0x0000,0x1050,0x1050,0x1252,0x7954,0x1154,0x1958,0x3450,0x3098,0x5194,0x5292,0x1090,0x1092,0x1112,0x160E,0x0000},  /* U+6843 */
  {0x0000,0x0100,0x7FFE,0x4202,0x7FEE,0x0410,0x0820,0x17C0,0x1E38,0x2104,0x7FFE,0x0340,0x0520,0x1918,0x6106,0x0000},  /* U+6848 */
  {0x0000,0x10FC,0x1102,0x1102,0x7DFA,0x1102,0x1972,0x398A,0x358A,0x518A,0x518A,0x11F2,0x1102,0x1102,0x110E,0x0000},  /* U+6850 */
  {0x0000,0x1FF0,0x0C20,0x03C0,0x0E30,0x7EFC,0x2204,0x1C78,0x36CC,0x4102,0x7FFE,0x0340,0x0520,0x1918,0x6106,0x0000},  /* U+6851 */
  {0x0000,0x1000,0x11FE,0x1000,0x7DFC,0x1104,0x1904,0x35FC,0x3504,0x5104,0x5104,0x11FC,0x1000,0x13FE,0x1000,0x0000},  /* U+6853 */
  {0x0000,0x1020,0x1020,0x13FE,0x7C20,0x1020,0x1820,0x35DC,0x3400,0x51FC,0x5104,0x1104,0x1104,0x1104,0x11FC,0x0000},  /* U+6854 */
  {0x0000,0x1022,0x1222,0x1122,0x7D24,0x1004,0x1040,0x2840,0x37FE,0x3484,0x5108,0x51C8,0x1030,0x1048,0x1786,0x0000},  /* U+685C */
  {0x0000,0x1104,0x1104,0x1184,0x7A7E,0x1264,0x1264,0x3264,0x3D64,0x54A4,0x50DE,0x5084,0x1104,0x1204,0x1604,0x0000},  /* U+685D */
  {0x0000,0x1058,0x1044,0x11FE,0x7C40,0x104C,0x11F0,0x2840,0x34FE,0x3524,0x5024,0x5028,0x1032,0x10D2,0x130E,0x0000},  /* U+685F */
  {0x0000,0x1020,0x1050,0x1088,0x7C84,0x1102,0x12FC,0x2800,0x3400,0x35FE,0x5040,0x5048,0x1084,0x109E,0x1362,0x0000},  /* U+6867 */
  {0x0000,0x13FC,0x1008,0x10D0,0x7C20,0x13FC,0x1A24,0x3624,0x33FC,0x5224,0x5224,0x13FC,0x1224,0x1224,0x122C,0x0000},  /* U+6876 */
  {0x0000,0x3BF8,0x0048,0x624C,0x148C,0x148A,0x110A,0x2230,0x4500,0x0100,0x7FFE,0x0340,0x0D30,0x310C,0x4102,0x0000},  /* U+6881 */
  {0x0000,0x1080,0x1080,0x117E,0x7D00,0x12FE,0x1112,0x1922,0x37FE,0x3522,0x5124,0x5124,0x11FE,0x1204,0x101C,0x0000},  /* U+6885 */
  {0x0000,0x1020,0x1020,0x13DE,0x7C88,0x1088,0x1088,0x2BFE,0x3420,0x3420,0x53FE,0x5020,0x1020,0x1020,0x1020,0x0000},  /* U+6893 */
  {0x0000,0x1000,0x13FE,0x1020,0x7FFE,0x1222,0x1BFE,0x3622,0x3222,0x53FE,0x5220,0x1140,0x10C0,0x11E0,0x1E1E,0x0000},  /* U+6897 */
  {0x0000,0x1222,0x1124,0x10A4,0x7CA8,0x11FC,0x1902,0x3502,0x35FC,0x5102,0x5102,0x11FE,0x1102,0x1102,0x111C,0x0000},  /* U+68A2 */
  {0x0000,0x11FE,0x1040,0x1040,0x7DFC,0x1044,0x1084,0x2BFE,0x3400,0x32FC,0x5102,0x5102,0x1102,0x1102,0x11FE,0x0000},  /* U+68A7 */
  {0x0000,0x7F04,0x0824,0x7B24,0x0C24,0x1A24,0x2924,0x4804,0x081C,0x0100,0x7FFE,0x0340,0x0D30,0x310C,0x4102,0x0000},  /* U+68A8 */
  {0x0000,0x1084,0x1088,0x11FE,0x7C22,0x1022,0x11FE,0x3920,0x3620,0x33FE,0x5062,0x50A2,0x1122,0x162C,0x1020,0x0000},  /* U+68AF */
  {0x0000,0x1018,0x1014,0x1010,0x7BFE,0x1150,0x1152,0x3952,0x3BF4,0x5154,0x5148,0x5248,0x125A,0x1266,0x1446,0x0000},  /* U+68B0 */
  {0x0000,0x13FE,0x1202,0x1222,0x7E22,0x13FE,0x1222,0x3A72,0x3A72,0x56AA,0x52A6,0x5322,0x1222,0x13FE,0x1202,0x0000},  /* U+68B1 */
  {0x0000,0x11FE,0x1102,0x1102,0x7DFE,0x1104,0x1178,0x39A0,0x353E,0x32E0,0x5222,0x53FC,0x1220,0x1222,0x141E,0x0000},  /* U+68B6 */
  {0x0000,0x1020,0x13FE,0x1020,0x7C20,0x11DE,0x1040,0x1BFE,0x3444,0x33FE,0x5084,0x5144,0x1224,0x1404,0x101C,0x0000},  /* U+68BC */
  {0x0000,0x0100,0x7FFE,0x0420,0x3FFC,0x0002,0x1108,0x7FFE,0x1108,0x0FF0,0x7D3E,0x03C0,0x0520,0x1918,0x6106,0x0000},  /* U+68C4 */
  {0x0000,0x1020,0x11FC,0x1102,0x7DFE,0x1102,0x1902,0x34FC,0x3420,0x33FE,0x5222,0x5222,0x1222,0x122E,0x1020,0x0000},  /* U+68C9 */
  {0x0000,0x1084,0x1084,0x13FE,0x7C84,0x10FC,0x1884,0x3884,0x34F8,0x5084,0x53FE,0x5000,0x1088,0x1104,0x1202,0x0000},  /* U+68CB */
  {0x0000,0x1040,0x13FE,0x1040,0x7DEC,0x1050,0x1088,0x1BFE,0x3524,0x3224,0x54FA,0x5020,0x11FE,0x1020,0x1020,0x0000},  /* U+68D2 */
  {0x0000,0x13DE,0x1252,0x1252,0x7A52,0x13DE,0x3252,0x3A52,0x3A52,0x53DE,0x5452,0x1462,0x1462,0x1462,0x19CE,0x0000},  /* U+68DA */
  {0x0000,0x1020,0x13FE,0x1020,0x7C20,0x11FE,0x1122,0x29FC,0x3522,0x35EE,0x5030,0x5068,0x11A4,0x1222,0x1420,0x0000},  /* U+68DF */
  {0x0000,0x0200,0x7EF8,0x0300,0x06C0,0x1A20,0x621C,0x9220,0x1020,0xFDFC,0x3060,0x58B0,0x5528,0x9226,0x1020,0x0000},  /* U+68EE */
  {0x0000,0x1020,0x13FE,0x1020,0x7DFC,0x1024,0x13FE,0x1824,0x35D8,0x3040,0x53BE,0x5108,0x11D0,0x1030,0x17CE,0x0000},  /* U+68F2 */
  {0x0000,0x1020,0x11FC,0x1202,0x7E02,0x10FC,0x1104,0x2904,0x34FC,0x3500,0x50FC,0x5102,0x1102,0x1102,0x11FE,0x0000},  /* U+68FA */
  {0x0000,0x1020,0x1020,0x13DE,0x7E02,0x1100,0x11DC,0x1952,0x3652,0x3352,0x549A,0x5094,0x1092,0x1112,0x121E,0x0000},  /* U+6900 */
  {0x0000,0x1020,0x11FC,0x1020,0x7C58,0x1084,0x1B02,0x35FE,0x30E4,0x5114,0x5114,0x1114,0x11E4,0x1004,0x101C,0x0000},  /* U+6905 */
  {0x0000,0x1020,0x1020,0x13DE,0x7C00,0x11FC,0x1104,0x2904,0x3504,0x34F8,0x5020,0x5124,0x1222,0x1422,0x10E0,0x0000},  /* U+690B */
  {0x0000,0x1020,0x13FE,0x1020,0x7C20,0x10DE,0x1282,0x1AFE,0x3682,0x327C,0x5282,0x527C,0x1200,0x13FE,0x1200,0x0000},  /* U+690D */
  {0x0000,0x1088,0x1090,0x1110,0x7DFE,0x1310,0x1510,0x29FE,0x3510,0x3510,0x51FE,0x5110,0x1110,0x11FE,0x1100,0x0000},  /* U+690E */
  {0x0000,0x11FC,0x1102,0x1102,0x7DFE,0x1102,0x11FE,0x2800,0x35FC,0x3602,0x5202,0x51FE,0x1202,0x1202,0x13FE,0x0000},  /* U+6919 */
  {0x0000,0x1088,0x13FE,0x1088,0x7C88,0x1050,0x1890,0x1512,0x351C,0x3310,0x5520,0x5110,0x1112,0x1112,0x111E,0x0000},  /* U+691B */
  {0x0000,0x1020,0x1050,0x108C,0x7FDE,0x1020,0x1020,0x1BFE,0x3622,0x3222,0x53FC,0x5020,0x1050,0x1088,0x1706,0x0000},  /* U+691C */
  {0x0000,0x11DC,0x1224,0x1224,0x7A24,0x13A6,0x1226,0x3A40,0x3BBE,0x5222,0x5214,0x57D4,0x1208,0x1214,0x1262,0x0000},  /* U+6934 */
  {0x0000,0x1040,0x13FE,0x1040,0x7DFE,0x1050,0x13FE,0x1888,0x35FC,0x3304,0x5506,0x50F8,0x1104,0x1104,0x11FC,0x0000},  /* U+693F */
  {0x0000,0x11FC,0x1104,0x11FC,0x7D04,0x1104,0x10F8,0x2B7E,0x3480,0x35B4,0x524A,0x5492,0x1092,0x1122,0x125C,0x0000},  /* U+694A */
  {0x0000,0x27F8,0x2408,0x25F8,0xFE48,0x2448,0x27F8,0x7658,0x7658,0xAE58,0xA5E8,0xA458,0x285A,0x2BF6,0x280C,0x0000},  /* U+6953 */
  {0x0000,0x1040,0x13FE,0x1080,0x7D7C,0x1110,0x12FE,0x3800,0x34FC,0x3302,0x50FC,0x5102,0x10FC,0x1102,0x110E,0x0000},  /* U+6955 */
  {0x0000,0x0810,0x7FFE,0x1830,0x2C58,0x4A96,0x0810,0x7EFC,0x0102,0x0904,0x0900,0x09F8,0x1900,0x2500,0x43FE,0x0000},  /* U+695A */
  {0x0000,0x1020,0x13FE,0x1020,0x7C20,0x11FE,0x128A,0x1A4A,0x3652,0x36AA,0x5222,0x52FE,0x1222,0x1222,0x122E,0x0000},  /* U+6960 */
  {0x0000,0x1078,0x1108,0x1104,0x7FFA,0x1452,0x11FC,0x2A52,0x3652,0x329C,0x5202,0x51FC,0x1202,0x13FE,0x1202,0x0000},  /* U+6962 */
  {0x0000,0x1244,0x1248,0x0A50,0x75BE,0x0420,0x3FFC,0x0100,0x1FF8,0x0100,0x7D3E,0x03C0,0x0520,0x1918,0x6106,0x0000},  /* U+696D */
  {0x0000,0x102E,0x11D0,0x1110,0x7DFE,0x1110,0x1110,0x29EE,0x3682,0x36FE,0x5282,0x52FE,0x1282,0x1282,0x14FE,0x0000},  /* U+696F */
  {0x0000,0x1104,0x13FE,0x1104,0x7D04,0x10F8,0x1104,0x39DC,0x3420,0x3020,0x53FE,0x5070,0x10A8,0x1324,0x1422,0x0000},  /* U+6973 */
  {0x0000,0x17FE,0x1080,0x1080,0x7CE0,0x103E,0x13B2,0x3AAA,0x3AAC,0x54A4,0x53A4,0x522C,0x1032,0x10C0,0x17FE,0x0000},  /* U+6975 */
  {0x0000,0x1124,0x10A4,0x10A8,0x7FFE,0x1078,0x10A4,0x1B22,0x3440,0x337A,0x5084,0x5088,0x11C8,0x1038,0x13C6,0x0000},  /* U+697C */
  {0x0000,0x4102,0x27E4,0x1428,0x0C30,0x07F0,0x1C2C,0x66E2,0x0100,0x0100,0x7FFE,0x0740,0x0930,0x310C,0x4102,0x0000},  /* U+697D */
  {0x0000,0x119A,0x1264,0x1264,0x7BE4,0x1264,0x1264,0x3BF6,0x3408,0x5288,0x5288,0x52D8,0x136A,0x142A,0x10CE,0x0000},  /* U+6982 */
  {0x0000,0x1008,0x13C8,0x103E,0x782A,0x17EA,0x112A,0x337E,0x3F6A,0x536A,0x557E,0x5568,0x1508,0x1108,0x1108,0x0000},  /* U+698A */
  {0x0000,0x13FE,0x1020,0x11FC,0x7D04,0x11FC,0x11FC,0x2904,0x35FC,0x3440,0x50FC,0x5188,0x1250,0x1070,0x178E,0x0000},  /* U+698E */
  {0x0000,0x1080,0x119E,0x1252,0x7C54,0x13D4,0x1254,0x3254,0x3FD2,0x5232,0x52D2,0x5292,0x13DE,0x1650,0x1030,0x0000},  /* U+6994 */
  {0x0000,0x2080,0x27FC,0x2080,0xFBFC,0x20A0,0x37FC,0x3110,0x6BE8,0x6444,0xAF5A,0xA0E0,0x2150,0x2648,0x2844,0x0000},  /* U+699B */
  {0x0000,0x1088,0x13FE,0x1088,0x7DFE,0x1088,0x13FE,0x1820,0x35FE,0x3122,0x51FE,0x5122,0x13DE,0x1102,0x110E,0x0000},  /* U+69CB */
  {0x0000,0x1210,0x1138,0x1044,0x7E44,0x1144,0x1178,0x3040,0x3F7E,0x5542,0x5142,0x5142,0x117E,0x1280,0x147E,0x0000},  /* U+69CC */
  {0x0000,0x1020,0x1050,0x108C,0x7D72,0x12F8,0x1104,0x19FC,0x3504,0x35FC,0x5100,0x51FE,0x1282,0x1282,0x14FC,0x0000},  /* U+69CD */
  {0x0000,0x1088,0x1088,0x1376,0x7C20,0x11FE,0x1020,0x1BFE,0x3420,0x3122,0x50BC,0x5070,0x11A8,0x1624,0x10E2,0x0000},  /* U+69D8 */
  {0x0000,0x1020,0x13FE,0x1020,0x7CFC,0x1104,0x10FC,0x3904,0x35FC,0x3304,0x50F8,0x53FE,0x1088,0x1184,0x1202,0x0000},  /* U+69D9 */
  {0x0000,0x227C,0x2244,0x2F44,0xF27C,0x2244,0x227C,0x6FC4,0x7244,0xAA4C,0xA230,0xA530,0x24D0,0x2852,0x219E,0x0000},  /* U+69FB */
  {0x0000,0x1050,0x13FE,0x1050,0x7FFE,0x1252,0x13FE,0x1A52,0x37FE,0x34F8,0x5104,0x5104,0x11FC,0x1104,0x11FC,0x0000},  /* U+69FD */
  {0x0000,0x127E,0x1124,0x1018,0x7808,0x12F6,0x1192,0x307E,0x3E92,0x59FE,0x5192,0x5192,0x1196,0x1380,0x147E,0x0000},  /* U+6A0B */
  {0x0000,0x13FE,0x1020,0x13FE,0x7C22,0x11AC,0x11AC,0x1820,0x35DC,0x337E,0x5080,0x50FC,0x1104,0x1004,0x103C,0x0000},  /* U+6A17 */
  {0x0000,0x13FE,0x1050,0x11FE,0x7E52,0x1252,0x13FE,0x1800,0x35FC,0x3000,0x53FE,0x5020,0x1124,0x1222,0x14E0,0x0000},  /* U+6A19 */
  {0x0000,0x1020,0x11FE,0x1088,0x7FFE,0x1000,0x11FC,0x2902,0x35FC,0x3502,0x51FC,0x5020,0x13FE,0x1020,0x1020,0x0000},  /* U+6A1F */
  {0x0000,0x1088,0x13FE,0x1088,0x7DF8,0x1204,0x13FC,0x3A04,0x37DC,0x5020,0x5040,0x17FE,0x1050,0x1088,0x1706,0x0000},  /* U+6A21 */
  {0x0000,0x1080,0x10FE,0x1120,0x7E40,0x13FE,0x1890,0x14FE,0x3510,0x37FE,0x5110,0x5110,0x11FE,0x1110,0x11EE,0x0000},  /* U+6A29 */
  {0x0000,0x1088,0x13FE,0x1088,0x7C88,0x1376,0x1020,0x1BFE,0x3622,0x55FE,0x5222,0x53FE,0x1000,0x108C,0x1702,0x0000},  /* U+6A2A */
  {0x0000,0x13DE,0x1292,0x13D2,0x7C32,0x122C,0x13C8,0x3A8C,0x3BD2,0x5420,0x5020,0x53FC,0x1020,0x1020,0x17FE,0x0000},  /* U+6A2B */
  {0x0000,0x1090,0x1090,0x11FE,0x7D10,0x17FE,0x1110,0x1910,0x35FE,0x3510,0x51FE,0x5000,0x1154,0x1252,0x164A,0x0000},  /* U+6A35 */
  {0x0000,0x1084,0x17E4,0x1084,0x789E,0x1344,0x13C4,0x3434,0x3C34,0x5BCC,0x504C,0x5244,0x1244,0x10E4,0x170C,0x0000},  /* U+6A39 */
  {0x0000,0x1088,0x13FE,0x1088,0x7C00,0x13FE,0x10A4,0x2BFE,0x34A4,0x34A4,0x537A,0x5020,0x13FE,0x1020,0x1020,0x0000},  /* U+6A3A */
  {0x0000,0x1078,0x1104,0x12FA,0x7C52,0x13FE,0x125E,0x3382,0x3FFE,0x53F6,0x5008,0x57FE,0x1108,0x10C8,0x1038,0x0000},  /* U+6A3D */
  {0x0000,0x11BC,0x1240,0x13FE,0x7C88,0x11FC,0x128A,0x18F8,0x3400,0x37FE,0x5272,0x528A,0x128A,0x12F2,0x120E,0x0000},  /* U+6A4B */
  {0x0000,0x11FC,0x10C8,0x1030,0x7FEE,0x10E4,0x1320,0x1840,0x37FE,0x3652,0x538E,0x527A,0x128A,0x127A,0x128E,0x0000},  /* U+6A58 */
  {0x0000,0x1128,0x12AA,0x12B4,0x7D28,0x11AA,0x13F6,0x386A,0x3424,0x53FA,0x5224,0x5398,0x1250,0x122A,0x14CE,0x0000},  /* U+6A5F */
  {0x0000,0x1080,0x10F0,0x1110,0x7FFE,0x1222,0x1222,0x19FC,0x34D2,0x3734,0x50E8,0x5328,0x1454,0x1192,0x1660,0x0000},  /* U+6A61 */
  {0x0000,0x13FE,0x1000,0x11FC,0x7DFC,0x1124,0x11FC,0x1BFE,0x3400,0x31FC,0x5124,0x51FC,0x1124,0x10D8,0x17FE,0x0000},  /* U+6A7F */
  {0x0000,0x1020,0x13FE,0x11FC,0x7E02,0x12FA,0x12F2,0x1A02,0x35FC,0x31FC,0x5104,0x51FC,0x11FC,0x1000,0x13FE,0x0000},  /* U+6A80 */
  {0x0000,0x1030,0x10C8,0x1124,0x7EFE,0x1152,0x1132,0x194A,0x35FC,0x3420,0x53DE,0x5252,0x127A,0x1286,0x120E,0x0000},  /* U+6A8E */
  {0x0000,0x10C0,0x10F0,0x11DC,0x7E22,0x11FE,0x1122,0x19FC,0x3554,0x3652,0x53FC,0x5104,0x11FC,0x1104,0x11FC,0x0000},  /* U+6AD3 */
  {0x0000,0x1210,0x13DE,0x1528,0x79C4,0x13DE,0x1252,0x33D2,0x3A52,0x5BD2,0x5212,0x53D2,0x121E,0x13D0,0x1210,0x0000},  /* U+6ADB */
  {0x0000,0x103C,0x1020,0x13FE,0x7E5A,0x13E2,0x123C,0x3AFC,0x3AA4,0x56FC,0x52FC,0x52AC,0x1552,0x1552,0x1BFE,0x0000},  /* U+6AE8 */
  {0x0000,0x13DE,0x1252,0x13DE,0x7C52,0x13DE,0x1222,0x3BFE,0x3AFA,0x54FA,0x52AA,0x52FA,0x1272,0x13AA,0x122E,0x0000},  /* U+6B04 */
  {0x0000,0x1190,0x7DBE,0x1A94,0x3534,0x52D2,0x3FFC,0x2444,0x1BB8,0x3E08,0x3EFE,0x2288,0x3C48,0x2628,0x7D38,0x0000},  /* U+6B1D */
  {0x0000,0x0800,0x0800,0x1EFC,0x1102,0x2104,0x2104,0x4108,0x0180,0x0180,0x0240,0x0240,0x0420,0x1818,0x6006,0x0000},  /* U+6B20 */
  {0x0000,0x0100,0x6100,0x13BC,0x0A42,0x0242,0x0444,0x0844,0x0040,0x0860,0x10A0,0x2090,0x4110,0x020C,0x0C02,0x0000},  /* U+6B21 */
  {0x0000,0x0F40,0x3040,0x206C,0x2092,0x3B92,0x2492,0x2514,0x2410,0x4410,0x4430,0x4428,0x4448,0x4484,0x4502,0x0000},  /* U+6B23 */
  {0x0000,0x0080,0x7E80,0x44D8,0x4524,0x6924,0x5924,0x4A28,0x5420,0x5420,0x6260,0x4090,0x7E90,0x4108,0x0204,0x0000},  /* U+6B27 */
  {0x0000,0x1440,0x2240,0x416E,0x4852,0x1492,0x1292,0x2110,0x4110,0xBE10,0x2228,0x2228,0x2248,0x3E84,0x2103,0x0000},  /* U+6B32 */
  {0x0000,0x2240,0x2240,0x7F6C,0x2252,0x3E92,0x2292,0x2292,0x3E10,0x2210,0x7FA8,0x0028,0x1248,0x2144,0x4182,0x0000},  /* U+6B3A */
  {0x0000,0x1C40,0x1440,0x226C,0x7792,0x8892,0x0892,0x7F14,0x0810,0x4A10,0x2A30,0x2C48,0x0B48,0x7C84,0x0102,0x0000},  /* U+6B3D */
  {0x0000,0x0840,0x7F40,0x086C,0x0852,0x7752,0x0092,0x3F92,0x0010,0x7F30,0x2A28,0x2A28,0x4948,0x4884,0x1902,0x0000},  /* U+6B3E */
  {0x0000,0x0040,0xFF80,0x7AD8,0x8AA4,0x8AA4,0xF324,0x0C20,0xFF20,0x0220,0x7A30,0x8A50,0x8A48,0xF288,0x0F06,0x0000},  /* U+6B4C */
  {0x0000,0x2240,0x7F40,0x226C,0x1C52,0x3E52,0x4992,0x4910,0x3E10,0x7F10,0x0828,0x7F28,0x0C44,0x1244,0x6082,0x0000},  /* U+6B4E */
  {0x0000,0x2020,0x3F40,0x486C,0x5052,0x3F52,0x2492,0x3F10,0x6410,0xBF10,0x2428,0x3F28,0x2444,0x3F44,0x2082,0x0000},  /* U+6B53 */
  {0x0000,0x0080,0x0080,0x0080,0x1080,0x1080,0x10FC,0x1080,0x1080,0x1080,0x1080,0x1080,0x1080,0x7FFE,0x0000,0x0000},  /* U+6B62 */
  {0x0000,0x0000,0x3FFC,0x0080,0x0080,0x0080,0x1080,0x10FC,0x1080,0x1080,0x1080,0x1080,0x1080,0x7FFE,0x0000,0x0000},  /* U+6B63 */
  {0x0000,0x0440,0x0440,0x0440,0x2442,0x244C,0x2770,0x2440,0x2440,0x2440,0x2440,0x2442,0x2442,0x2FC2,0x503C,0x0000},  /* U+6B64 */
  {0x0000,0x0028,0x3F24,0x0022,0x0020,0x7FFE,0x0420,0x2420,0x27A0,0x2420,0x2420,0x2410,0x2412,0x2FCA,0x700E,0x0000},  /* U+6B66 */
  {0x0000,0x0100,0x1100,0x11FC,0x1100,0x1100,0x7FFE,0x0910,0x0908,0x1104,0x6112,0x0710,0x0060,0x0180,0x3E00,0x0000},  /* U+6B69 */
  {0x0000,0x7FFE,0x0100,0x0360,0x0D18,0x3106,0x4100,0x3F7E,0x0080,0x1080,0x10FC,0x1080,0x1080,0x7FFE,0x0000,0x0000},  /* U+6B6A */
  {0x0000,0x0080,0x10FC,0x1080,0x7FFE,0x0000,0x2914,0x2524,0x2524,0x3BDC,0x2344,0x2524,0x391C,0x2004,0x3FFC,0x0000},  /* U+6B6F */
  {0x0000,0x0880,0x08F8,0x0880,0x7FFE,0x0048,0x1FFE,0x2040,0x3DA4,0x2224,0x2B28,0x2A90,0x5252,0x422A,0x4CC6,0x0000},  /* U+6B73 */
  {0x0000,0x3FFE,0x2210,0x3B76,0x2618,0x2538,0x2AD4,0x3292,0x2080,0x2480,0x2478,0x4480,0x4480,0x5FFE,0x0000,0x0000},  /* U+6B74 */
  {0x0000,0x7FFE,0x0840,0x0840,0x1F42,0x1144,0x2158,0x5160,0x4A40,0x0440,0x0440,0x0842,0x1042,0x607E,0x0000,0x0000},  /* U+6B7B */
  {0x0000,0x7F40,0x1040,0x1048,0x1C84,0x2284,0x23FE,0x6202,0x5400,0x0DFC,0x0504,0x0904,0x1104,0x11FC,0x6104,0x0000},  /* U+6B86 */
  {0x0000,0x7E80,0x1080,0x10FE,0x2102,0x3D02,0x23F2,0x4512,0x75F2,0x0912,0x0912,0x09F2,0x1102,0x2002,0x401C,0x0000},  /* U+6B89 */
  {0x0000,0xFD40,0x2140,0x2140,0x42F8,0x7A40,0x4440,0x8FDC,0xE860,0x10E0,0x1150,0x1248,0x2444,0x4842,0x8040,0x0000},  /* U+6B8A */
  {0x0000,0x7E5C,0x1040,0x11FE,0x2040,0x3C7C,0x25C0,0x4420,0x74FE,0x0924,0x0824,0x0828,0x1032,0x20D2,0x430E,0x0000},  /* U+6B8B */
  {0x0000,0x7C10,0x11FE,0x1020,0x2020,0x3C5C,0x2544,0x457C,0x7544,0x097C,0x0944,0x097C,0x1100,0x21FE,0x6100,0x0000},  /* U+6B96 */
  {0x0000,0x00F0,0x7F10,0x4510,0x4514,0x6914,0x5A08,0x48F0,0x5508,0x5488,0x6290,0x4050,0x7E60,0x4090,0x070C,0x0000},  /* U+6BB4 */
  {0x0000,0x0E78,0x3088,0x2088,0x208A,0x3E8A,0x2106,0x2000,0x3EFC,0x2084,0x2048,0x3E28,0x6010,0x2068,0x2386,0x0000},  /* U+6BB5 */
  {0x0000,0x4478,0x2488,0x1888,0x148A,0x228A,0x4906,0x0800,0x7EFC,0x1884,0x1448,0x2A28,0x4810,0x0868,0x0986,0x0000},  /* U+6BBA */
  {0x0000,0x0878,0x7F44,0x0844,0x3E46,0x0046,0x7F86,0x4100,0x5DFE,0x2244,0x2224,0x2228,0x2310,0x2368,0x4186,0x0000},  /* U+6BBB */
  {0x0000,0x3F38,0x2144,0x2144,0x3F46,0x2A46,0x2A46,0x3F80,0x2A7E,0x2A24,0x3F24,0x4018,0x5210,0x512C,0x60C2,0x0000},  /* U+6BBF */
  {0x0000,0x0878,0x7F48,0x2248,0x144A,0x774A,0x1886,0x2A00,0x4AFE,0x1444,0x6624,0x1D28,0x2410,0x4468,0x3986,0x0000},  /* U+6BC5 */
  {0x0000,0x1FFC,0x1304,0x1088,0x1048,0x7FFE,0x1008,0x1208,0x2188,0x2048,0x2008,0x3FFE,0x2008,0x00F0,0x0000,0x0000},  /* U+6BCD */
  {0x0000,0x0800,0x0FFC,0x1000,0x2770,0x4888,0x1088,0x1088,0x7FFE,0x1108,0x1108,0x1108,0x1FFE,0x2008,0x00F0,0x0000},  /* U+6BCE */
  {0x0000,0x0100,0x3FFC,0x0100,0x1FF8,0x0100,0x7FFE,0x0000,0x1FF8,0x1108,0x7FFE,0x1108,0x2108,0x3EFE,0x00F0,0x0000},  /* U+6BD2 */
  {0x0000,0x1040,0x1040,0x1040,0x1046,0x1048,0x1E70,0x1040,0x1040,0x1040,0x1040,0x1042,0x1182,0x1E42,0x607E,0x0000},  /* U+6BD4 */
  {0x0000,0x3FFC,0x2104,0x1FF8,0x2104,0x2104,0x1EF8,0x1040,0x104C,0x1F70,0x1040,0x1042,0x1742,0x687E,0x0000,0x0000},  /* U+6BD8 */
  {0x0000,0x0038,0x05C0,0x7A00,0x0200,0x02FC,0x3F00,0x0200,0x0206,0x03F8,0x7E00,0x0200,0x0202,0x0202,0x01FE,0x0000},  /* U+6BDB */
  {0x0000,0x007C,0x0F80,0x1080,0x1080,0x1040,0x1040,0x1FFE,0x1040,0x1040,0x1040,0x1020,0x1022,0x1F92,0x600E,0x0000},  /* U+6C0F */
  {0x0000,0x3FFC,0x2004,0x2004,0x1FFC,0x2080,0x2080,0x3FFE,0x2080,0x2040,0x2040,0x2022,0x2392,0x7C0E,0x0000,0x0000},  /* U+6C11 */
  {0x0000,0x0800,0x1FFE,0x1000,0x2000,0x2FF8,0x4000,0x3FF8,0x0088,0x1888,0x0508,0x0308,0x048A,0x184A,0x6006,0x0000},  /* U+6C17 */
  {0x0000,0x0100,0x0100,0x0102,0x0104,0x7E88,0x0590,0x0560,0x0940,0x0920,0x1110,0x2108,0x4104,0x0102,0x0700,0x0000},  /* U+6C34 */
  {0x0000,0x0100,0x3100,0x0902,0x0504,0x0088,0x7950,0x0560,0x0520,0x0520,0x0910,0x1108,0x2104,0x4102,0x0700,0x0000},  /* U+6C37 */
  {0x0000,0x0700,0x00C0,0x0020,0x1F00,0x0102,0x0084,0x7D98,0x0560,0x0940,0x0920,0x1110,0x2108,0x4106,0x0700,0x0000},  /* U+6C38 */
  {0x0000,0x31F8,0x0A04,0x0204,0x0204,0x4204,0x3204,0x0204,0x0218,0x0A00,0x1200,0x1202,0x2202,0x2202,0x41FC,0x0000},  /* U+6C3E */
  {0x0000,0x2000,0x1BFE,0x0010,0x0010,0x4010,0x3010,0x0010,0x0010,0x0810,0x0810,0x1010,0x2010,0x2010,0x40F0,0x0000},  /* U+6C40 */
  {0x0000,0x2020,0x1820,0x0020,0x0020,0x4020,0x37FE,0x0020,0x0020,0x0820,0x1020,0x1020,0x2020,0x2020,0x4020,0x0000},  /* U+6C41 */
  {0x0000,0x0130,0x0108,0x7FFE,0x0100,0x2084,0x1188,0x0950,0x0520,0x0120,0x0510,0x1908,0x2104,0x4102,0x0700,0x0000},  /* U+6C42 */
  {0x0000,0x31F0,0x0A08,0x0208,0x0208,0x4208,0x3288,0x0248,0x0228,0x0A08,0x1208,0x120A,0x240A,0x240A,0x4806,0x0000},  /* U+6C4E */
  {0x0000,0x3040,0x0840,0x00FE,0x0082,0x4102,0x3304,0x04C4,0x0028,0x0810,0x1010,0x1020,0x2040,0x2080,0x4700,0x0000},  /* U+6C50 */
  {0x0000,0x23DE,0x1820,0x0020,0x0020,0x4020,0x3020,0x07FE,0x0020,0x0820,0x1020,0x1020,0x2020,0x2020,0x4020,0x0000},  /* U+6C57 */
  {0x0000,0x23BE,0x1840,0x0080,0x0080,0x47FE,0x3080,0x0100,0x01F8,0x0904,0x1004,0x1004,0x2004,0x2004,0x4078,0x0000},  /* U+6C5A */
  {0x0000,0x2080,0x1880,0x0080,0x0100,0x4FFE,0x3108,0x0208,0x0208,0x0A10,0x1590,0x1060,0x2050,0x2188,0x4E06,0x0000},  /* U+6C5D */
  {0x0000,0x2000,0x1BFC,0x0020,0x0020,0x4020,0x3020,0x0020,0x0020,0x0820,0x1020,0x1020,0x2020,0x27FE,0x4000,0x0000},  /* U+6C5F */
  {0x0000,0x2020,0x1A20,0x0220,0x022C,0x4272,0x31A2,0x0E22,0x0222,0x0A22,0x1224,0x1228,0x2202,0x2202,0x41FE,0x0000},  /* U+6C60 */
  {0x0000,0x3040,0x0840,0x0040,0x0040,0x47FE,0x3060,0x0060,0x0060,0x0890,0x1090,0x1188,0x2148,0x2234,0x4C02,0x0000},  /* U+6C70 */
  {0x0000,0x27F8,0x1908,0x0110,0x0110,0x4110,0x31EE,0x0184,0x0244,0x0A44,0x1228,0x1210,0x2430,0x2448,0x4B86,0x0000},  /* U+6C72 */
  {0x0000,0x2040,0x1840,0x03FC,0x0044,0x4044,0x3044,0x0044,0x07FE,0x1060,0x10A0,0x1090,0x2110,0x2208,0x4C06,0x0000},  /* U+6C7A */
  {0x0000,0x2100,0x1900,0x02FE,0x0400,0x45FC,0x2000,0x17F8,0x0008,0x0008,0x1004,0x1004,0x2006,0x2006,0x4006,0x0000},  /* U+6C7D */
  {0x0000,0x203C,0x1FC0,0x0040,0x0040,0x4040,0x3040,0x07FE,0x0040,0x0860,0x10A0,0x1090,0x2108,0x220C,0x4C02,0x0000},  /* U+6C83 */
  {0x0000,0x2040,0x1840,0x0040,0x07FE,0x4442,0x3442,0x0040,0x0040,0x08A0,0x10A0,0x1120,0x2122,0x2222,0x4C3E,0x0000},  /* U+6C88 */
  {0x0000,0x2040,0x187C,0x07C0,0x0040,0x4444,0x3444,0x0444,0x0444,0x0C44,0x13FC,0x1444,0x2042,0x2042,0x403E,0x0000},  /* U+6C8C */
  {0x0000,0x0100,0x0084,0x7D88,0x0570,0x0920,0x1118,0x6306,0x1FF8,0x1008,0x1008,0x1FF8,0x1008,0x1008,0x1FF8,0x0000},  /* U+6C93 */
  {0x0000,0x3020,0x0820,0x0020,0x03FE,0x4222,0x3222,0x0222,0x0222,0x0BFE,0x1020,0x1020,0x2020,0x2020,0x4020,0x0000},  /* U+6C96 */
  {0x0000,0x2020,0x1820,0x0128,0x0124,0x4224,0x3222,0x0422,0x0024,0x09E4,0x1008,0x1010,0x2020,0x20C0,0x4700,0x0000},  /* U+6C99 */
  {0x0000,0x21F0,0x1908,0x0108,0x010A,0x420A,0x340E,0x0800,0x07FC,0x0908,0x1088,0x1090,0x2060,0x2190,0x4E0E,0x0000},  /* U+6CA1 */
  {0x0000,0x21FC,0x1A02,0x0202,0x0202,0x4202,0x3202,0x03FC,0x0220,0x0A20,0x1210,0x1210,0x2408,0x2404,0x4802,0x0000},  /* U+6CA2 */
  {0x0000,0x2040,0x1840,0x07FE,0x0040,0x4040,0x3040,0x07FE,0x0060,0x08D0,0x1150,0x1148,0x2244,0x2C42,0x4040,0x0000},  /* U+6CAB */
  {0x0000,0x6000,0x1FFE,0x0004,0x0004,0x43E4,0x3224,0x0224,0x0224,0x0A24,0x13E4,0x1204,0x2004,0x2004,0x403C,0x0000},  /* U+6CB3 */
  {0x0000,0x2090,0x1890,0x07FC,0x0092,0x4092,0x33FC,0x0490,0x0490,0x17FE,0x1492,0x1092,0x211A,0x2214,0x4410,0x0000},  /* U+6CB8 */
  {0x0000,0x2020,0x1820,0x0020,0x03FE,0x4222,0x3222,0x0222,0x0222,0x03FE,0x1222,0x1222,0x2222,0x23FE,0x4202,0x0000},  /* U+6CB9 */
  {0x0000,0x3080,0x0880,0x0090,0x0108,0x4104,0x37FC,0x0002,0x0000,0x0BFC,0x1204,0x1204,0x2204,0x2204,0x43FC,0x0000},  /* U+6CBB */
  {0x0000,0x23B8,0x1844,0x0044,0x0084,0x4084,0x3104,0x0618,0x0000,0x0BFC,0x1204,0x1204,0x2204,0x2204,0x43FC,0x0000},  /* U+6CBC */
  {0x0000,0x3090,0x0910,0x0108,0x0108,0x4204,0x3402,0x0402,0x03FC,0x0A04,0x1204,0x1204,0x2204,0x2204,0x43FC,0x0000},  /* U+6CBF */
  {0x0000,0x33FC,0x0A02,0x0202,0x0202,0x4202,0x3202,0x03FC,0x0090,0x0890,0x0890,0x1110,0x1112,0x2212,0x4C1E,0x0000},  /* U+6CC1 */
  {0x0000,0x0100,0x1FF8,0x1008,0x1008,0x1FF8,0x1008,0x1FF8,0x0104,0x7D88,0x0550,0x0920,0x1110,0x210C,0x4702,0x0000},  /* U+6CC9 */
  {0x0000,0x3040,0x0840,0x01F8,0x0204,0x4204,0x3204,0x0204,0x03FC,0x0A04,0x1204,0x1204,0x2204,0x23FC,0x4204,0x0000},  /* U+6CCA */
  {0x0000,0x20C4,0x1824,0x0018,0x0108,0x4110,0x3314,0x0524,0x0522,0x0542,0x1982,0x2100,0x2304,0x2504,0x48F8,0x0000},  /* U+6CCC */
  {0x0000,0x3040,0x0840,0x03FC,0x0040,0x4040,0x3040,0x077E,0x0080,0x0880,0x0890,0x1108,0x2104,0x23FC,0x4402,0x0000},  /* U+6CD5 */
  {0x0000,0x2100,0x1900,0x02FE,0x0202,0x47E2,0x3012,0x0014,0x0014,0x0BE4,0x1204,0x1218,0x2202,0x2202,0x43FE,0x0000},  /* U+6CE1 */
  {0x0000,0x2020,0x1820,0x03FE,0x0422,0x4424,0x3420,0x03FC,0x0504,0x1488,0x1488,0x1450,0x2420,0x28D8,0x4B06,0x0000},  /* U+6CE2 */
  {0x0000,0x2040,0x1840,0x0040,0x07BE,0x4008,0x3108,0x0108,0x0108,0x0910,0x1110,0x1090,0x2090,0x2010,0x4FFE,0x0000},  /* U+6CE3 */
  {0x0000,0x31FC,0x0A02,0x0202,0x0202,0x43FC,0x3200,0x0280,0x028C,0x0AB0,0x12C0,0x1280,0x2482,0x2482,0x48FE,0x0000},  /* U+6CE5 */
  {0x0000,0x30C0,0x0820,0x0010,0x07FE,0x4040,0x3040,0x0040,0x0040,0x0BFC,0x1040,0x1040,0x2040,0x2040,0x47FE,0x0000},  /* U+6CE8 */
  {0x0000,0x0100,0x3FFC,0x0100,0x0200,0x1FFC,0x0420,0x7FFE,0x1108,0x2914,0x4522,0x0500,0x0760,0x1918,0x2704,0x0000},  /* U+6CF0 */
  {0x0000,0x21C0,0x1830,0x0000,0x03C0,0x4042,0x3044,0x07A8,0x0150,0x0950,0x1150,0x1248,0x2444,0x2842,0x41C0,0x0000},  /* U+6CF3 */
  {0x0000,0x2108,0x1908,0x07DE,0x0020,0x4020,0x3020,0x03FC,0x0020,0x0820,0x17FE,0x1020,0x2020,0x2020,0x4020,0x0000},  /* U+6D0B */
  {0x0000,0x2120,0x1920,0x03FE,0x0220,0x4420,0x2420,0x17FE,0x0090,0x1110,0x1110,0x1110,0x2112,0x2212,0x4C1E,0x0000},  /* U+6D17 */
  {0x0000,0x2080,0x19F8,0x0108,0x0290,0x4490,0x3860,0x00B0,0x0108,0x0FFE,0x1204,0x1204,0x2204,0x2204,0x43FC,0x0000},  /* U+6D1B */
  {0x0000,0x27FE,0x1C02,0x0402,0x05FA,0x4402,0x34E2,0x0512,0x0512,0x0D12,0x1512,0x15E2,0x2402,0x2402,0x440E,0x0000},  /* U+6D1E */
  {0x0000,0x2040,0x1FF8,0x0044,0x0044,0x4FFE,0x2044,0x17FC,0x0040,0x17FC,0x1040,0x2040,0x2FFE,0x2040,0x4040,0x0000},  /* U+6D25 */
  {0x0000,0x2040,0x1840,0x07FE,0x0442,0x47FE,0x3442,0x0442,0x03FC,0x0C24,0x1028,0x1010,0x2022,0x20D2,0x470E,0x0000},  /* U+6D29 */
  {0x0000,0x2108,0x1908,0x0108,0x07FE,0x4108,0x3108,0x0108,0x0108,0x0FFE,0x1000,0x1110,0x2108,0x2204,0x4402,0x0000},  /* U+6D2A */
  {0x0000,0x2124,0x1124,0x0124,0x0124,0x4534,0x35AC,0x05AC,0x0964,0x0224,0x1224,0x2224,0x2224,0x4424,0x4824,0x0000},  /* U+6D32 */
  {0x0000,0x205C,0x1BA0,0x0020,0x0020,0x47FE,0x3020,0x0020,0x0020,0x0BFC,0x1204,0x1204,0x2204,0x2204,0x43FC,0x0000},  /* U+6D3B */
  {0x0000,0x203C,0x1BC0,0x0200,0x0206,0x4278,0x3390,0x0292,0x029C,0x0A90,0x1490,0x1488,0x2488,0x2884,0x4882,0x0000},  /* U+6D3E */
  {0x0000,0x2040,0x1840,0x07FE,0x0090,0x4108,0x33FC,0x0402,0x0248,0x0A48,0x1248,0x1248,0x224A,0x244A,0x4806,0x0000},  /* U+6D41 */
  {0x0000,0x2100,0x19F0,0x0210,0x0420,0x47DC,0x2044,0x1FFE,0x0044,0x0844,0x13FC,0x1044,0x2040,0x2040,0x41C0,0x0000},  /* U+6D44 */
  {0x0000,0x2098,0x1884,0x01FE,0x0680,0x404E,0x37B0,0x0040,0x01FE,0x1644,0x1028,0x1030,0x2022,0x20D2,0x470E,0x0000},  /* U+6D45 */
  {0x0000,0x203C,0x1BC0,0x0200,0x0200,0x43FE,0x3208,0x0208,0x0208,0x0A08,0x1FFE,0x1010,0x2108,0x2204,0x4C02,0x0000},  /* U+6D5C */
  {0x0000,0x204C,0x1842,0x07FE,0x0040,0x43F8,0x3444,0x0444,0x03FC,0x0C44,0x1444,0x13FC,0x2444,0x2444,0x445C,0x0000},  /* U+6D66 */
  {0x0000,0x2120,0x1920,0x03FE,0x0220,0x4420,0x3020,0x07FE,0x0000,0x0BFC,0x1202,0x1202,0x2202,0x2202,0x43FE,0x0000},  /* U+6D69 */
  {0x0000,0x2040,0x19F8,0x0204,0x0204,0x43FC,0x3204,0x0204,0x03FC,0x0A42,0x1244,0x1238,0x2210,0x22E8,0x4D06,0x0000},  /* U+6D6A */
  {0x0000,0x21B8,0x1A44,0x0244,0x0244,0x43FC,0x3244,0x0244,0x03FC,0x0840,0x1040,0x17FE,0x2040,0x2040,0x4FFE,0x0000},  /* U+6D6C */
  {0x0000,0x20BC,0x1F40,0x0244,0x0244,0x4108,0x33FC,0x0008,0x0030,0x0820,0x17FE,0x1020,0x2020,0x2020,0x41E0,0x0000},  /* U+6D6E */
  {0x0000,0x2118,0x1904,0x0204,0x0442,0x40A0,0x3090,0x0108,0x0604,0x0BFE,0x1204,0x1204,0x2204,0x2204,0x43FC,0x0000},  /* U+6D74 */
  {0x0000,0x2100,0x1A00,0x03FE,0x0400,0x4DFC,0x3224,0x0244,0x0FFE,0x1244,0x1244,0x1444,0x23FE,0x2404,0x4038,0x0000},  /* U+6D77 */
  {0x0000,0x23FC,0x1804,0x03FC,0x0004,0x43FC,0x3000,0x07FE,0x0402,0x17FA,0x1108,0x1090,0x2060,0x20B0,0x4F0E,0x0000},  /* U+6D78 */
  {0x0000,0x2222,0x1A24,0x0124,0x0128,0x43FC,0x2204,0x1204,0x03FC,0x0A04,0x1204,0x13FC,0x2204,0x2204,0x421C,0x0000},  /* U+6D88 */
  {0x0000,0x23FC,0x1808,0x01D0,0x0020,0x43FC,0x3444,0x0444,0x03FC,0x0C44,0x1444,0x17FC,0x2444,0x2444,0x444C,0x0000},  /* U+6D8C */
  {0x0000,0x27FE,0x1800,0x0000,0x03FC,0x4204,0x3204,0x03F8,0x0220,0x1220,0x13FE,0x1450,0x2450,0x2488,0x4B06,0x0000},  /* U+6D99 */
  {0x0000,0x2040,0x1840,0x07FE,0x0040,0x43FC,0x3080,0x07FE,0x0084,0x17FE,0x1104,0x1284,0x2244,0x2C44,0x403C,0x0000},  /* U+6D9B */
  {0x0000,0x2040,0x1FFE,0x0040,0x0040,0x43BC,0x3000,0x07FE,0x0402,0x0890,0x1090,0x1110,0x2112,0x2212,0x441E,0x0000},  /* U+6D9C */
  {0x0000,0x23FE,0x1C20,0x0420,0x05FE,0x4420,0x3420,0x05FE,0x0420,0x1420,0x15FE,0x1420,0x2420,0x2820,0x4BFE,0x0000},  /* U+6DAF */
  {0x0000,0x2040,0x17FE,0x0000,0x0220,0x4240,0x327E,0x04A4,0x0AD4,0x0B48,0x1228,0x2210,0x2230,0x224C,0x4382,0x0000},  /* U+6DB2 */
  {0x0000,0x2040,0x1840,0x07BE,0x0000,0x43FC,0x3204,0x0204,0x0204,0x11F8,0x1040,0x1248,0x2244,0x2442,0x49C0,0x0000},  /* U+6DBC */
  {0x0000,0x2020,0x1820,0x07DE,0x0402,0x4000,0x33FC,0x0020,0x0120,0x093C,0x1220,0x1220,0x2320,0x24A0,0x487E,0x0000},  /* U+6DC0 */
  {0x0000,0x2208,0x1208,0x1208,0x0FBE,0x0208,0x6318,0x1298,0x0668,0x062C,0x2A4A,0x2A8A,0x3208,0x4208,0x4208,0x0000},  /* U+6DCB */
  {0x0000,0x2200,0x123E,0x03A2,0x0222,0x4224,0x2FE4,0x0214,0x0694,0x0A58,0x2A48,0x2A58,0x3218,0x4224,0x46C2,0x0000},  /* U+6DD1 */
  {0x0000,0x2100,0x1A00,0x03FE,0x0502,0x4502,0x3AF2,0x0282,0x07FA,0x1082,0x1292,0x1292,0x23F4,0x2214,0x403C,0x0000},  /* U+6DD8 */
  {0x0000,0x2040,0x1A44,0x0248,0x0470,0x4050,0x208C,0x1742,0x0040,0x0A44,0x1248,0x1470,0x20A0,0x2118,0x4E06,0x0000},  /* U+6DE1 */
  {0x0000,0x207C,0x1B88,0x0244,0x0242,0x4422,0x340C,0x07F0,0x0040,0x1040,0x17FE,0x1040,0x2040,0x2040,0x47FE,0x0000},  /* U+6DEB */
  {0x0000,0x27FE,0x1C92,0x0492,0x0090,0x4112,0x360C,0x0040,0x0040,0x07FE,0x10D0,0x1148,0x2244,0x2C42,0x4040,0x0000},  /* U+6DF1 */
  {0x0000,0x2040,0x1FFE,0x0000,0x03FC,0x4204,0x33FC,0x0000,0x03FC,0x0810,0x1060,0x17FE,0x2040,0x2040,0x41C0,0x0000},  /* U+6DF3 */
  {0x0000,0x2494,0x1494,0x0494,0x0494,0x479C,0x3404,0x07FC,0x0404,0x070C,0x1494,0x2494,0x2894,0x4894,0x4894,0x0000},  /* U+6DF5 */
  {0x0000,0x23FC,0x1C04,0x0404,0x07FC,0x4404,0x37FC,0x0000,0x0220,0x1222,0x13EC,0x1230,0x2222,0x23E2,0x4C1E,0x0000},  /* U+6DF7 */
  {0x0000,0x203C,0x17C0,0x0040,0x0080,0x4FFE,0x3110,0x0208,0x0484,0x0A8A,0x12A4,0x2492,0x2492,0x4880,0x4380,0x0000},  /* U+6DFB */
  {0x0000,0x2040,0x1FFE,0x0040,0x03FC,0x4040,0x37BE,0x01F8,0x0204,0x0BFC,0x1204,0x1204,0x23FC,0x2204,0x421C,0x0000},  /* U+6E05 */
  {0x0000,0x23FC,0x1A04,0x03FC,0x0204,0x4204,0x31F8,0x0100,0x01FE,0x1202,0x1EE2,0x1302,0x2212,0x21E4,0x401C,0x0000},  /* U+6E07 */
  {0x0000,0x2020,0x1EF6,0x0108,0x0090,0x4060,0x3198,0x0606,0x0204,0x0BFC,0x1204,0x13FC,0x2204,0x2204,0x4C04,0x0000},  /* U+6E08 */
  {0x0000,0x2020,0x1A20,0x023C,0x0220,0x4220,0x35FE,0x0128,0x0224,0x0A22,0x1426,0x10C8,0x2010,0x2060,0x4780,0x0000},  /* U+6E09 */
  {0x0000,0x2020,0x1A20,0x023E,0x0220,0x4220,0x3FFE,0x0000,0x0204,0x0908,0x1090,0x1000,0x2098,0x2304,0x4C02,0x0000},  /* U+6E0B */
  {0x0000,0x20FC,0x1F00,0x0444,0x0248,0x4248,0x3040,0x07FE,0x0040,0x1040,0x17FE,0x1060,0x2090,0x2108,0x4E06,0x0000},  /* U+6E13 */
  {0x0000,0x2042,0x1844,0x03FC,0x0048,0x47DE,0x3020,0x00C0,0x01FC,0x1704,0x1104,0x21FC,0x2104,0x2104,0x41FC,0x0000},  /* U+6E1A */
  {0x0000,0x201C,0x1012,0x07FE,0x0410,0x47F0,0x3412,0x05D4,0x0634,0x1634,0x1628,0x29D0,0x2A1A,0x482A,0x50C6,0x0000},  /* U+6E1B */
  {0x0000,0x3BFE,0x0200,0x63FC,0x1204,0x0A04,0x13F8,0x2200,0x41FE,0x0100,0x7FFE,0x0340,0x0D30,0x310C,0x4102,0x0000},  /* U+6E20 */
  {0x0000,0x2020,0x1BFE,0x0400,0x0488,0x47FE,0x3488,0x0488,0x0470,0x17FC,0x1484,0x2488,0x2850,0x4870,0x4B8E,0x0000},  /* U+6E21 */
  {0x0000,0x23FC,0x1C02,0x0402,0x03FC,0x4400,0x33FE,0x0488,0x0484,0x157A,0x1420,0x15FC,0x2420,0x2820,0x4BFE,0x0000},  /* U+6E25 */
  {0x0000,0x21F8,0x1904,0x013C,0x0144,0x4144,0x3144,0x06BA,0x0402,0x0DF2,0x1512,0x1512,0x24F2,0x2502,0x440E,0x0000},  /* U+6E26 */
  {0x0000,0x33F8,0x0A04,0x0204,0x03F8,0x4204,0x3204,0x01F8,0x0000,0x0FFC,0x1494,0x1494,0x2494,0x2494,0x4FFE,0x0000},  /* U+6E29 */
  {0x0000,0x27C2,0x1452,0x0452,0x07D2,0x4452,0x3452,0x07D2,0x0452,0x0452,0x17D2,0x2002,0x2482,0x4442,0x483E,0x0000},  /* U+6E2C */
  {0x0000,0xC220,0x2FFC,0x0220,0x0220,0x9FFC,0x6220,0x0410,0x07E8,0x2816,0x3010,0x27E0,0x4400,0x4408,0x87F8,0x0000},  /* U+6E2F */
  {0x0000,0x2040,0x17FE,0x0040,0x07FC,0x40A0,0x3FFE,0x0108,0x03B8,0x0446,0x1840,0x23FC,0x20A0,0x4190,0x460E,0x0000},  /* U+6E4A */
  {0x0000,0x211E,0x1122,0x0122,0x0FE2,0x411E,0x3122,0x0122,0x07A2,0x089E,0x18A2,0x28A2,0x2FA2,0x2842,0x40CE,0x0000},  /* U+6E56 */
  {0x0000,0x223E,0x1222,0x0222,0x0FC2,0x423E,0x3222,0x0322,0x06A2,0x067E,0x1A22,0x2A22,0x2222,0x423E,0x4222,0x0000},  /* U+6E58 */
  {0x0000,0x2108,0x1FFE,0x0108,0x01F8,0x4108,0x31F8,0x0108,0x0B6E,0x0490,0x1494,0x151C,0x2500,0x2400,0x47FE,0x0000},  /* U+6E5B */
  {0x0000,0x23FC,0x1808,0x00F0,0x01B8,0x4244,0x33FC,0x0244,0x0244,0x09F8,0x17FC,0x1042,0x2082,0x2104,0x4E3C,0x0000},  /* U+6E67 */
  {0x0000,0x23FC,0x1A04,0x03FC,0x0204,0x43FC,0x3000,0x07FE,0x0100,0x13FE,0x1492,0x1892,0x2124,0x2244,0x449C,0x0000},  /* U+6E6F */
  {0x0000,0x2040,0x1FFE,0x0098,0x0294,0x4492,0x3910,0x07F8,0x0004,0x11FC,0x1200,0x17FC,0x2402,0x2004,0x403C,0x0000},  /* U+6E7E */
  {0x0000,0x23FC,0x1A04,0x0204,0x03FC,0x4204,0x3204,0x01F8,0x0090,0x1492,0x1294,0x1294,0x2298,0x2090,0x4FFE,0x0000},  /* U+6E7F */
  {0x0000,0x2110,0x1FFE,0x0110,0x0110,0x4FBE,0x3040,0x0040,0x07FE,0x154A,0x154A,0x154A,0x25F2,0x250A,0x440E,0x0000},  /* U+6E80 */
  {0x0000,0x27A4,0x18A8,0x0692,0x010C,0x4204,0x376A,0x0890,0x0090,0x0FFE,0x1090,0x1110,0x2112,0x2212,0x441E,0x0000},  /* U+6E8C */
  {0x0000,0x23FE,0x1C20,0x0420,0x05FC,0x4502,0x35FC,0x0502,0x0502,0x14FC,0x14A4,0x1524,0x2922,0x2A22,0x50E0,0x0000},  /* U+6E90 */
  {0x0000,0x3120,0x0BDC,0x4620,0x3BFC,0x0220,0x0BFC,0x1220,0x2220,0x41DE,0x0100,0x7FFE,0x0100,0x0100,0x0100,0x0000},  /* U+6E96 */
  {0x0000,0x21AC,0x1A12,0x0212,0x0292,0x4292,0x3762,0x004C,0x01B8,0x0A44,0x1244,0x13FC,0x2244,0x2244,0x43BC,0x0000},  /* U+6E9C */
  {0x0000,0x2110,0x1FFE,0x0110,0x03FC,0x4110,0x37FE,0x0040,0x03FC,0x1244,0x13FC,0x1244,0x2FBE,0x2204,0x421C,0x0000},  /* U+6E9D */
  {0x0000,0x20F0,0x1108,0x0208,0x05FE,0x4000,0x30F0,0x0108,0x0208,0x0406,0x1BFC,0x22A4,0x22A4,0x42A4,0x4FFE,0x0000},  /* U+6EA2 */
  {0x0000,0x2020,0x1BFC,0x0402,0x0492,0x4108,0x3246,0x04A0,0x0090,0x0B0C,0x15FA,0x1204,0x2204,0x2204,0x43FC,0x0000},  /* U+6EB6 */
  {0x0000,0x67BE,0x1082,0x0082,0x039E,0x4420,0x3420,0x07BE,0x08A2,0x028A,0x1CB6,0x238A,0x2492,0x48A2,0x439E,0x0000},  /* U+6EBA */
  {0x0000,0x201C,0x1812,0x07FE,0x0410,0x4770,0x3492,0x0494,0x05B4,0x16D4,0x1688,0x2490,0x295A,0x4A2A,0x5AC6,0x0000},  /* U+6EC5 */
  {0x0000,0x2208,0x1908,0x07FE,0x0000,0x4210,0x3210,0x04A2,0x0CE4,0x1314,0x1208,0x1294,0x2292,0x25AE,0x4A52,0x0000},  /* U+6ECB */
  {0x0000,0x21F8,0x1904,0x0138,0x0144,0x43FC,0x3402,0x05FA,0x0204,0x0BFC,0x1204,0x1204,0x23FC,0x2204,0x421C,0x0000},  /* U+6ED1 */
  {0x0000,0x2040,0x1FBE,0x0108,0x0110,0x4EEE,0x3000,0x07FC,0x0444,0x17FC,0x1444,0x17FC,0x2442,0x2042,0x407E,0x0000},  /* U+6EDD */
  {0x0000,0x2248,0x1248,0x07FE,0x0248,0x43F8,0x3000,0x07FE,0x0442,0x01F8,0x1244,0x2244,0x2244,0x4244,0x4058,0x0000},  /* U+6EDE */
  {0x0000,0x2040,0x1FFE,0x0108,0x0110,0x47FE,0x3442,0x05FA,0x0442,0x0C42,0x15BA,0x150A,0x25FA,0x2502,0x440E,0x0000},  /* U+6EF4 */
  {0x0000,0x2180,0x19F0,0x0210,0x03B8,0x4444,0x3A44,0x03FC,0x0244,0x1244,0x13FC,0x1000,0x24A4,0x2492,0x4892,0x0000},  /* U+6F01 */
  {0x0000,0x27FE,0x1090,0x03FC,0x0492,0x4492,0x37FE,0x0000,0x03FC,0x1000,0x17FE,0x2140,0x224C,0x2442,0x48C2,0x0000},  /* U+6F02 */
  {0x0000,0x2040,0x1F5E,0x00E0,0x0158,0x4644,0x3862,0x0090,0x0108,0x0E46,0x1148,0x1150,0x20D0,0x274C,0x40C2,0x0000},  /* U+6F06 */
  {0x0000,0x2040,0x17FE,0x0490,0x0490,0x47FE,0x3492,0x0492,0x076C,0x0622,0x17EC,0x2A10,0x2A20,0x4A62,0x579E,0x0000},  /* U+6F09 */
  {0x0000,0x27FC,0x1402,0x0402,0x07FC,0x4400,0x37FE,0x0420,0x07FE,0x0732,0x16EA,0x2632,0x2AAA,0x4A22,0x522E,0x0000},  /* U+6F0F */
  {0x0000,0x2020,0x1FFE,0x0402,0x0402,0x43FC,0x3020,0x03FC,0x0224,0x0BFC,0x1224,0x136C,0x2090,0x210C,0x4E02,0x0000},  /* U+6F14 */
  {0x0000,0x6090,0x17FE,0x0090,0x03FC,0x0492,0x63FC,0x1492,0x03FC,0x1000,0x13FC,0x2204,0x23FC,0x4204,0x43FC,0x0000},  /* U+6F15 */
  {0x0000,0x2110,0x17FE,0x0110,0x01F8,0x4204,0x23FC,0x1204,0x03BC,0x0040,0x1040,0x17FE,0x20A0,0x2118,0x4E06,0x0000},  /* U+6F20 */
  {0x0000,0x2110,0x1FFE,0x0110,0x01B8,0x4244,0x3244,0x03FC,0x0040,0x17FC,0x1040,0x1FFE,0x20A0,0x2110,0x4E0E,0x0000},  /* U+6F22 */
  {0x0000,0x6C20,0x13FE,0x0020,0x08F8,0x4524,0x33FC,0x0124,0x0D24,0x02F8,0x1220,0x23FE,0x2220,0x4720,0x48FE,0x0000},  /* U+6F23 */
  {0x0000,0x23FC,0x1A04,0x03FC,0x0204,0x41F8,0x27FE,0x1492,0x07FE,0x0000,0x17FC,0x1108,0x2090,0x20F0,0x4F0E,0x0000},  /* U+6F2B */
  {0x0000,0x2040,0x1FFE,0x03FC,0x0040,0x47FE,0x33FC,0x0204,0x03FC,0x0A04,0x13FC,0x1204,0x23FC,0x2108,0x4E06,0x0000},  /* U+6F2C */
  {0x0000,0x6106,0x1FD8,0x0120,0x0120,0x4FE0,0x397E,0x07E4,0x0964,0x07E4,0x1124,0x2FE4,0x2124,0x4124,0x4144,0x0000},  /* U+6F38 */
  {0x0000,0x2100,0x19FE,0x0240,0x0480,0x47FE,0x3120,0x01FE,0x0220,0x0FFC,0x1220,0x13FC,0x2220,0x2220,0x43DE,0x0000},  /* U+6F45 */
  {0x0000,0x213E,0x17CA,0x0112,0x07D2,0x4152,0x36AC,0x0090,0x0320,0x00C8,0x1FBC,0x2042,0x2158,0x4644,0x4842,0x0000},  /* U+6F54 */
  {0x0000,0x2108,0x1FBE,0x0108,0x07FE,0x4108,0x3314,0x02A4,0x0442,0x0BFC,0x1204,0x13FC,0x2204,0x2204,0x43FC,0x0000},  /* U+6F5C */
  {0x0000,0x2180,0x1A1E,0x0202,0x039C,0x4202,0x3202,0x03FC,0x0100,0x0BFE,0x1412,0x1AAA,0x22A6,0x24A2,0x441E,0x0000},  /* U+6F5F */
  {0x0000,0x27BE,0x18A2,0x0FBE,0x08A2,0x48A2,0x3F1E,0x0802,0x09F2,0x0842,0x19F2,0x2842,0x2BFA,0x4802,0x480E,0x0000},  /* U+6F64 */
  {0x0000,0x611E,0x1FD2,0x0112,0x0112,0x06DE,0x6452,0x0792,0x0452,0x179E,0x1122,0x2FE2,0x2122,0x4122,0x414E,0x0000},  /* U+6F6E */
  {0x0000,0x2040,0x1BFC,0x0244,0x03FC,0x47FE,0x3000,0x03FC,0x0204,0x0BFC,0x13FC,0x1204,0x23FC,0x2108,0x4E06,0x0000},  /* U+6F70 */
  {0x0000,0x23A4,0x18B8,0x0692,0x010C,0x43F4,0x3402,0x0BF8,0x0204,0x0A04,0x13F8,0x1108,0x2110,0x2090,0x4FFE,0x0000},  /* U+6F84 */
  {0x0000,0x27BE,0x18A2,0x0FBE,0x08A2,0x48A2,0x3F1E,0x0802,0x09F2,0x0912,0x19F2,0x2912,0x29F2,0x4902,0x480E,0x0000},  /* U+6F97 */
  {0x0000,0x6F9C,0x1864,0x0864,0x0FA4,0x4AA6,0x2AC2,0x0FDC,0x0AA2,0x0AA4,0x2FD4,0x2818,0x2A88,0x5454,0x5862,0x0000},  /* U+6FB1 */
  {0x0000,0x2110,0x1790,0x0460,0x07FE,0x4464,0x3464,0x03D4,0x0114,0x0ED4,0x1388,0x2248,0x2498,0x24A4,0x4BC2,0x0000},  /* U+6FC0 */
  {0x0000,0x27FC,0x1492,0x0492,0x07FC,0x4200,0x33FE,0x0482,0x0BF2,0x0292,0x1292,0x21E2,0x20B2,0x47EC,0x401C,0x0000},  /* U+6FC1 */
  {0x0000,0x23FC,0x1492,0x07FE,0x0492,0x47FE,0x3000,0x07FE,0x0400,0x05FC,0x17FE,0x2522,0x251C,0x2918,0x4BE6,0x0000},  /* U+6FC3 */
  {0x0000,0x2040,0x17FE,0x03F8,0x0204,0x43F8,0x33FC,0x0402,0x07FE,0x01A4,0x1658,0x23B0,0x24E8,0x2326,0x4CE0,0x0000},  /* U+6FE0 */
  {0x0000,0x27FC,0x1040,0x07FE,0x0442,0x43DC,0x33DC,0x0040,0x0FFE,0x1040,0x17BE,0x2492,0x2492,0x4492,0x449E,0x0000},  /* U+6FE1 */
  {0x0000,0x27D0,0x1510,0x07DE,0x0460,0x46E0,0x3500,0x051E,0x02C0,0x0368,0x1494,0x2494,0x2494,0x2494,0x4FFE,0x0000},  /* U+6FEB */
  {0x0000,0x27BE,0x1042,0x039E,0x0042,0x47BE,0x3120,0x0220,0x03FE,0x0440,0x1BFC,0x2240,0x23FC,0x4240,0x43FE,0x0000},  /* U+6FEF */
  {0x0000,0x627E,0x1A08,0x0B88,0x0A36,0x4A22,0x27FE,0x0622,0x0AA2,0x0ABE,0x22A2,0x253E,0x2214,0x4624,0x48C2,0x0000},  /* U+7015 */
  {0x0000,0x620E,0x1FB4,0x0252,0x0FCA,0x427C,0x2F94,0x0014,0x0FFE,0x0A94,0x2AFC,0x2D90,0x2890,0x4890,0x4BB0,0x0000},  /* U+701E */
  {0x0000,0x6D92,0x1212,0x027C,0x0414,0x5A98,0x236E,0x0514,0x09A0,0x037E,0x25A2,0x293E,0x3122,0x4122,0x4E3E,0x0000},  /* U+7026 */
  {0x0000,0x6220,0x1FFE,0x04A0,0x04BE,0x4502,0x2ADE,0x07A0,0x08BC,0x07A0,0x28BC,0x27A0,0x28BC,0x48A2,0x49BE,0x0000},  /* U+7027 */
  {0x0000,0x6276,0x1208,0x0FD0,0x022E,0x47A2,0x3A7E,0x0A62,0x0A62,0x07BE,0x1322,0x26BE,0x2A54,0x5224,0x4242,0x0000},  /* U+702C */
  {0x0000,0x4494,0x3FD4,0x04A4,0x07BA,0x4FA8,0x3A68,0x0A7E,0x07A8,0x0FA8,0x123E,0x2FE8,0x2328,0x44A8,0x48B6,0x0000},  /* U+7058 */
  {0x0000,0x0100,0x0100,0x0100,0x1104,0x1104,0x1108,0x2108,0x4190,0x0180,0x0240,0x0440,0x0420,0x1818,0x6006,0x0000},  /* U+706B */
  {0x0000,0x0800,0x09FE,0x0810,0x2A10,0x2C10,0x4C10,0x4810,0x0810,0x1010,0x1810,0x1410,0x2210,0x2010,0x40F0,0x0000},  /* U+706F */
  {0x0000,0x3FFE,0x2080,0x2080,0x2084,0x2484,0x24C8,0x28C8,0x28C0,0x2120,0x2120,0x4210,0x4408,0x5806,0x0000,0x0000},  /* U+7070 */
  {0x0000,0x0200,0x07C0,0x1840,0x2080,0x4140,0x0630,0x190C,0x610A,0x0988,0x1190,0x2260,0x0420,0x0810,0x700E,0x0000},  /* U+7078 */
  {0x0000,0x1040,0x1040,0x1280,0x32FE,0x3502,0x5702,0x5002,0x11FA,0x1002,0x1802,0x1402,0x2402,0x2204,0x403C,0x0000},  /* U+707C */
  {0x0000,0x1884,0x2108,0x4210,0x2108,0x1084,0x0804,0x0100,0x0904,0x1188,0x2190,0x0240,0x0440,0x0830,0x700E,0x0000},  /* U+707D */
  {0x0000,0x11FE,0x1000,0x1000,0x34FE,0x5502,0x5502,0x5102,0x11FE,0x1102,0x1900,0x1500,0x2500,0x2200,0x4600,0x0000},  /* U+7089 */
  {0x0000,0x1080,0x1080,0x1080,0x34FE,0x5522,0x5524,0x5224,0x1020,0x1020,0x1030,0x1850,0x2488,0x2084,0x4302,0x0000},  /* U+708A */
  {0x0000,0x0100,0x0988,0x0990,0x3260,0x0240,0x0C30,0x710E,0x0908,0x0988,0x1190,0x2240,0x0240,0x0C30,0x700E,0x0000},  /* U+708E */
  {0x0000,0x2104,0x2104,0x2104,0x1EF8,0x0000,0x3FFE,0x2080,0x2484,0x2488,0x38D0,0x2140,0x2120,0x4610,0x580E,0x0000},  /* U+70AD */
  {0x0000,0x0100,0x01FC,0x0100,0x0100,0x0FF0,0x1008,0x1008,0x1008,0x1008,0x0FF0,0x0008,0x1244,0x2224,0x4222,0x0000},  /* U+70B9 */
  {0x0000,0x0880,0x0480,0x3FE0,0x0110,0x0210,0x03FC,0x0404,0x0808,0x1FFE,0x2002,0x4A92,0x1252,0x1244,0x201C,0x0000},  /* U+70BA */
  {0x0000,0x7784,0x0844,0x1044,0x1F44,0x2144,0x5A44,0x0444,0x0444,0x0804,0x301C,0x4000,0x124C,0x2244,0x4222,0x0000},  /* U+70C8 */
  {0x0000,0x0100,0x1FF8,0x1008,0x1008,0x1FF8,0x1000,0x1FFE,0x1000,0x1000,0x0FFE,0x2522,0x2494,0x2484,0x401C,0x0000},  /* U+70CF */
  {0x0000,0x0100,0x7FFE,0x0FF0,0x1008,0x1FF8,0x0000,0x3FFC,0x00E0,0x0100,0x0100,0x0700,0x1448,0x2244,0x4222,0x0000},  /* U+70F9 */
  {0x0000,0x1040,0x10F8,0x1484,0x3508,0x5508,0x5A10,0x516E,0x1142,0x1142,0x117E,0x2942,0x2542,0x217E,0x4142,0x0000},  /* U+7114 */
  {0x0000,0x0810,0x0810,0x7EFE,0x1828,0x2E54,0x2894,0x4912,0x0100,0x0904,0x1188,0x1190,0x2240,0x0C30,0x700E,0x0000},  /* U+711A */
  {0x0000,0x0800,0x1DB4,0x1248,0x3248,0x5248,0x7FFE,0x1248,0x1248,0x1248,0x7FFE,0x0000,0x124C,0x2244,0x4222,0x0000},  /* U+7121 */
  {0x0000,0x0840,0x0880,0x1FFE,0x3080,0x5FF8,0x5080,0x1080,0x1FFC,0x1080,0x1FFE,0x0000,0x124C,0x2244,0x4222,0x0000},  /* U+7126 */
  {0x0000,0x0818,0x1F14,0x1112,0x29FE,0x4610,0xB210,0x0C28,0x0848,0x10C4,0x2102,0x4000,0x124C,0x2244,0x4222,0x0000},  /* U+7136 */
  {0x0000,0x1020,0x13FE,0x1420,0x34A8,0x5488,0x5BFE,0x5088,0x1088,0x13FE,0x1090,0x2890,0x2490,0x2112,0x461E,0x0000},  /* U+713C */
  {0x0000,0x1020,0x13FE,0x1020,0x3420,0x57FE,0x5AAA,0x52AA,0x12B2,0x11FE,0x1070,0x18A8,0x2528,0x2226,0x4422,0x0000},  /* U+7149 */
  {0x0000,0x0810,0x7FFE,0x0000,0x3E44,0x2244,0x3A44,0x2644,0x3A44,0x2644,0x2A04,0x0438,0x1448,0x2244,0x4222,0x0000},  /* U+714E */
  {0x0000,0x176E,0x1090,0x1090,0x5BFE,0x5A92,0x5292,0x53FE,0x1000,0x1020,0x13FE,0x3020,0x2820,0x4820,0x47FE,0x0000},  /* U+7159 */
  {0x0000,0x1084,0x13FE,0x1084,0x5484,0x54F8,0x5884,0x50DC,0x1020,0x1020,0x13FE,0x2870,0x24A8,0x4124,0x4222,0x0000},  /* U+7164 */
  {0x0000,0x3DFC,0x4422,0x4442,0x44C4,0x3F1C,0x44F8,0x4504,0x4504,0x4504,0x79FC,0x1008,0x2244,0x2224,0x4222,0x0000},  /* U+7167 */
  {0x0000,0x13FE,0x1020,0x1020,0x35DE,0x5502,0x55FC,0x5102,0x1102,0x11FC,0x1102,0x19B6,0x2448,0x2084,0x4302,0x0000},  /* U+7169 */
  {0x0000,0x0104,0x3FE8,0x0110,0x0160,0x7FBE,0x0600,0x7BF8,0x0808,0x0FF8,0x0808,0x0FF8,0x1448,0x2244,0x4222,0x0000},  /* U+716E */
  {0x0000,0x11FC,0x1200,0x17FC,0x5602,0x5A02,0x5BFC,0x5200,0x13DE,0x12AA,0x1332,0x2A46,0x2AAA,0x4532,0x44EE,0x0000},  /* U+717D */
  {0x0000,0x1444,0x2278,0x7F40,0x0042,0x3E7E,0x3E40,0x224C,0x3E70,0x2242,0x2A42,0x243C,0x1448,0x2244,0x4222,0x0000},  /* U+718A */
  {0x0000,0x1020,0x11FC,0x1202,0x368A,0x5488,0x5924,0x5252,0x1088,0x1104,0x13FE,0x2904,0x2504,0x2104,0x41FC,0x0000},  /* U+7194 */
  {0x0000,0x0820,0x7F20,0x3FFC,0x2124,0x3FA4,0x3964,0x0624,0x0B54,0x7C46,0x0886,0x3102,0x1448,0x2244,0x4222,0x0000},  /* U+719F */
  {0x0000,0x0820,0x3E20,0x08FC,0x7F24,0x14A4,0x2764,0x4834,0x3F4E,0x0846,0x7F86,0x0100,0x1448,0x2244,0x4222,0x0000},  /* U+71B1 */
  {0x0000,0x2218,0x2394,0x2C94,0xB6FC,0xB590,0xAD10,0xA328,0x2228,0x2244,0x2C86,0x5408,0x4528,0x8524,0x8892,0x0000},  /* U+71C3 */
  {0x0000,0x27C8,0x20B0,0x2F2C,0x6910,0xB3F8,0xB406,0xABF8,0x2208,0x2208,0x23F8,0x5110,0x4910,0x4120,0x8FFC,0x0000},  /* U+71C8 */
  {0x0000,0x1124,0x10A8,0x17AE,0x5870,0x58A8,0x5326,0x5524,0x1204,0x13FE,0x16A4,0x29A4,0x297E,0x4104,0x4604,0x0000},  /* U+71D0 */
  {0x0000,0x0420,0x7FFE,0x0420,0x07E0,0x0810,0x7BD2,0x0A5C,0x0A50,0x1A52,0x6BDE,0x0000,0x224C,0x2244,0x4222,0x0000},  /* U+71D5 */
  {0x0000,0x11F8,0x1108,0x11F8,0x5400,0x5BDE,0x5A52,0x5252,0x11AC,0x1020,0x17FE,0x2850,0x29A8,0x4224,0x4422,0x0000},  /* U+71E5 */
  {0x0000,0x1080,0x10FE,0x15C2,0x5A54,0x5D4C,0x5092,0x5122,0x1624,0x1124,0x10A8,0x2F56,0x28A8,0x4324,0x4422,0x0000},  /* U+71E6 */
  {0x0000,0x13FE,0x1252,0x1652,0x35AC,0x5900,0x59FE,0x5242,0x17FA,0x124A,0x13EA,0x2852,0x2452,0x23AA,0x401C,0x0000},  /* U+71ED */
  {0x0000,0x13FC,0x1204,0x13FC,0x3604,0x35F8,0x5BFE,0x5090,0x16F6,0x1108,0x132C,0x2CB2,0x24B0,0x232C,0x44E2,0x0000},  /* U+7206 */
  {0x0000,0x0018,0x0FE8,0x1108,0x1108,0x1108,0x1108,0x1108,0x2108,0x2108,0x2104,0x2104,0x2104,0x4102,0x4102,0x0000},  /* U+722A */
  {0x0000,0x6FFC,0x1108,0x0910,0x3FFC,0x2444,0x3FFC,0x0008,0x3E08,0x3EFE,0x2208,0x3E48,0x2428,0x2608,0x7938,0x0000},  /* U+7235 */
  {0x0000,0x0420,0x0810,0x1008,0x2004,0x4812,0x0810,0x0420,0x0220,0x0240,0x0180,0x0180,0x0640,0x0830,0x700E,0x0000},  /* U+7236 */
  {0x0000,0x0C30,0x342C,0x4242,0x0180,0x0E70,0x700E,0x7F7E,0x2144,0x3E48,0x2148,0x3F44,0x2342,0x7D5E,0x0140,0x0000},  /* U+723A */
  {0x0000,0x0100,0x0100,0x7FFE,0x252C,0x1910,0x1528,0x2144,0x25A4,0x1998,0x1A58,0x2264,0x0420,0x1818,0x6006,0x0000},  /* U+723D */
  {0x0000,0x7FFE,0x0918,0x3104,0x7FFE,0x2354,0x2D24,0x2B54,0x3144,0x2B54,0x2524,0x2B3C,0x3144,0x211C,0x0000,0x0000},  /* U+723E */
  {0x0000,0x1040,0x1040,0x1040,0x1040,0x1FBE,0x1000,0x1000,0x1FE0,0x1010,0x1010,0x2010,0x2010,0x2010,0x4010,0x0000},  /* U+7247 */
  {0x0000,0x28FE,0x2880,0x2880,0x2880,0x3EBC,0x20C2,0x20C2,0x38C4,0x2524,0x2528,0x4518,0x4510,0x452C,0x46C2,0x0000},  /* U+7248 */
  {0x0000,0x2820,0x29FE,0x2922,0x2922,0x3DFE,0x2122,0x2122,0x38DC,0x2488,0x4508,0x47FE,0x4408,0x4408,0x4408,0x0000},  /* U+724C */
  {0x0000,0x4944,0x4944,0x4BFE,0x4944,0x3D7C,0x4100,0x41DE,0x7020,0x4820,0x4BFE,0x4870,0x48A8,0x4B26,0x4C20,0x0000},  /* U+7252 */
  {0x0000,0x3FFC,0x1040,0x1040,0x1040,0x1040,0x1FFE,0x20C0,0x0140,0x0240,0x0440,0x1840,0x6040,0x01C0,0x0000,0x0000},  /* U+7259 */
  {0x0000,0x0880,0x0880,0x1080,0x1FFC,0x2080,0x4080,0x0080,0x7FFE,0x0080,0x0080,0x0080,0x0080,0x0080,0x0080,0x0000},  /* U+725B */
  {0x0000,0x0880,0x2880,0x2880,0x3E86,0x4888,0x48B0,0x08C0,0x0E80,0x7880,0x0880,0x0880,0x0882,0x0882,0x087E,0x0000},  /* U+725D */
  {0x0000,0x0600,0x0430,0x0808,0x7FF4,0x0882,0x1080,0x1FFC,0x2080,0x4080,0x0080,0x7FFE,0x0080,0x0080,0x0080,0x0000},  /* U+725F */
  {0x0000,0x0820,0x2820,0x4820,0x3E20,0x4820,0x49FE,0x0820,0x0E20,0x7020,0x0820,0x0820,0x0820,0x0820,0x0BFE,0x0000},  /* U+7261 */
  {0x0000,0x0100,0x3FFC,0x4002,0x4902,0x4902,0x1FFC,0x1100,0x6100,0x0100,0x7FFE,0x0100,0x0100,0x0100,0x0100,0x0000},  /* U+7262 */
  {0x0000,0x0840,0x2880,0x4880,0x7EFE,0x4904,0x4984,0x0A88,0x0E48,0x7050,0x0830,0x0820,0x0850,0x0888,0x0B06,0x0000},  /* U+7267 */
  {0x0000,0x0880,0x2880,0x48D4,0x7D2A,0x494A,0x4A4A,0x0852,0x0E92,0x7912,0x0922,0x0A22,0x0844,0x0884,0x0938,0x0000},  /* U+7269 */
  {0x0000,0x0820,0x28A0,0x28A0,0x3CFE,0x4920,0x4920,0x4A20,0x0E20,0x71FE,0x0820,0x0820,0x0820,0x0820,0x0BFE,0x0000},  /* U+7272 */
  {0x0000,0x0820,0x29FC,0x4820,0x7C20,0x4820,0x4BDE,0x0808,0x1E08,0x6BFE,0x0908,0x0888,0x0848,0x0808,0x0838,0x0000},  /* U+7279 */
  {0x0000,0x0100,0x7FFE,0x1A20,0x04C0,0x7FFE,0x4222,0x5FFA,0x0900,0x1FF8,0x2100,0x2100,0x5FFE,0x0100,0x0100,0x0000},  /* U+727D */
  {0x0000,0x3FFC,0x2004,0x3FFC,0x2F7C,0x2040,0x2F7E,0x2000,0x2440,0x2FFC,0x3040,0x5FFE,0x4040,0x4040,0x0000,0x0000},  /* U+7280 */
  {0x0000,0x1088,0x53FE,0x5020,0x7DFC,0x5020,0x53FE,0x15D8,0x1A96,0x77FE,0x1090,0x10F4,0x1788,0x109A,0x13E6,0x0000},  /* U+72A0 */
  {0x0000,0x00A0,0x0110,0x0108,0x0104,0x7F7E,0x0180,0x0180,0x0140,0x0240,0x0220,0x0420,0x0810,0x1008,0x6006,0x0000},  /* U+72AC */
  {0x0000,0x6400,0x18FC,0x1104,0x2904,0x4904,0x0904,0x0904,0x151C,0x2500,0x4500,0x0500,0x0502,0x0902,0x78FE,0x0000},  /* U+72AF */
  {0x0000,0x0848,0x0848,0x4844,0x2842,0x1BFE,0x0840,0x0860,0x1860,0x2860,0x4890,0x4890,0x0908,0x0A04,0x0C02,0x0000},  /* U+72B6 */
  {0x0000,0x2400,0x1BFE,0x1820,0x1820,0x2820,0x4820,0x09FE,0x1420,0x2420,0x4420,0x0420,0x0820,0x0820,0x3BDE,0x0000},  /* U+72C2 */
  {0x0000,0x487C,0x2B84,0x1244,0x3244,0x5244,0x1244,0x0A44,0x1A44,0x2A44,0x4A54,0x0A4C,0x0C4A,0x0DFA,0x7406,0x0000},  /* U+72D0 */
  {0x0000,0x4880,0x2900,0x11FE,0x3102,0x4A02,0x0DF2,0x0912,0x1912,0x2912,0x49F2,0x0902,0x0804,0x0804,0x703C,0x0000},  /* U+72D7 */
  {0x0000,0x24F8,0x1904,0x1104,0x2904,0x49FC,0x0904,0x0904,0x1504,0x2504,0x45FC,0x0904,0x0904,0x0904,0x3FFE,0x0000},  /* U+72D9 */
  {0x0000,0x4C20,0x2820,0x11FE,0x3202,0x4A02,0x0A02,0x0A02,0x19FE,0x2A02,0x4A02,0x0A02,0x0A02,0x09FE,0x7202,0x0000},  /* U+72DB */
  {0x0000,0x4C20,0x2820,0x13DE,0x320A,0x4A0A,0x0BFE,0x0808,0x1808,0x2908,0x4888,0x0848,0x0808,0x0808,0x7078,0x0000},  /* U+72E9 */
  {0x0000,0x4420,0x2820,0x1020,0x33FC,0x4A24,0x0A24,0x0A24,0x1A24,0x29F8,0x4824,0x0824,0x0824,0x08FE,0x7702,0x0000},  /* U+72EC */
  {0x0000,0x4C20,0x2820,0x13FE,0x3024,0x4924,0x0928,0x08A8,0x1BFE,0x2820,0x4860,0x0850,0x0888,0x090C,0x7602,0x0000},  /* U+72ED */
  {0x0000,0x45DC,0x2A22,0x1222,0x3222,0x4BFE,0x0A22,0x0A22,0x1BFC,0x2820,0x4820,0x0BFE,0x0820,0x0820,0x77FE,0x0000},  /* U+72F8 */
  {0x0000,0x4C20,0x28F8,0x1104,0x3104,0x49FC,0x0904,0x0904,0x19FC,0x2922,0x4924,0x0918,0x0910,0x09E8,0x7606,0x0000},  /* U+72FC */
  {0x0000,0x4CF8,0x2904,0x1104,0x3104,0x49FC,0x0904,0x0904,0x19FC,0x2904,0x4904,0x09FC,0x0888,0x0904,0x7602,0x0000},  /* U+72FD */
  {0x0000,0x4BFC,0x3018,0x1020,0x37FE,0x5020,0x1020,0x1020,0x28C0,0x2BFC,0x4A94,0x0A94,0x1294,0x1294,0x7FFE,0x0000},  /* U+731B */
  {0x0000,0x9488,0x6488,0x2250,0x6370,0xA488,0x2488,0x27F8,0x5488,0x5488,0x97F8,0x1488,0x2888,0x288A,0xF084,0x0000},  /* U+731F */
  {0x0000,0x4842,0x2BFC,0x1044,0x3048,0x4FDE,0x0820,0x0840,0x19FC,0x2E84,0x4884,0x08FC,0x0884,0x0884,0x70FC,0x0000},  /* U+732A */
  {0x0000,0x4888,0x2888,0x17FE,0x3088,0x4888,0x0800,0x0BFE,0x1A22,0x2A22,0x4BFC,0x0A22,0x0A22,0x0A22,0x73DE,0x0000},  /* U+732B */
  {0x0000,0x0814,0x7F12,0x0812,0x0810,0x7FFE,0x5310,0x5510,0x7718,0x4928,0x4928,0x7F24,0x4944,0x4944,0x4382,0x0000},  /* U+732E */
  {0x0000,0x4904,0x2908,0x17FE,0x3090,0x5090,0x0BFE,0x0A92,0x1A92,0x2B0E,0x4A02,0x0BFE,0x0A02,0x0BFE,0x7202,0x0000},  /* U+7336 */
  {0x0000,0x1E14,0x2212,0x2112,0x7F10,0x54FE,0x3F10,0x5510,0x5518,0x6328,0x4128,0x3F24,0x4144,0x3F44,0x4082,0x0000},  /* U+7337 */
  {0x0000,0x4820,0x2BFC,0x1020,0x37FE,0x5000,0x13FC,0x0A04,0x1A04,0x29F8,0x48A6,0x0B18,0x0D10,0x0938,0x73C6,0x0000},  /* U+733F */
  {0x0000,0x4FCC,0x300A,0x27CA,0x5008,0x57BE,0x1008,0x1788,0x3008,0x3398,0x5454,0x1454,0x1464,0x17A2,0x70C2,0x0000},  /* U+7344 */
  {0x0000,0x4A36,0x3208,0x1588,0x34BE,0x54AA,0x17AA,0x142A,0x2C2A,0x2FAA,0x4CAA,0x0CAA,0x14AC,0x1708,0x7408,0x0000},  /* U+7345 */
  {0x0000,0x4914,0x2914,0x7F12,0x4890,0x7FFE,0x4890,0x7F90,0x0010,0x7F98,0x1E28,0x2124,0x2124,0x3F44,0x2182,0x0000},  /* U+7363 */
  {0x0000,0x4890,0x37FE,0x1130,0x33FE,0x5220,0x17FC,0x1220,0x2BFC,0x2BFE,0x4800,0x0BFC,0x1098,0x1060,0x779E,0x0000},  /* U+7372 */
  {0x0000,0x0100,0x0100,0x7FFE,0x0200,0x0210,0x2420,0x1820,0x0840,0x0680,0x0120,0x0210,0x0408,0x087C,0x7782,0x0000},  /* U+7384 */
  {0x0000,0x0100,0x7FFE,0x0100,0x2244,0x1C58,0x0280,0x0150,0x3A6C,0x4D92,0x0100,0x7FFE,0x0100,0x0100,0x0100,0x0000},  /* U+7387 */
  {0x0000,0x0000,0x3FFC,0x0100,0x0100,0x0100,0x0100,0x3FFC,0x0100,0x0120,0x0110,0x0108,0x0104,0x7FFE,0x0000,0x0000},  /* U+7389 */
  {0x0000,0x0000,0x3FFC,0x0100,0x0100,0x0100,0x0100,0x3FFC,0x0100,0x0100,0x0100,0x0100,0x0100,0x7FFE,0x0000,0x0000},  /* U+738B */
  {0x0000,0x0040,0x7C80,0x10F8,0x1088,0x1110,0x1110,0x7A10,0x1210,0x1030,0x1048,0x1C48,0x6084,0x0104,0x0602,0x0000},  /* U+7396 */
  {0x0000,0x7DFC,0x1000,0x1000,0x1000,0x7F6E,0x1090,0x1090,0x1090,0x1090,0x1C90,0x6112,0x0112,0x060E,0x0000,0x0000},  /* U+73A9 */
  {0x0000,0x0020,0x7C50,0x1088,0x1104,0x13FA,0x7C00,0x1000,0x13FC,0x1044,0x1044,0x1C44,0x6044,0x0058,0x0040,0x0000},  /* U+73B2 */
  {0x0000,0x7FFE,0x1004,0x1004,0x11E4,0x7D24,0x1124,0x1124,0x1124,0x11E4,0x1704,0x3804,0x4004,0x003C,0x0000,0x0000},  /* U+73C2 */
  {0x0000,0x7FFC,0x1294,0x1294,0x1294,0x7A94,0x17FE,0x1294,0x1294,0x1294,0x1E94,0x6294,0x0294,0x029C,0x0000,0x0000},  /* U+73CA */
  {0x0000,0x0020,0x7C50,0x1088,0x1104,0x1222,0x7C40,0x1088,0x1310,0x1020,0x1042,0x3D84,0x4018,0x0020,0x01C0,0x0000},  /* U+73CD */
  {0x0000,0x00A0,0x7D20,0x1120,0x11FC,0x1120,0x7E20,0x1020,0x13FE,0x1070,0x10A8,0x1CA8,0x6124,0x0222,0x0420,0x0000},  /* U+73E0 */
  {0x0000,0x0020,0x7C20,0x11FC,0x1020,0x1020,0x13FE,0x7C20,0x1020,0x1020,0x11FE,0x1C20,0x6020,0x0020,0x03FE,0x0000},  /* U+73EA */
  {0x0000,0x00F6,0x7E88,0x1288,0x1288,0x1288,0x1288,0x7ABE,0x1288,0x1288,0x1088,0x1488,0x7908,0x0108,0x06FE,0x0000},  /* U+73ED */
  {0x0000,0x6DFC,0x1102,0x1102,0x11FC,0x1102,0x7D02,0x11FE,0x1102,0x11AE,0x1450,0x7890,0x0090,0x0112,0x061E,0x0000},  /* U+73FE */
  {0x0000,0x002C,0x7C22,0x17FE,0x1020,0x1022,0x7E22,0x1124,0x10A8,0x1030,0x10B0,0x1D28,0x6624,0x0022,0x01E0,0x0000},  /* U+7403 */
  {0x0000,0x7FFE,0x1222,0x13FE,0x1222,0x7A22,0x1222,0x11FC,0x1020,0x1020,0x1FFE,0x6020,0x0020,0x07FE,0x0000,0x0000},  /* U+7406 */
  {0x0000,0x0020,0x7C20,0x13DE,0x1048,0x1084,0x13FC,0x7802,0x1124,0x1124,0x1124,0x1D24,0x6126,0x0226,0x0426,0x0000},  /* U+7409 */
  {0x0000,0xFFFC,0x20A0,0x2324,0x24A4,0xF8B8,0x2150,0x2650,0x2850,0x20A8,0x3928,0xC626,0x0840,0x01C0,0x0000,0x0000},  /* U+7422 */
  {0x0000,0x0108,0x7908,0x1108,0x17FE,0x1108,0x7908,0x1198,0x135C,0x132C,0x1D2A,0x654A,0x0908,0x0108,0x0108,0x0000},  /* U+7433 */
  {0x0000,0xFDFC,0x7DFC,0x1020,0x1E20,0xE3DC,0x0CC0,0x1030,0xEFCE,0x0000,0x7FF0,0x0020,0x0020,0x0040,0x0000,0x0000},  /* U+7434 */
  {0x0000,0x7EFE,0x0810,0x3EFE,0x0810,0x0E10,0x71EE,0x1040,0x1046,0x1F78,0x1040,0x1042,0x1742,0x787E,0x0000,0x0000},  /* U+7435 */
  {0x0000,0x7EFE,0x3EFE,0x0810,0x0810,0x7EFE,0x1EF8,0x2104,0x2104,0x3FFC,0x2000,0x2002,0x2002,0x1FFC,0x0000,0x0000},  /* U+7436 */
  {0x0000,0x011E,0x7922,0x2122,0x27E2,0x211E,0x7922,0x2122,0x27A2,0x245E,0x2462,0x2C62,0x7462,0x07C2,0x004E,0x0000},  /* U+745A */
  {0x0000,0x0088,0x7FFE,0x1088,0x10A8,0x1020,0x7DFC,0x1124,0x1124,0x1124,0x12FA,0x1C50,0x6090,0x0108,0x0606,0x0000},  /* U+745B */
  {0x0000,0x0222,0x7A22,0x1222,0x11FE,0x1000,0x7BFE,0x1020,0x1040,0x13FE,0x1252,0x1E52,0x6252,0x0252,0x0256,0x0000},  /* U+745E */
  {0x0000,0x01EC,0x7E12,0x1212,0x1292,0x1252,0x7BA2,0x144C,0x11DC,0x1222,0x1222,0x3FFC,0x4222,0x0222,0x03DE,0x0000},  /* U+7460 */
  {0x0000,0x008C,0x7C88,0x13FE,0x1020,0x11FE,0x1020,0x7820,0x13DE,0x1100,0x117C,0x1D10,0x6210,0x0210,0x05FE,0x0000},  /* U+7473 */
  {0x0000,0x0020,0x7FFE,0x1008,0x11D4,0x1134,0x79CC,0x11FC,0x1040,0x13FE,0x1252,0x1E8A,0x63FA,0x0206,0x020E,0x0000},  /* U+7483 */
  {0x0000,0x03FC,0x7E52,0x1252,0x11AC,0x13FE,0x7800,0x11FC,0x1204,0x1204,0x15FA,0x38A4,0x4358,0x0C48,0x0046,0x0000},  /* U+74B0 */
  {0x0000,0x7FFE,0x0910,0x1FFC,0x6B56,0x2534,0x3B44,0x2B34,0x2F54,0x2108,0x3FFC,0x0100,0x1FF8,0x0110,0x7FFE,0x0000},  /* U+74BD */
  {0x0000,0x0078,0x1F90,0x1110,0x1108,0x1108,0x1108,0x1108,0x1108,0x2108,0x2128,0x2124,0x2174,0x4E92,0x400A,0x0000},  /* U+74DC */
  {0x0000,0x6B0E,0x1474,0x3E54,0x5554,0x5554,0x7F54,0x0054,0x3E94,0x0092,0x7F92,0x2A9A,0x4996,0x497E,0x1906,0x0000},  /* U+74E2 */
  {0x0000,0x7FFE,0x0800,0x0800,0x0FF0,0x0810,0x0810,0x0A10,0x0910,0x0890,0x1052,0x1012,0x17D2,0x681E,0x0000,0x0000},  /* U+74E6 */
  {0x0000,0x457C,0x4480,0x2880,0xF680,0x24F8,0x2488,0x24C8,0xFEA8,0x44A8,0x4498,0x4488,0x448A,0x44F6,0x8706,0x0000},  /* U+74F6 */
  {0x0000,0x0CBE,0x2240,0x4140,0xFFC0,0x6B3C,0x5B44,0x7F64,0x0054,0x3E54,0x214C,0x3E44,0x2145,0x3E7D,0x2182,0x0000},  /* U+7511 */
  {0x0000,0x0810,0x0810,0x0810,0x7FFE,0x0810,0x0810,0x0810,0x0FF0,0x0810,0x0810,0x0810,0x0810,0x0FF0,0x0810,0x0000},  /* U+7518 */
  {0x0000,0x0810,0x7FFE,0x0810,0x0FF0,0x0810,0x0FF0,0x0810,0x0810,0x77EE,0x1244,0x147C,0x1800,0x1000,0x1FFC,0x0000},  /* U+751A */
  {0x0000,0x2E84,0x5084,0x1084,0x11FE,0x7E84,0x1084,0x1084,0x10FC,0x7E84,0x4284,0x4284,0x4284,0x7EFC,0x4284,0x0000},  /* U+751C */
  {0x0000,0x0880,0x0880,0x1080,0x1FFC,0x2080,0x2080,0x4080,0x1FFC,0x0080,0x0080,0x0080,0x0080,0x0080,0x7FFE,0x0000},  /* U+751F */
  {0x0000,0x0100,0x3FFC,0x0810,0x0420,0x0420,0x3BDE,0x2440,0x27FC,0x2840,0x3040,0x27FC,0x4040,0x4040,0x5FFE,0x0000},  /* U+7523 */
  {0x0000,0x09FE,0x2922,0x2922,0x3FFE,0x4922,0x4922,0x7DFE,0x0820,0x09FE,0x0822,0x0A42,0x7442,0x0082,0x033C,0x0000},  /* U+7525 */
  {0x0000,0x3FFC,0x2104,0x2104,0x3FFC,0x2104,0x2104,0x2104,0x3FFC,0x2104,0x2104,0x2104,0x4104,0x413C,0x0000,0x0000},  /* U+7528 */
  {0x0000,0x0130,0x010C,0x7FFA,0x0100,0x3FFC,0x2104,0x2104,0x3FFC,0x2104,0x2104,0x3FFC,0x2104,0x2104,0x213C,0x0000},  /* U+752B */
  {0x0000,0x3FFC,0x2104,0x2104,0x2104,0x2104,0x3FFC,0x2104,0x2104,0x2104,0x2104,0x2104,0x3FFC,0x2004,0x0000,0x0000},  /* U+7530 */
  {0x0000,0x0100,0x0100,0x0100,0x3FFC,0x2104,0x2104,0x2104,0x3FFC,0x2104,0x2104,0x2104,0x2104,0x3FFC,0x2004,0x0000},  /* U+7531 */
  {0x0000,0x3FFC,0x2104,0x2104,0x3FFC,0x2104,0x2104,0x2104,0x3FFC,0x2104,0x0100,0x0100,0x0100,0x0100,0x0000,0x0000},  /* U+7532 */
  {0x0000,0x0100,0x0100,0x3FFC,0x2104,0x2104,0x3FFC,0x2104,0x2104,0x2104,0x3FFC,0x0100,0x0100,0x0100,0x0100,0x0000},  /* U+7533 */
  {0x0000,0x3FFC,0x2104,0x1FF8,0x2104,0x2104,0x1FF8,0x0100,0x7FF8,0x0104,0x0204,0x0404,0x0804,0x7078,0x0000,0x0000},  /* U+7537 */
  {0x0000,0x7F00,0x49FE,0x4908,0x4908,0x7F08,0x4908,0x4908,0x4908,0x4908,0x7F08,0x4008,0x0008,0x0078,0x0000,0x0000},  /* U+753A */
  {0x0000,0x7FFE,0x0100,0x47E2,0x4912,0x4912,0x4912,0x4FF2,0x4912,0x4912,0x4FF2,0x4002,0x7FFE,0x4002,0x0000,0x0000},  /* U+753B */
  {0x0000,0x1FF8,0x2104,0x2104,0x3FFC,0x2104,0x3DBC,0x0240,0x0420,0x1818,0x6426,0x0420,0x0420,0x0820,0x3020,0x0000},  /* U+754C */
  {0x0000,0x1FF8,0x1108,0x1FF8,0x1108,0x1FF8,0x0000,0x6F7A,0x1084,0x1088,0x1070,0x1020,0x17D8,0x6806,0x0000,0x0000},  /* U+754F */
  {0x0000,0x10DC,0x1122,0x1322,0x3322,0x3522,0x5522,0x51FE,0x1122,0x1122,0x1922,0x1522,0x2322,0x21FE,0x4102,0x0000},  /* U+7551 */
  {0x0000,0x0024,0x7D24,0x5524,0x54A8,0x5428,0x7DF6,0x5420,0x5420,0x57FE,0x5420,0x7C20,0x4020,0x4020,0x0020,0x0000},  /* U+7554 */
  {0x0000,0x0ED8,0x3024,0x2024,0x2424,0x2244,0x3D44,0x4198,0x0EF8,0x1104,0x1104,0x1FF8,0x1104,0x1104,0x1EFC,0x0000},  /* U+7559 */
  {0x0000,0x0100,0x7FFE,0x0220,0x3440,0x08A0,0x0710,0x7FFC,0x0002,0x1FF8,0x2104,0x3FFC,0x2104,0x2104,0x1FF8,0x0000},  /* U+755C */
  {0x0000,0x0820,0x0820,0x7F3C,0x0044,0x0044,0x7F88,0x4988,0x4908,0x3E08,0x4918,0x4924,0x4944,0x7682,0x4102,0x0000},  /* U+755D */
  {0x0000,0x0100,0x1FF8,0x1008,0x1FF8,0x1008,0x1008,0x1FF8,0x0000,0x3FFC,0x2104,0x3FFC,0x2104,0x2104,0x3FFC,0x0000},  /* U+7560 */
  {0x0000,0x3FFC,0x2104,0x3FFC,0x2104,0x2104,0x1FF8,0x0910,0x7FFE,0x0910,0x3FFC,0x0100,0x3FFE,0x0100,0x0100,0x0000},  /* U+7562 */
  {0x0000,0x58C0,0xA4F4,0xA508,0xA688,0xA450,0xF820,0xA450,0xA588,0xA7FE,0xA504,0xF904,0x8104,0x0104,0x01FC,0x0000},  /* U+7565 */
  {0x0000,0x0010,0x7C10,0x52FC,0x5210,0x5210,0x7FFE,0x5200,0x5220,0x5220,0x53FE,0x5220,0x6C20,0x4020,0x03FE,0x0000},  /* U+7566 */
  {0x0000,0x00F8,0x3F08,0x0910,0x0910,0x7FFE,0x0340,0x0530,0x1908,0x7FFE,0x1108,0x1FF8,0x1108,0x1108,0x1FF8,0x0000},  /* U+756A */
  {0x0000,0x1FFC,0x2104,0x2104,0x3FFC,0x2104,0x1FFC,0x0420,0x0420,0x3FFC,0x0420,0x7FFE,0x0000,0x0E38,0x7006,0x0000},  /* U+7570 */
  {0x0000,0x1FF8,0x1FF8,0x1108,0x1FF8,0x0000,0x7FFE,0x4FF2,0x1008,0x0FF0,0x1008,0x0FF0,0x1008,0x7FFE,0x0000,0x0000},  /* U+7573 */
  {0x0000,0x03DE,0x7C42,0x5554,0x5488,0x54CC,0x7D32,0x5640,0x57FE,0x5452,0x5754,0x5494,0x68C8,0x4154,0x0622,0x0000},  /* U+7577 */
  {0x0000,0x1110,0x156C,0x34A8,0x0C94,0x12A6,0x6DDA,0x7FFE,0x0080,0x3F48,0x2948,0x3F50,0x2922,0x3F52,0x218E,0x0000},  /* U+757F */
  {0x0000,0x3FFE,0x0104,0x0104,0x0108,0x1100,0x11FC,0x1100,0x1100,0x1100,0x1900,0x2500,0x2300,0x40FE,0x0000,0x0000},  /* U+758B */
  {0x0000,0x0020,0x7E20,0x05FE,0x0820,0x11FE,0x5122,0x4F22,0x5122,0x50FC,0x5070,0x56A8,0x7924,0x4222,0x0420,0x0000},  /* U+758E */
  {0x0000,0x0040,0xFC40,0x0BBC,0x3090,0x2108,0xA3FC,0x9C02,0xA248,0xA248,0xA248,0xAE48,0xF24A,0x824A,0x0C4E,0x0000},  /* U+758F */
  {0x0000,0x42FE,0x5C04,0x6268,0x4210,0x3E08,0x20FE,0x3612,0x4894,0x4890,0x7E9E,0x0890,0x1490,0x1370,0x611E,0x0000},  /* U+7591 */
  {0x0000,0x0080,0x0FFE,0x1000,0x51F0,0x3110,0x3212,0x1212,0x140C,0x37F8,0x5208,0x1110,0x20A0,0x20E0,0x4F1E,0x0000},  /* U+75AB */
  {0x0000,0x0080,0x1FFE,0x1040,0x5040,0x53FE,0x3444,0x1444,0x13FC,0x7508,0x1488,0x2490,0x2460,0x28D0,0x570E,0x0000},  /* U+75B2 */
  {0x0000,0x0080,0x1FFE,0x1040,0x50A0,0x3090,0x3308,0x1446,0x1980,0x3230,0x5044,0x1388,0x2010,0x2060,0x4780,0x0000},  /* U+75B9 */
  {0x0000,0x0080,0x0FFE,0x1000,0x5100,0x33BC,0x3240,0x1440,0x1440,0x37FE,0x5060,0x1060,0x2090,0x2308,0x4C06,0x0000},  /* U+75BE */
  {0x0000,0x0080,0x0FFE,0x1000,0x5000,0x37FE,0x3040,0x13FC,0x1442,0x3462,0x5452,0x1492,0x270A,0x2402,0x440E,0x0000},  /* U+75C5 */
  {0x0000,0x0080,0x0FFE,0x1000,0x5000,0x37FE,0x3040,0x1040,0x1240,0x323C,0x5240,0x1240,0x2240,0x2240,0x4FFE,0x0000},  /* U+75C7 */
  {0x0000,0x0080,0x1FFE,0x1040,0x5040,0x33FC,0x3040,0x1FFE,0x1010,0x7010,0x17FE,0x1210,0x2110,0x2090,0x4070,0x0000},  /* U+75D4 */
  {0x0000,0x0080,0x0FFE,0x1000,0x51F0,0x5208,0x3208,0x13F8,0x1208,0x33F8,0x5246,0x1248,0x2230,0x22F8,0x4F06,0x0000},  /* U+75D5 */
  {0x0000,0x0080,0x0FFE,0x1000,0x5000,0x37FE,0x3000,0x13FC,0x1204,0x3204,0x53F8,0x1108,0x2110,0x2110,0x4FFE,0x0000},  /* U+75D8 */
  {0x0000,0x0080,0x1FFE,0x1000,0x57FC,0x5190,0x3060,0x17FC,0x1442,0x37FE,0x5442,0x2442,0x27FE,0x2442,0x444E,0x0000},  /* U+75DB */
  {0x0000,0x0080,0x1FFE,0x1000,0x50C2,0x5F22,0x3122,0x1FE2,0x1222,0x7322,0x15A2,0x2562,0x2922,0x2102,0x411E,0x0000},  /* U+75E2 */
  {0x0000,0x0080,0x1FFE,0x1040,0x57FC,0x5444,0x27FC,0x1444,0x17FC,0x7040,0x17FC,0x2208,0x2110,0x20E0,0x4F1E,0x0000},  /* U+75E9 */
  {0x0000,0x0080,0x1FFE,0x1400,0x5400,0x57FE,0x3522,0x1922,0x1122,0x7FE2,0x1222,0x2322,0x22A2,0x247E,0x4822,0x0000},  /* U+75F4 */
  {0x0000,0x0080,0x1FFE,0x1040,0x57EC,0x5092,0x3514,0x13FC,0x1E0A,0x73F8,0x1208,0x23F8,0x2248,0x2444,0x49C2,0x0000},  /* U+7642 */
  {0x0000,0x0080,0x1FFE,0x1000,0x53F8,0x5208,0x31F8,0x171C,0x18A2,0x68A2,0x17BE,0x2040,0x2442,0x2442,0x47BE,0x0000},  /* U+764C */
  {0x0000,0x0080,0x1FFE,0x1060,0x5190,0x57FE,0x3B04,0x14A4,0x17A4,0x77A4,0x1484,0x2188,0x2568,0x250E,0x49F2,0x0000},  /* U+7652 */
  {0x0000,0x0080,0x1FFE,0x1000,0x5788,0x54FE,0x24A4,0x17A4,0x2476,0x5708,0x2488,0x24FE,0x2C88,0x3788,0x4408,0x0000},  /* U+7656 */
  {0x0000,0x3E88,0x0272,0x3244,0x0C28,0x0810,0x3BBC,0x4442,0x0440,0x0440,0x3FFC,0x0440,0x0442,0x0842,0x703C,0x0000},  /* U+767A */
  {0x0000,0x3E88,0x0270,0x3426,0x0828,0x1FF8,0x2004,0x47E2,0x0810,0x0810,0x0810,0x07F0,0x0420,0x0420,0x7FFE,0x0000},  /* U+767B */
  {0x0000,0x0100,0x0100,0x1FF8,0x1008,0x1008,0x1008,0x1008,0x1FF8,0x1008,0x1008,0x1008,0x1008,0x1FF8,0x1008,0x0000},  /* U+767D */
  {0x0000,0x7FFE,0x0100,0x0100,0x1FF8,0x1008,0x1008,0x1008,0x1FF8,0x1008,0x1008,0x1008,0x1FF8,0x1008,0x0000,0x0000},  /* U+767E */
  {0x0000,0x1080,0x2080,0x7CFC,0x4504,0x4504,0x4604,0x4484,0x7C44,0x4424,0x4428,0x4408,0x4408,0x7808,0x4070,0x0000},  /* U+7684 */
  {0x0000,0x2080,0x208C,0x3FF0,0x2080,0x2082,0x3F7E,0x4100,0x0FF0,0x1008,0x1008,0x1FF8,0x1008,0x1008,0x1FF8,0x0000},  /* U+7686 */
  {0x0000,0x0100,0x1FF8,0x1008,0x1008,0x1FF8,0x1008,0x1FF8,0x0000,0x3FFC,0x0100,0x1FF8,0x0100,0x0100,0x7FFE,0x0000},  /* U+7687 */
  {0x0000,0x0100,0x3EFC,0x2004,0x1FF8,0x2004,0x3EFC,0x0100,0x3D7C,0x0100,0x3D7C,0x0100,0x7FFE,0x0100,0x0100,0x0000},  /* U+7690 */
  {0x0000,0x0080,0x0080,0x1FFE,0x2084,0x2084,0x2080,0x1FF8,0x2408,0x2210,0x2210,0x2120,0x20C0,0x4330,0x5C0E,0x0000},  /* U+76AE */
  {0x0000,0x0000,0x3FFC,0x2244,0x2244,0x2244,0x2244,0x2244,0x2244,0x2244,0x2244,0x2244,0x2244,0x7FFE,0x0000,0x0000},  /* U+76BF */
  {0x0000,0x7FFE,0x0100,0x0360,0x0518,0x1904,0x6102,0x0100,0x1FF8,0x1248,0x1248,0x1248,0x1248,0x7FFE,0x0000,0x0000},  /* U+76C3 */
  {0x0000,0x0420,0x0810,0x1008,0x6FF6,0x0210,0x0210,0x0410,0x38E0,0x1DB8,0x2244,0x2244,0x2244,0x2244,0x7FFE,0x0000},  /* U+76C6 */
  {0x0000,0x7FF0,0x0810,0x0F9E,0x0CA2,0x1302,0x2282,0x4C5C,0x4000,0x3FFC,0x2244,0x2244,0x2244,0x7FFE,0x0000,0x0000},  /* U+76C8 */
  {0x0000,0x0818,0x0410,0x0420,0x7FFE,0x0420,0x0810,0x0810,0x100C,0x7FFA,0x9248,0x1248,0x1248,0x1248,0x7FFE,0x0000},  /* U+76CA */
  {0x0000,0x6100,0x19BE,0x0242,0x0444,0x0064,0x0890,0x3198,0x4206,0x1DB8,0x2244,0x2244,0x2244,0x2244,0x7FFE,0x0000},  /* U+76D7 */
  {0x0000,0x00B0,0x1FFA,0x2084,0x2048,0x3E48,0x2230,0x2262,0x4D92,0x400C,0x1FF8,0x1248,0x1248,0x1248,0x7FFE,0x0000},  /* U+76DB */
  {0x0000,0x3EFC,0x4284,0x42FC,0x3E84,0x4284,0x42FC,0x7C84,0x0104,0x0018,0x3FFC,0x2244,0x2244,0x2244,0x7FFE,0x0000},  /* U+76DF */
  {0x0000,0x7F20,0x4840,0x7F7E,0x4140,0x4180,0x7E00,0x487E,0x3700,0x0000,0x3FFC,0x2244,0x2244,0x2244,0x7FFE,0x0000},  /* U+76E3 */
  {0x0000,0x0878,0x3648,0x2A4A,0x2686,0x7F38,0x2A44,0x2A28,0x4A30,0x46CE,0x1FF8,0x2244,0x2244,0x2244,0x7FFE,0x0000},  /* U+76E4 */
  {0x0000,0x1FF8,0x1008,0x1008,0x1FF8,0x1008,0x1008,0x1008,0x1FF8,0x1008,0x1008,0x1008,0x1FF8,0x1008,0x0000,0x0000},  /* U+76EE */
  {0x0000,0x0100,0x7FFE,0x1000,0x1000,0x1FFC,0x0000,0x1FF8,0x1008,0x1FF8,0x1008,0x1008,0x1FF8,0x1008,0x1FF8,0x0000},  /* U+76F2 */
  {0x0000,0x0080,0x7FFE,0x0100,0x07F0,0x2808,0x2808,0x2FF8,0x2808,0x27F8,0x2808,0x27F8,0x2000,0x3FFE,0x2000,0x0000},  /* U+76F4 */
  {0x0000,0x08FC,0x0902,0x0902,0x7F02,0x11FE,0x1102,0x1902,0x2D02,0x2BFE,0x4902,0x4902,0x0902,0x09FE,0x0902,0x0000},  /* U+76F8 */
  {0x0000,0x017C,0x3E80,0x2080,0x1FFE,0x2080,0x2080,0x277C,0x2404,0x27FC,0x2404,0x27FC,0x2404,0x4404,0x47FC,0x0000},  /* U+76FE */
  {0x0000,0x0110,0x0908,0x1104,0x2112,0x4760,0x0180,0x7FF8,0x0808,0x0FF8,0x0808,0x0808,0x0FF8,0x0808,0x0FF8,0x0000},  /* U+7701 */
  {0x0000,0x3FFC,0x2084,0x3FFC,0x2000,0x23F8,0x2404,0x2404,0x27FC,0x2404,0x27FC,0x2404,0x4404,0x47FC,0x0000,0x0000},  /* U+7709 */
  {0x0000,0x0EFC,0x3100,0x3FFC,0x0200,0x0400,0x7FFE,0x0800,0x1FFC,0x2804,0x4FFC,0x0804,0x0FFC,0x0804,0x0FFC,0x0000},  /* U+770B */
  {0x0000,0x07F8,0x2808,0x2FF8,0x2808,0x2808,0x2FF8,0x2808,0x27F8,0x2000,0x3FFE,0x0910,0x0908,0x3104,0x4102,0x0000},  /* U+770C */
  {0x0000,0x0100,0x7FFE,0x0100,0x1FF8,0x1008,0x1FF8,0x1008,0x1FF8,0x1008,0x0FF0,0x7FFE,0x0000,0x0C38,0x7006,0x0000},  /* U+771F */
  {0x0000,0xFBFC,0x8A04,0x8A04,0xF3FC,0x8A20,0x8A20,0xF3FC,0x8A20,0x8A20,0x8A10,0xF212,0x82F2,0x0F0C,0x0000,0x0000},  /* U+7720 */
  {0x0000,0x0090,0x7890,0x4A92,0x4A94,0x7994,0x4998,0x4890,0x7898,0x4994,0x4E92,0x4890,0x7112,0x4212,0x041E,0x0000},  /* U+773A */
  {0x0000,0x39FC,0x4502,0x4502,0x45FE,0x7D02,0x4502,0x45DE,0x7D20,0x4522,0x451C,0x4510,0x7D08,0x4174,0x0382,0x0000},  /* U+773C */
  {0x0000,0x0810,0x3EFC,0x0100,0x1FF8,0x0100,0x77FE,0x0800,0x0FF8,0x0808,0x1FF8,0x2808,0x4FF8,0x0808,0x0FF8,0x0000},  /* U+7740 */
  {0x0000,0x01FC,0x7A20,0x4820,0x4BFE,0x7928,0x4928,0x47FE,0x7928,0x4928,0x4928,0x4AF6,0x7020,0x4020,0x07FE,0x0000},  /* U+7761 */
  {0x0000,0x08BA,0x0F44,0x0844,0x7FA8,0x2A10,0x4928,0x58C6,0x1FF8,0x1008,0x1FF8,0x1008,0x1FF8,0x1008,0x1FF8,0x0000},  /* U+7763 */
  {0x0000,0x0020,0x7BFC,0x4820,0x4820,0x7BFE,0x4890,0x4892,0x791E,0x4A20,0x4820,0x4BFC,0x7020,0x4020,0x07FE,0x0000},  /* U+7766 */
  {0x0000,0x2A20,0x297A,0x7F44,0x5DA4,0x5B28,0x6B30,0x494C,0x0FF2,0x1008,0x1FF8,0x1008,0x1FF8,0x1008,0x1FF8,0x0000},  /* U+77A5 */
  {0x0000,0x01BE,0x7A44,0x4924,0x4928,0x7FFE,0x4D02,0x4904,0x7AFE,0x4A54,0x4F94,0x48FE,0x7104,0x4204,0x0404,0x0000},  /* U+77AC */
  {0x0000,0x0040,0x7840,0x4BFE,0x4A94,0x7908,0x4BFC,0x4506,0x79F8,0x4904,0x49F8,0x4920,0x722C,0x4422,0x04E2,0x0000},  /* U+77AD */
  {0x0000,0x0020,0x7BFE,0x4888,0x4BFE,0x7800,0x4BFC,0x4A24,0x7BFC,0x4A24,0x4BFC,0x4820,0x73FE,0x4020,0x07FE,0x0000},  /* U+77B3 */
  {0x0000,0x1FF8,0x0C30,0x0340,0x0080,0x7E7C,0x0182,0x0284,0x0488,0x0890,0x1080,0x6080,0x0080,0x0780,0x0000,0x0000},  /* U+77DB */
  {0x0000,0x0800,0x1000,0x1FFC,0x2100,0x2100,0x4100,0x7F7E,0x0080,0x0180,0x0140,0x0240,0x0420,0x1818,0x6006,0x0000},  /* U+77E2 */
  {0x0000,0x1000,0x207C,0x3F44,0x4844,0x4844,0x0844,0x7F44,0x0844,0x0844,0x0C44,0x1244,0x1144,0x207C,0x4044,0x0000},  /* U+77E5 */
  {0x0000,0x21E4,0x2024,0x3C24,0x5024,0x51E4,0x1104,0x7D04,0x11C4,0x1224,0x1824,0x1424,0x2424,0x4024,0x41E4,0x0000},  /* U+77E7 */
  {0x0000,0x207E,0x2080,0x3E80,0x4880,0x48FC,0x0882,0x7E82,0x0882,0x08FE,0x1880,0x1480,0x2280,0x20FE,0x4080,0x0000},  /* U+77E9 */
  {0x0000,0x21FE,0x2000,0x3E00,0x48FC,0x4902,0x0902,0x7F02,0x08FC,0x1000,0x1884,0x1448,0x2248,0x2048,0x43FE,0x0000},  /* U+77ED */
  {0x0000,0x21FC,0x2040,0x3FFE,0x5088,0x51FC,0x128A,0x7CF8,0x1000,0x13FE,0x1A7A,0x168A,0x268A,0x42F2,0x4206,0x0000},  /* U+77EF */
  {0x0000,0x7FFE,0x0200,0x0400,0x0400,0x0800,0x0FFC,0x1804,0x2804,0x4804,0x4804,0x0804,0x0FFC,0x0804,0x0000,0x0000},  /* U+77F3 */
  {0x0000,0x0020,0x7E20,0x10A4,0x20A4,0x2122,0x3D22,0x2522,0x6624,0x6464,0x2404,0x2408,0x3C10,0x2060,0x0380,0x0000},  /* U+7802 */
  {0x0000,0x7DFE,0x1044,0x2044,0x2044,0x3844,0x25FE,0x6444,0x6444,0x2484,0x2484,0x3C84,0x2104,0x0104,0x0000,0x0000},  /* U+7814 */
  {0x0000,0x6E40,0x1040,0x11F8,0x2048,0x204A,0x3C8A,0x2526,0x6620,0x6420,0x27FE,0x2420,0x3C20,0x2020,0x0020,0x0000},  /* U+7815 */
  {0x0000,0x000C,0x7DF0,0x2110,0x2110,0x2110,0x3DFE,0x2510,0x6510,0x6510,0x2508,0x257A,0x3F8A,0x2006,0x03F0,0x0000},  /* U+7825 */
  {0x0000,0x0840,0x284C,0x2F70,0x2842,0x2B42,0x747C,0x0000,0x7FFE,0x0400,0x0FF8,0x3804,0x4804,0x0804,0x0FFC,0x0000},  /* U+7826 */
  {0x0000,0x6E20,0x1020,0x1020,0x103E,0x2020,0x3C20,0x2220,0x62FC,0x6302,0x2302,0x2302,0x3F02,0x2102,0x01FE,0x0000},  /* U+7827 */
  {0x0000,0x6E80,0x1080,0x20FE,0x2102,0x22E2,0x3C12,0x2412,0x6412,0x64F2,0x2502,0x250C,0x3D02,0x2102,0x00FE,0x0000},  /* U+7832 */
  {0x0000,0x6C20,0x1020,0x11FE,0x2122,0x2122,0x3924,0x25DC,0x6584,0x6584,0x2548,0x2630,0x3E30,0x2248,0x0586,0x0000},  /* U+7834 */
  {0x0000,0x6DFE,0x1100,0x2100,0x21FE,0x2120,0x3D20,0x253C,0x6522,0x6522,0x2522,0x2542,0x3E42,0x2282,0x049C,0x0000},  /* U+783A */
  {0x0000,0x6E10,0x1010,0x11FE,0x2100,0x2120,0x3D20,0x2520,0x6520,0x6528,0x2544,0x2544,0x3E42,0x22FE,0x0402,0x0000},  /* U+783F */
  {0x0000,0x6D22,0x10A4,0x10A4,0x2068,0x21FC,0x3902,0x2502,0x65FC,0x6502,0x2502,0x25FE,0x3D02,0x2102,0x010C,0x0000},  /* U+785D */
  {0x0000,0x6C20,0x1020,0x23DE,0x2048,0x2084,0x3FFE,0x2402,0x6524,0x6524,0x2524,0x2524,0x3D26,0x2126,0x0606,0x0000},  /* U+786B */
  {0x0000,0x6FFE,0x1020,0x1020,0x21FE,0x2122,0x39FE,0x2522,0x6522,0x65FE,0x2520,0x2520,0x3CC0,0x20A0,0x031E,0x0000},  /* U+786C */
  {0x0000,0x6FFC,0x1102,0x1102,0x21FE,0x2102,0x3DFE,0x2502,0x6502,0x65FC,0x2450,0x2450,0x3C92,0x2112,0x060E,0x0000},  /* U+786F */
  {0x0000,0x6E48,0x1084,0x1102,0x2322,0x2050,0x3C48,0x2484,0x6502,0x66FE,0x2504,0x2504,0x3D04,0x2104,0x01FC,0x0000},  /* U+7872 */
  {0x0000,0x0810,0x3FFC,0x0810,0x0FF0,0x0810,0x0FF0,0x7FFE,0x0810,0x1FF8,0x2404,0x47F2,0x0810,0x3410,0x07F0,0x0000},  /* U+7881 */
  {0x0000,0x0020,0x7C20,0x23DE,0x2202,0x2000,0x39FE,0x2420,0x64A0,0x653C,0x2520,0x2520,0x3DA0,0x2260,0x061E,0x0000},  /* U+7887 */
  {0x0000,0x6CFC,0x1104,0x10FC,0x2104,0x21FC,0x3800,0x25F6,0x6408,0x6408,0x27FE,0x2488,0x3C48,0x2028,0x0038,0x0000},  /* U+788D */
  {0x0000,0x6E20,0x11FE,0x1122,0x2122,0x21FE,0x3D22,0x2522,0x64DC,0x6490,0x2490,0x27FE,0x3C10,0x2010,0x0010,0x0000},  /* U+7891 */
  {0x0000,0x0048,0x7E90,0x1090,0x217E,0x2110,0x3A90,0x24FE,0x6490,0x6490,0x24FE,0x2490,0x3C90,0x2090,0x00EE,0x0000},  /* U+7893 */
  {0x0000,0x6C20,0x13FE,0x2020,0x2058,0x2084,0x3FFA,0x2404,0x64E4,0x6514,0x2514,0x2514,0x3DE4,0x2004,0x001C,0x0000},  /* U+7895 */
  {0x0000,0x0020,0x7DFC,0x2202,0x2282,0x210C,0x39F2,0x2552,0x6652,0x6552,0x249A,0x2494,0x3890,0x2112,0x021E,0x0000},  /* U+7897 */
  {0x0000,0x0010,0x7EFC,0x0884,0x7EFC,0x0884,0x0F84,0x70FC,0x0000,0x7FFE,0x0800,0x1FF8,0x2804,0x4804,0x0FFC,0x0000},  /* U+78A7 */
  {0x0000,0x7FFE,0x1020,0x20FC,0x2082,0x3CFE,0x2282,0x6282,0x62FC,0x2282,0x22B6,0x3C48,0x2084,0x0302,0x0000,0x0000},  /* U+78A9 */
  {0x0000,0x0020,0x7DFE,0x1242,0x2292,0x20FE,0x3910,0x2710,0x64FC,0x6510,0x2510,0x24FC,0x3D10,0x2110,0x01EE,0x0000},  /* U+78BA */
  {0x0000,0x0184,0x7C88,0x13FE,0x2088,0x2088,0x3908,0x2552,0x6654,0x658C,0x2488,0x254C,0x3D52,0x22D6,0x252A,0x0000},  /* U+78C1 */
  {0x0000,0x0878,0x364A,0x2A4E,0x2B80,0x767C,0x2A28,0x2A30,0x46CC,0x7BFE,0x0400,0x0FF8,0x3804,0x4804,0x0FFC,0x0000},  /* U+78D0 */
  {0x0000,0x0080,0x3FFE,0x2208,0x3BEE,0x2618,0x2BAC,0x324A,0x2000,0x3FFE,0x2200,0x47FC,0x5C04,0x6404,0x43FC,0x0000},  /* U+78E8 */
  {0x0000,0x6D28,0x1128,0x22B4,0x21AC,0x21AC,0x3D6E,0x27BA,0x6424,0x67FA,0x2514,0x2598,0x3E50,0x222A,0x04CE,0x0000},  /* U+78EF */
  {0x0000,0x0090,0x7C90,0x21EE,0x2110,0x2310,0x3DFC,0x2510,0x65FC,0x6510,0x25FE,0x2400,0x3D54,0x2252,0x064A,0x0000},  /* U+7901 */
  {0x0000,0x0088,0x7FDE,0x2088,0x2194,0x22DA,0x3AAA,0x2400,0x67FE,0x6422,0x2520,0x253C,0x3D20,0x22E0,0x043E,0x0000},  /* U+790E */
  {0x0000,0x3FFC,0x0000,0x0000,0x0000,0x7FFE,0x0100,0x0910,0x0908,0x1108,0x2104,0x2104,0x4102,0x0700,0x0000,0x0000},  /* U+793A */
  {0x0000,0x0880,0x0880,0x7C80,0x0280,0x0480,0x0480,0x0880,0x1480,0x6B80,0x8880,0x0882,0x0882,0x0882,0x087E,0x0000},  /* U+793C */
  {0x0000,0x1010,0x1010,0x7C10,0x0210,0x0410,0x09FE,0x1810,0x1410,0x7210,0x9010,0x1010,0x1010,0x1010,0x13FE,0x0000},  /* U+793E */
  {0x0000,0x7E7E,0x0044,0x0044,0x7E48,0x0848,0x4A48,0x4A44,0x4A42,0x4A42,0x4A42,0x4A5E,0x4840,0x0840,0x0000,0x0000},  /* U+7941 */
  {0x0000,0x000E,0x7CF0,0x0090,0x0090,0x7E90,0x1090,0x54FE,0x5490,0x5490,0x5488,0x5488,0x548A,0x50FA,0x1306,0x0000},  /* U+7947 */
  {0x0000,0x100E,0x10F0,0x7880,0x0480,0x0480,0x08FE,0x1888,0x3488,0x5288,0x9108,0x1108,0x1108,0x1208,0x1208,0x0000},  /* U+7948 */
  {0x0000,0x1010,0x1010,0x7810,0x0410,0x0510,0x0910,0x191E,0x3510,0x5310,0x9110,0x1110,0x1110,0x1110,0x13FE,0x0000},  /* U+7949 */
  {0x0000,0x1020,0x1040,0x79FE,0x0440,0x0440,0x0840,0x1080,0x38FE,0x5582,0x9282,0x1482,0x1082,0x10FE,0x1082,0x0000},  /* U+7950 */
  {0x0000,0x1000,0x10FC,0x7884,0x0484,0x0484,0x08FC,0x1884,0x3484,0x5284,0x90FC,0x1084,0x1084,0x1084,0x13FE,0x0000},  /* U+7956 */
  {0x0000,0x1000,0x11FE,0x7902,0x0502,0x0502,0x0902,0x19FE,0x3448,0x5248,0x9048,0x1088,0x1089,0x1109,0x120F,0x0000},  /* U+795D */
  {0x0000,0x1020,0x1020,0x78FC,0x0522,0x0522,0x09FE,0x1122,0x3922,0x5522,0x91FE,0x1020,0x1020,0x1020,0x1020,0x0000},  /* U+795E */
  {0x0000,0x1080,0x1080,0x78DE,0x0520,0x0520,0x0A20,0x10A4,0x38A4,0x5522,0x9122,0x1222,0x1020,0x1020,0x1060,0x0000},  /* U+7962 */
  {0x0000,0x1084,0x1044,0x7848,0x05FE,0x0420,0x0820,0x19FE,0x3420,0x5220,0x93FE,0x1020,0x1020,0x1020,0x1020,0x0000},  /* U+7965 */
  {0x0000,0x7FFE,0x0240,0x1FF8,0x2244,0x2244,0x3FFC,0x0000,0x1FF8,0x0000,0x7FFE,0x0080,0x0898,0x3084,0x4782,0x0000},  /* U+7968 */
  {0x0000,0x1100,0x2EFC,0x5488,0xCC50,0x2820,0x1020,0x2FD8,0xC006,0x7EF8,0x0100,0x1120,0x2110,0x4108,0x8F04,0x0000},  /* U+796D */
  {0x0000,0x1020,0x13BE,0x7840,0x0440,0x05FE,0x0840,0x13FE,0x3C44,0x53FE,0x9084,0x1144,0x1224,0x1404,0x101C,0x0000},  /* U+7977 */
  {0x0000,0x0810,0x7EDE,0x0830,0x1C38,0x2A54,0x4992,0x0000,0x1FF8,0x0000,0x7FFE,0x0080,0x0890,0x308C,0x4782,0x0000},  /* U+7981 */
  {0x0000,0x11F8,0x1004,0x7804,0x04FC,0x0404,0x0BFE,0x1020,0x3922,0x54A4,0x9038,0x10E8,0x1124,0x1622,0x10E0,0x0000},  /* U+7984 */
  {0x0000,0x1122,0x1124,0x7928,0x05FE,0x0522,0x09FE,0x1122,0x3922,0x55FE,0x9020,0x13FE,0x1020,0x1020,0x1020,0x0000},  /* U+7985 */
  {0x0000,0x1078,0x1084,0x7884,0x04BC,0x04A4,0x08A4,0x135A,0x3A02,0x567A,0x928A,0x128A,0x127A,0x1282,0x1206,0x0000},  /* U+798D */
  {0x0000,0x1020,0x103E,0x7820,0x04FC,0x0502,0x0902,0x19FE,0x3502,0x53FC,0x9102,0x1102,0x10FC,0x1084,0x1302,0x0000},  /* U+798E */
  {0x0000,0x11FE,0x1000,0x78F8,0x0504,0x0504,0x08FC,0x1000,0x39FE,0x5622,0x9222,0x13FE,0x1222,0x1222,0x13DE,0x0000},  /* U+798F */
  {0x0000,0x161E,0x67D2,0x5112,0x27F2,0x65D2,0x2512,0x2576,0x2E90,0x1FF8,0x0000,0x7FFE,0x0890,0x308C,0x4782,0x0000},  /* U+79A6 */
  {0x0000,0x7BFE,0x0124,0x0222,0x7FFE,0x1376,0x56AA,0x56EE,0x5732,0x5776,0x56AA,0x56EE,0x5332,0x122E,0x0000,0x0000},  /* U+79B0 */
  {0x0000,0x0180,0x0660,0x0918,0x7FF6,0x1468,0x1388,0x1668,0x1FF8,0x0100,0x3FFC,0x2244,0x27E4,0x2814,0x201C,0x0000},  /* U+79BD */
  {0x0000,0x001C,0x1FE0,0x2100,0x0100,0x0100,0x7F7E,0x0180,0x0340,0x0520,0x0910,0x1108,0x6104,0x0102,0x0100,0x0000},  /* U+79BE */
  {0x0000,0x02F8,0x3D00,0x0100,0x7FFE,0x0340,0x0520,0x1918,0x6106,0x0440,0x0440,0x0440,0x0842,0x0842,0x703C,0x0000},  /* U+79BF */
  {0x0000,0x02F8,0x3D00,0x0100,0x7FFE,0x0340,0x0530,0x1908,0x7BC6,0x0420,0x0478,0x0444,0x0804,0x1008,0x6078,0x0000},  /* U+79C0 */
  {0x0000,0x0720,0x7820,0x0820,0x0820,0x7F20,0x0840,0x0840,0x1C40,0x2A48,0x2984,0x4884,0x0882,0x09FE,0x0A02,0x0000},  /* U+79C1 */
  {0x0000,0x1E20,0x6820,0x0820,0x08A2,0x7EA4,0x08A4,0x1524,0x1528,0x2830,0x4850,0x4848,0x0888,0x0884,0x0B02,0x0000},  /* U+79CB */
  {0x0000,0x0608,0x78C8,0x0828,0x0808,0x7E08,0x1888,0x1448,0x2C28,0x2A08,0x483E,0x49C8,0x0808,0x0808,0x0808,0x0000},  /* U+79D1 */
  {0x0000,0x0620,0x7820,0x08A4,0x08A4,0x7F22,0x1122,0x1922,0x2E20,0x2A64,0x4804,0x4808,0x0810,0x0860,0x0B80,0x0000},  /* U+79D2 */
  {0x0000,0x1884,0xE064,0x2008,0x2088,0xF890,0x2298,0x32A4,0x6AA4,0x6CC4,0xA482,0xA100,0x2288,0x2488,0x28F8,0x0000},  /* U+79D8 */
  {0x0000,0x0EF8,0x7104,0x1104,0x1104,0x7FFC,0x1904,0x1504,0x3504,0x3304,0x51FC,0x5104,0x1104,0x1104,0x13FE,0x0000},  /* U+79DF */
  {0x0000,0x07DE,0x7820,0x08A8,0x08A4,0x7EA4,0x1122,0x1922,0x2DFE,0x2A20,0x4820,0x4820,0x0820,0x0820,0x0820,0x0000},  /* U+79E4 */
  {0x0000,0x0100,0x3FFC,0x0100,0x1FFC,0x0240,0x7FFE,0x0810,0x12E8,0x2D04,0x5D3A,0x03C0,0x0520,0x1918,0x2104,0x0000},  /* U+79E6 */
  {0x0000,0x0EA0,0x70A0,0x1120,0x11FC,0x7D20,0x1220,0x1820,0x37FE,0x3420,0x5050,0x5050,0x1088,0x1108,0x1606,0x0000},  /* U+79E9 */
  {0x0000,0x0680,0x7880,0x08EE,0x0910,0x7F10,0x1210,0x1894,0x2C94,0x2A92,0x4912,0x4912,0x0A10,0x0810,0x0870,0x0000},  /* U+79F0 */
  {0x0000,0x0620,0x787C,0x0884,0x0B68,0x7E10,0x1020,0x19D0,0x2C3E,0x2AC2,0x4B44,0x4838,0x0810,0x0860,0x0B80,0x0000},  /* U+79FB */
  {0x0000,0x090C,0x70D0,0x1068,0x13C6,0x7C40,0x13BE,0x10A0,0x39FC,0x5322,0x5522,0x5122,0x1122,0x112C,0x1020,0x0000},  /* U+7A00 */
  {0x0000,0x07FC,0x7902,0x0902,0x0902,0x7FFE,0x1000,0x1800,0x2DFE,0x2A20,0x4820,0x49FE,0x0820,0x0820,0x0BFE,0x0000},  /* U+7A0B */
  {0x0000,0x0684,0x7888,0x0848,0x09B6,0x7F02,0x1102,0x1902,0x2DFE,0x2A50,0x4850,0x4890,0x0892,0x0912,0x0E0E,0x0000},  /* U+7A0E */
  {0x0000,0x0C30,0x7048,0x1084,0x13FA,0x7C00,0x11F8,0x1804,0x3408,0x3048,0x5020,0x5194,0x1282,0x1286,0x12FC,0x0000},  /* U+7A14 */
  {0x0000,0x0620,0x78FC,0x0922,0x0922,0x7FFE,0x1122,0x1922,0x2CDC,0x2A88,0x4908,0x4BFE,0x0808,0x0808,0x0808,0x0000},  /* U+7A17 */
  {0x0000,0x0688,0x7890,0x0890,0x097E,0x7F10,0x1310,0x18FE,0x2D10,0x2B10,0x48FE,0x4910,0x0910,0x0910,0x09EE,0x0000},  /* U+7A1A */
  {0x0000,0x0C20,0x71FC,0x1020,0x1020,0x7FDE,0x1092,0x191E,0x3640,0x347C,0x5184,0x5248,0x1030,0x1058,0x1786,0x0000},  /* U+7A1C */
  {0x0000,0x06DE,0x7920,0x0BFE,0x0820,0x7EFC,0x1122,0x19FE,0x2D22,0x2B22,0x48FC,0x4820,0x09FE,0x0820,0x0BFE,0x0000},  /* U+7A2E */
  {0x0000,0x0C3C,0x73C0,0x1222,0x1124,0x7D24,0x1008,0x1A7E,0x3642,0x3642,0x527E,0x5242,0x1242,0x127E,0x1242,0x0000},  /* U+7A32 */
  {0x0000,0x0C20,0x73FE,0x1202,0x1202,0x7DFC,0x10D0,0x1952,0x366C,0x34A8,0x5738,0x5054,0x1192,0x1612,0x1060,0x0000},  /* U+7A3C */
  {0x0000,0x0C2C,0x7040,0x13FE,0x1062,0x7DBE,0x130C,0x19F0,0x3502,0x34FC,0x51FC,0x5102,0x11FC,0x1102,0x11FE,0x0000},  /* U+7A3D */
  {0x0000,0x0C20,0x73FE,0x1000,0x10FC,0x7D04,0x11FC,0x1800,0x37FE,0x3202,0x527A,0x528A,0x12FA,0x1282,0x120E,0x0000},  /* U+7A3F */
  {0x0000,0x0878,0x7F44,0x0844,0x7F46,0x0046,0x7F86,0x4700,0x38FE,0x7F44,0x0824,0x1C28,0x2A10,0x4968,0x0986,0x0000},  /* U+7A40 */
  {0x0000,0x0C20,0x73FE,0x1020,0x11FE,0x7E22,0x13FE,0x1A22,0x3622,0x31FE,0x5020,0x5194,0x1282,0x1286,0x14F8,0x0000},  /* U+7A42 */
  {0x0000,0x0C20,0x71DE,0x1102,0x11FC,0x7D02,0x11FC,0x18A4,0x352A,0x3632,0x51C4,0x5018,0x11E6,0x1038,0x13C0,0x0000},  /* U+7A46 */
  {0x0000,0x0DFE,0x7020,0x11FC,0x1020,0x7FDE,0x11FC,0x1902,0x35FC,0x3302,0x51FC,0x9102,0x11FC,0x108C,0x1702,0x0000},  /* U+7A4D */
  {0x0000,0x85DC,0x9820,0x6040,0x83FC,0x7D04,0x01FC,0xFD04,0x1104,0xFFFC,0x1104,0x3904,0x54F8,0x9098,0x1306,0x0000},  /* U+7A4E */
  {0x0000,0x0FFC,0x7024,0x1124,0x10A8,0x7DFC,0x1002,0x19FC,0x3402,0x35BE,0x5040,0x50A4,0x1192,0x128A,0x12FA,0x0000},  /* U+7A4F */
  {0x0000,0x0CF8,0x7110,0x11FC,0x1622,0x7DFC,0x1222,0x19FC,0x35FC,0x3222,0x53FE,0x5222,0x13FE,0x1222,0x103E,0x0000},  /* U+7A50 */
  {0x0000,0x0C20,0x73FE,0x1088,0x1106,0x7E88,0x13FE,0x19FE,0x3488,0x339C,0x5062,0x5194,0x1688,0x10B8,0x13C6,0x0000},  /* U+7A63 */
  {0x0000,0x0C88,0x73FE,0x1098,0x11FE,0x7D20,0x13FC,0x19FC,0x3520,0x35FE,0x5000,0x53FC,0x10C8,0x1030,0x17CE,0x0000},  /* U+7A6B */
  {0x0000,0x0100,0x0100,0x3FFC,0x4002,0x4002,0x4002,0x0420,0x0410,0x0810,0x0810,0x1008,0x1004,0x2004,0x4002,0x0000},  /* U+7A74 */
  {0x0000,0x0100,0x7FFE,0x4442,0x4442,0x0442,0x187E,0x6100,0x0100,0x3FF0,0x0210,0x0210,0x0412,0x1812,0x601E,0x0000},  /* U+7A76 */
  {0x0000,0x0100,0x3DBC,0x4242,0x4442,0x0440,0x0842,0x303C,0x4000,0x1EFC,0x0100,0x0100,0x0100,0x0100,0x7FFE,0x0000},  /* U+7A7A */
  {0x0000,0x0100,0x7FFE,0x4242,0x4446,0x087C,0x7000,0x1FFC,0x1020,0x1020,0x1FFE,0x00A0,0x0320,0x1C20,0x60E0,0x0000},  /* U+7A7F */
  {0x0000,0x0100,0x7FFE,0x4442,0x4442,0x0442,0x087E,0x7100,0x0100,0x7F7E,0x0180,0x0240,0x0240,0x0C30,0x700E,0x0000},  /* U+7A81 */
  {0x0000,0x0100,0x7FFE,0x4442,0x0440,0x187C,0x6000,0x11FC,0x1222,0x7C42,0x1044,0x1244,0x1284,0x0C84,0x031C,0x0000},  /* U+7A83 */
  {0x0000,0x0100,0x7FFE,0x4442,0x4446,0x187C,0x6400,0x0EFE,0x1100,0x1100,0x61FC,0x0100,0x01FC,0x0100,0x0100,0x0000},  /* U+7A84 */
  {0x0000,0x0100,0x7FFE,0x4446,0x087C,0x7000,0x3FFC,0x0420,0x0410,0x3FEC,0x0102,0x1FFC,0x0100,0x0100,0x7FFE,0x0000},  /* U+7A92 */
  {0x0000,0x0100,0x7FFE,0x4242,0x0444,0x1978,0x2200,0x0420,0x3DF8,0x0204,0x0100,0x14C8,0x2414,0x2412,0x47E2,0x0000},  /* U+7A93 */
  {0x0000,0x0100,0x7FFE,0x4442,0x087C,0x7000,0x3FFC,0x2004,0x1FFC,0x2884,0x2884,0x27F8,0x2884,0x4884,0x4F7C,0x0000},  /* U+7A9F */
  {0x0000,0x0100,0x7EFE,0x4442,0x087C,0x3000,0x33FC,0x0840,0x0040,0x67FE,0x1040,0x0BFE,0x1040,0x2040,0x47FE,0x0000},  /* U+7AAA */
  {0x0000,0x0100,0x7FFE,0x4446,0x087C,0x7400,0x3E7C,0x2104,0x3F7C,0x3E80,0x21FC,0x7E82,0x0502,0x1904,0x673C,0x0000},  /* U+7AAE */
  {0x0000,0x0100,0x7FFE,0x4446,0x187C,0x6810,0x0420,0x3BDC,0x0100,0x1FFC,0x0100,0x7FFE,0x1248,0x2244,0x4222,0x0000},  /* U+7AAF */
  {0x0000,0x0100,0x7FFE,0x4446,0x087C,0x7000,0x10FC,0x7FFC,0x1104,0x10FC,0x7F04,0x18FC,0x1450,0x2292,0x430E,0x0000},  /* U+7ABA */
  {0x0000,0x0100,0x7EFE,0x4846,0x3FF8,0x0100,0x7EFE,0x1FF8,0x1FF8,0x1FF8,0x1FF8,0x2104,0x3FFC,0x3FFE,0x00FE,0x0000},  /* U+7AC3 */
  {0x0000,0x0100,0x0100,0x0100,0x7FFE,0x0000,0x0810,0x0810,0x0810,0x0420,0x0420,0x0420,0x0440,0x7FFE,0x0000,0x0000},  /* U+7ACB */
  {0x0000,0x0100,0x3FFC,0x0810,0x0420,0x7FFE,0x0000,0x1FF8,0x1104,0x1FFC,0x1104,0x1104,0x1FF8,0x0102,0x00FE,0x0000},  /* U+7ADC */
  {0x0000,0x0100,0x3FFC,0x0420,0x0420,0x7BDE,0x0FF0,0x1008,0x1FF8,0x1008,0x1EF8,0x0100,0x7FFE,0x0100,0x0100,0x0000},  /* U+7AE0 */
  {0x0000,0x1040,0x1088,0x1084,0x7FFA,0x4492,0x4892,0x2B4C,0x2840,0x28BC,0x2948,0x1E48,0x6030,0x0058,0x0386,0x0000},  /* U+7AE3 */
  {0x0000,0x0100,0x3FFC,0x0420,0x0420,0x7BDE,0x1FF8,0x2104,0x1FF8,0x2104,0x1FF8,0x0100,0x3FFC,0x0100,0x7FFE,0x0000},  /* U+7AE5 */
  {0x0000,0x7F7E,0x7E44,0x4124,0x4128,0x7E10,0x486C,0x3F82,0x0080,0x3FFC,0x0810,0x0420,0x0420,0x7FFE,0x0000,0x0000},  /* U+7AEA */
  {0x0000,0x1020,0x1122,0x1122,0x7DFE,0x4400,0x4BDE,0x2820,0x2820,0x2BDE,0x2A52,0x1E52,0x6252,0x0252,0x0256,0x0000},  /* U+7AEF */
  {0x0000,0x0810,0x7EFE,0x2444,0x1428,0x6BD6,0x3E7C,0x4282,0x4282,0x6AD6,0x1428,0x2448,0x254A,0x2E8A,0x410E,0x0000},  /* U+7AF6 */
  {0x0000,0x1040,0x1040,0x1040,0x3F7E,0x2888,0x4908,0x4908,0x0808,0x0808,0x0808,0x0808,0x0808,0x0808,0x0878,0x0000},  /* U+7AF9 */
  {0x0000,0x1040,0x174E,0x28B0,0x2490,0x4508,0x4000,0x1FFC,0x0000,0x0000,0x0000,0x0000,0x0000,0x7FFE,0x0000,0x0000},  /* U+7AFA */
  {0x0000,0x1040,0x3FFE,0x2890,0x4910,0x0000,0x3FFC,0x0100,0x0100,0x0100,0x7FFE,0x0100,0x0100,0x0100,0x0100,0x0000},  /* U+7AFF */
  {0x0000,0x1040,0x3FFE,0x2910,0x4910,0x3FE0,0x0820,0x0820,0x0FFC,0x0A08,0x1208,0x1110,0x10E0,0x21B0,0x4E0E,0x0000},  /* U+7B08 */
  {0x0000,0x1040,0x1FEE,0x2890,0x4910,0x401C,0x3FE0,0x0080,0x0100,0x7FFE,0x0180,0x0240,0x0420,0x0810,0x700E,0x0000},  /* U+7B11 */
  {0x0000,0x1040,0x37DE,0x28A0,0x4910,0x4690,0x0080,0x3FFC,0x2084,0x2084,0x3FFC,0x2084,0x2084,0x2084,0x3F7C,0x0000},  /* U+7B1B */
  {0x0000,0x1040,0x2040,0x3FBE,0x4910,0x4508,0x0100,0x3FFC,0x0010,0x0810,0x0420,0x0420,0x0420,0x0440,0x7FFE,0x0000},  /* U+7B20 */
  {0x0000,0x1040,0x1F7E,0x2490,0x4508,0x3FF8,0x0008,0x7FE8,0x0008,0x1F88,0x1048,0x1048,0x1048,0x1F88,0x0038,0x0000},  /* U+7B25 */
  {0x0000,0x1040,0x3EFE,0x2890,0x4510,0x0808,0x0808,0x17FE,0x3008,0x5208,0x1108,0x1088,0x1088,0x1008,0x1078,0x0000},  /* U+7B26 */
  {0x0000,0x1040,0x3FFE,0x4910,0x4A10,0x3FFC,0x0084,0x0084,0x1FF8,0x2080,0x3FFE,0x0282,0x0C82,0x3084,0x4098,0x0000},  /* U+7B2C */
  {0x0000,0x1040,0x1F7E,0x2890,0x4510,0x1108,0x1108,0x7FFE,0x1108,0x1108,0x1108,0x10F0,0x1000,0x1FFC,0x1000,0x0000},  /* U+7B39 */
  {0x0000,0x1040,0x3FFE,0x2910,0x4700,0x1FF8,0x0104,0x7FFE,0x0104,0x1FF8,0x3FFC,0x0100,0x7FFE,0x0100,0x0100,0x0000},  /* U+7B46 */
  {0x0000,0x1040,0x3FFE,0x2920,0x4910,0x1FFC,0x2080,0x0080,0x7FFE,0x0080,0x0FF0,0x1008,0x1008,0x1008,0x1FF8,0x0000},  /* U+7B48 */
  {0x0000,0x1040,0x3FFE,0x4910,0x4910,0x3FFC,0x0100,0x0100,0x7FFE,0x0010,0x7FFE,0x0810,0x0410,0x0210,0x00F0,0x0000},  /* U+7B49 */
  {0x0000,0x1040,0x3FFE,0x4910,0x4610,0x3E20,0x2220,0x23FE,0x3E22,0x2222,0x3E22,0x2242,0x2244,0x4284,0x4F1C,0x0000},  /* U+7B4B */
  {0x0000,0x1040,0x3F7E,0x4890,0x4510,0x08B0,0x088C,0x10BE,0x37C0,0x5044,0x1048,0x1050,0x1062,0x1192,0x160E,0x0000},  /* U+7B4F */
  {0x0000,0x1040,0x176E,0x2890,0x2488,0x4508,0x7FF8,0x1108,0x1108,0x1148,0x1128,0x1F18,0x6108,0x020A,0x0C06,0x0000},  /* U+7B51 */
  {0x0000,0x1040,0x3FFE,0x2890,0x4910,0x36EC,0x2004,0x2FF4,0x2004,0x27E4,0x2424,0x2424,0x27E4,0x2404,0x201C,0x0000},  /* U+7B52 */
  {0x1040,0x1080,0x3FFE,0x4910,0x4B10,0x01C0,0x0620,0x0810,0x37FC,0x4002,0x0FF8,0x1008,0x1008,0x1008,0x0FF8,0x0000},  /* U+7B54 */
  {0x0000,0x1040,0x3FFE,0x4910,0x4710,0x7FFE,0x0100,0x1FF8,0x2104,0x2104,0x2184,0x2358,0x0D30,0x310C,0x4102,0x0000},  /* U+7B56 */
  {0x0000,0x1040,0x3FFE,0x4910,0x4A10,0x35EC,0x2184,0x2264,0x2C14,0x1080,0x1F9C,0x1060,0x1080,0x1782,0x687E,0x0000},  /* U+7B86 */
  {0x0000,0x1040,0x3FFE,0x4910,0x4A10,0x35EC,0x2104,0x2FF4,0x2104,0x27E4,0x2424,0x2424,0x27E4,0x2004,0x3FFC,0x0000},  /* U+7B87 */
  {0x0000,0x1040,0x3FFE,0x28A0,0x4510,0x2020,0x11F8,0x0A04,0x6204,0x1204,0x03FC,0x0A04,0x1204,0x1204,0x23FC,0x0000},  /* U+7B94 */
  {0x0000,0x1040,0x3FFE,0x4920,0x4210,0x0810,0x3FFE,0x0FF0,0x0810,0x0FF0,0x0810,0x7BDE,0x0420,0x1818,0x6006,0x0000},  /* U+7B95 */
  {0x0000,0x3040,0x3FFE,0x4910,0x1FF8,0x1008,0x1FF8,0x1FF8,0x1008,0x1BD8,0x0420,0x0420,0x7FFE,0x0820,0x7020,0x0000},  /* U+7B97 */
  {0x0000,0x30C0,0x3FFE,0x4910,0x0100,0x7FFE,0x4002,0x5FFA,0x1008,0x0FF0,0x1000,0x0FF8,0x1004,0x1004,0x1FFC,0x0000},  /* U+7BA1 */
  {0x0000,0x3040,0x3FBE,0x4910,0x1308,0x0910,0x37EC,0x2104,0x1FF8,0x2104,0x1FF8,0x0100,0x7FFE,0x0100,0x0100,0x0000},  /* U+7BAA */
  {0x0000,0x3040,0x3FFE,0x5510,0x0808,0x0810,0x77EE,0x1C04,0x2244,0x3A44,0x2644,0x3A44,0x2644,0x2204,0x261C,0x0000},  /* U+7BAD */
  {0x0000,0x1040,0x3F7E,0x28A0,0x4910,0x0800,0x08FE,0x7E82,0x18FC,0x1482,0x2A82,0x2AFC,0x4882,0x0882,0x08FE,0x0000},  /* U+7BB1 */
  {0x0000,0x1040,0x3FFE,0x4910,0x4B14,0x1FF8,0x0110,0x7F3E,0x01C0,0x0230,0x3FFC,0x4804,0x0FFC,0x0804,0x0FFC,0x0000},  /* U+7BB8 */
  {0x0000,0x1040,0x3FFE,0x4910,0x4A10,0x3E7C,0x2142,0x3F42,0x2142,0x2142,0x3E42,0x2442,0x225E,0x3F40,0x4140,0x0000},  /* U+7BC0 */
  {0x0000,0x30C0,0x3FFE,0x4910,0x0800,0x7F7C,0x0842,0x7F42,0x4942,0x7F42,0x494C,0x3E40,0x7F42,0x0842,0x087E,0x0000},  /* U+7BC4 */
  {0x0000,0x30C0,0x3FFE,0x4910,0x07F8,0x1800,0x1FFC,0x1004,0x1FFC,0x2000,0x2FFC,0x3124,0x2FFC,0x5124,0x512C,0x0000},  /* U+7BC7 */
  {0x0000,0x30C0,0x3FFE,0x4910,0x0000,0x7FF8,0x1148,0x132A,0x7D1A,0x0706,0x7D3E,0x03C0,0x0520,0x391C,0x4102,0x0000},  /* U+7BC9 */
  {0x0000,0x1040,0x3FFE,0x4910,0x4A50,0x10FE,0x1588,0x2650,0x6478,0x67A6,0x27AE,0x2470,0x24A8,0x2124,0x2622,0x0000},  /* U+7BE0 */
  {0x0000,0x1040,0x3FFE,0x4910,0x4610,0x19EC,0x1080,0x1FF8,0x1080,0x1FF8,0x1FFC,0x0002,0x2522,0x2494,0x441C,0x0000},  /* U+7BE4 */
  {0x0000,0x3040,0x3FFE,0x4910,0x4100,0x3EFC,0x0420,0x7BDE,0x1EF8,0x2104,0x1FF8,0x2104,0x1FF8,0x2102,0x00FE,0x0000},  /* U+7BED */
  {0x0000,0x3040,0x3FFE,0x4910,0x1C3C,0x2242,0x3E7C,0x2242,0x3E7C,0x23C2,0x2422,0x27E2,0x2422,0x27E2,0x241E,0x0000},  /* U+7C21 */
  {0x0000,0x3040,0x3FFE,0x4910,0x2210,0x7F10,0x22FE,0x3E92,0x22BC,0x3EC2,0x22A4,0x7FA4,0x2498,0x2298,0x4166,0x0000},  /* U+7C38 */
  {0x0000,0x30C0,0x3FFE,0x4910,0x3FFE,0x2118,0x3FFC,0x2240,0x2FF8,0x2248,0x3FFE,0x2FD8,0x4260,0x4E58,0x7246,0x0000},  /* U+7C3E */
  {0x0000,0x1040,0x3FFE,0x4918,0x4644,0x37FE,0x0BFC,0x0442,0x63FC,0x1442,0x0BFC,0x1010,0x17FE,0x2110,0x40F0,0x0000},  /* U+7C3F */
  {0x0000,0x1040,0x1F7E,0x2590,0x4848,0x7EFE,0x0848,0x3C48,0x09B6,0x7E78,0x1884,0x2C84,0x2AFC,0x4884,0x08FC,0x0000},  /* U+7C4D */
  {0x0000,0x0100,0x2104,0x1108,0x0908,0x0910,0x0100,0x7FFE,0x0340,0x0340,0x0520,0x0910,0x310C,0x4102,0x0100,0x0000},  /* U+7C73 */
  {0x0000,0x08DC,0x4A22,0x4C22,0x2CA2,0x08A2,0x7E42,0x1042,0x1822,0x2C62,0x2A5C,0x4884,0x4886,0x0904,0x0A1C,0x0000},  /* U+7C7E */
  {0x0000,0x081C,0x4BE0,0x4C20,0x2C20,0x0820,0x7E20,0x11FE,0x1820,0x2C20,0x2A20,0x4820,0x4820,0x0820,0x0820,0x0000},  /* U+7C81 */
  {0x0000,0x0400,0x0FC0,0x1080,0x6140,0x0220,0x0D18,0x3116,0x4910,0x0520,0x7FFE,0x0340,0x0520,0x1918,0x6106,0x0000},  /* U+7C82 */
  {0x0000,0x1048,0x5448,0x5448,0x3484,0x1084,0x7D02,0x13FC,0x1844,0x3444,0x3444,0x5044,0x5084,0x1108,0x1238,0x0000},  /* U+7C89 */
  {0x0000,0x1020,0x5420,0x55D8,0x3448,0x104A,0x7C8A,0x1124,0x1820,0x3420,0x33FE,0x5020,0x5020,0x1020,0x1020,0x0000},  /* U+7C8B */
  {0x0000,0x100C,0x52F0,0x5520,0x3420,0x103C,0x7FE0,0x1020,0x1820,0x347E,0x33A0,0x5020,0x5020,0x1022,0x103E,0x0000},  /* U+7C8D */
  {0x0000,0x1020,0x5220,0x5420,0x35FE,0x1000,0x7E84,0x1088,0x1888,0x3488,0x3248,0x5048,0x5050,0x1010,0x13EE,0x0000},  /* U+7C92 */
  {0x0000,0x1020,0x5220,0x54F8,0x3504,0x1104,0x7D04,0x1104,0x19FC,0x3504,0x3304,0x5104,0x1104,0x11FC,0x1104,0x0000},  /* U+7C95 */
  {0x0000,0x10FC,0x5284,0x3284,0x3484,0x10FC,0x7E84,0x1884,0x1484,0x3484,0x32FC,0x5084,0x5084,0x1084,0x13FE,0x0000},  /* U+7C97 */
  {0x0000,0x0820,0x4A20,0x4A20,0x2A3E,0x0820,0x7E20,0x1020,0x18FC,0x2D02,0x2B02,0x4902,0x4902,0x0902,0x09FE,0x0000},  /* U+7C98 */
  {0x0000,0x0100,0x1FF8,0x0108,0x7FFE,0x0108,0x3FF0,0x2914,0x2524,0x2544,0x2BB4,0x2284,0x2564,0x4914,0xD104,0x0000},  /* U+7C9B */
  {0x0000,0x7FFE,0x0240,0x3FFC,0x2244,0x2244,0x1DB8,0x0910,0x0510,0x7FFE,0x0340,0x0520,0x1918,0x6106,0x0000,0x0000},  /* U+7C9F */
  {0x0000,0x791E,0x0D22,0x0D42,0x0B42,0x7B5E,0x47F0,0x4110,0x791E,0x0A82,0x0B42,0x0D22,0x0902,0x0902,0x711C,0x0000},  /* U+7CA5 */
  {0x0000,0x1010,0x5410,0x55FE,0x3510,0x1110,0x7D10,0x1110,0x197E,0x3510,0x3510,0x5110,0x5210,0x1210,0x14FE,0x0000},  /* U+7CA7 */
  {0x0000,0x1020,0x55FE,0x5420,0x39FE,0x1020,0x7FDE,0x10F8,0x1904,0x39FC,0x5504,0x5104,0x51FC,0x1104,0x110C,0x0000},  /* U+7CBE */
  {0x0000,0x109E,0x5492,0x5892,0x2FF2,0x109E,0x7892,0x1092,0x2B52,0x2A5E,0x5252,0x5252,0x53E2,0x1222,0x102E,0x0000},  /* U+7CCA */
  {0x0000,0x11FE,0x5600,0x566C,0x3A92,0x1292,0x7EFE,0x1292,0x1292,0x3A7C,0x5610,0x52FE,0x5210,0x1410,0x15FE,0x0000},  /* U+7CCE */
  {0x0000,0x1020,0x55FE,0x5620,0x3A20,0x12FE,0x7E22,0x13FE,0x1222,0x3ADC,0x5600,0x52FC,0x5284,0x1484,0x14FC,0x0000},  /* U+7CD6 */
  {0x0000,0x1908,0x0930,0x77DE,0x0520,0x3EFE,0x5108,0x1FF8,0x1108,0x1FF8,0x7FFE,0x0420,0x7FFE,0x0C38,0x7006,0x0000},  /* U+7CDE */
  {0x0000,0x1050,0x57FE,0x5450,0x3BFE,0x1252,0x7DFE,0x1252,0x11FE,0x3800,0x55FE,0x5102,0x51FE,0x1102,0x11FE,0x0000},  /* U+7CDF */
  {0x0000,0x1020,0x55FE,0x5A20,0x5A20,0x12FC,0x7E24,0x13FE,0x3224,0x3AF8,0x57A6,0x52B8,0x5468,0x15A4,0x1A62,0x0000},  /* U+7CE0 */
  {0x0000,0x11FC,0x5504,0x55FC,0x39FC,0x1000,0x7FFE,0x11FC,0x1122,0x39FC,0x5522,0x50FC,0x51FE,0x1020,0x13FE,0x0000},  /* U+7CE7 */
  {0x0000,0x0200,0x0410,0x2820,0x1040,0x0C80,0x0310,0x0408,0x7FFC,0x0102,0x0920,0x0918,0x1104,0x2102,0x4100,0x0000},  /* U+7CF8 */
  {0x0000,0x01FC,0x3E00,0x0210,0x2420,0x1840,0x0C80,0x0310,0x0408,0x7FF4,0x0102,0x0910,0x1108,0x2104,0x4102,0x0000},  /* U+7CFB */
  {0x0000,0x1004,0x2484,0x2484,0x4884,0x3084,0x1484,0x3684,0x4984,0x0886,0x2BFC,0x4A04,0x4904,0x4804,0x0804,0x0000},  /* U+7CFE */
  {0x0000,0x10FC,0x2402,0x2402,0x4802,0x3002,0x147E,0x3682,0x4980,0x0880,0x2A80,0x4A80,0x4982,0x4882,0x08FE,0x0000},  /* U+7D00 */
  {0x0000,0x1040,0x2480,0x4480,0x297E,0x1102,0x1602,0x24C2,0x5A42,0x1022,0x5422,0x5202,0x5202,0x5004,0x103C,0x0000},  /* U+7D04 */
  {0x0000,0x1000,0x15FE,0x6410,0x2810,0x1410,0x1210,0x3610,0x4910,0x0A10,0x2A10,0x4910,0x4910,0x4810,0x09EE,0x0000},  /* U+7D05 */
  {0x0000,0x1020,0x2420,0x2420,0x4BDE,0x3084,0x1484,0x2E88,0x5248,0x1050,0x5420,0x5220,0x5250,0x508C,0x1302,0x0000},  /* U+7D0B */
  {0x0000,0x1020,0x2420,0x4820,0x29FE,0x1122,0x2922,0x2532,0x5A4A,0x114A,0x5586,0x5502,0x5202,0x5102,0x110E,0x0000},  /* U+7D0D */
  {0x0000,0x11B8,0x2444,0x4844,0x2844,0x1044,0x2844,0x25FE,0x5A44,0x1044,0x5484,0x5484,0x5284,0x5084,0x13FE,0x0000},  /* U+7D10 */
  {0x0000,0x1020,0x243E,0x4BE0,0x2820,0x1122,0x2922,0x2522,0x5B22,0x1122,0x55FE,0x5520,0x5220,0x5022,0x101E,0x0000},  /* U+7D14 */
  {0x0000,0x1020,0x2420,0x48A4,0x28A4,0x1122,0x2922,0x2622,0x5A24,0x1064,0x5408,0x5408,0x5210,0x5060,0x1380,0x0000},  /* U+7D17 */
  {0x0000,0x1080,0x2480,0x4880,0x4BFE,0x3880,0x2490,0x2CA0,0x5320,0x1120,0x5528,0x5544,0x5644,0x52FE,0x1402,0x0000},  /* U+7D18 */
  {0x0000,0x102C,0x24D0,0x4490,0x4890,0x3090,0x1490,0x26FE,0x5A90,0x1090,0x5488,0x5288,0x528A,0x50FA,0x1306,0x0000},  /* U+7D19 */
  {0x0000,0x1000,0x27F8,0x4908,0x2910,0x1090,0x259E,0x2542,0x5B44,0x1144,0x5528,0x5510,0x5210,0x5268,0x1486,0x0000},  /* U+7D1A */
  {0x0000,0x2090,0x4910,0x8908,0x5108,0x2204,0x2C02,0x4BF8,0xB488,0x2088,0xA888,0xA488,0xA508,0xA108,0x2670,0x0000},  /* U+7D1B */
  {0x0000,0x0100,0x3FFC,0x0100,0x1FF8,0x0100,0x7EFE,0x0440,0x1880,0x0530,0x02FC,0x7D02,0x0930,0x310C,0x4102,0x0000},  /* U+7D20 */
  {0x0000,0x1020,0x2420,0x47BE,0x2840,0x1040,0x1440,0x247C,0x5A44,0x1044,0x5484,0x5284,0x5284,0x5104,0x123C,0x0000},  /* U+7D21 */
  {0x0000,0x0100,0x7FFE,0x0100,0x0100,0x7FFE,0x4222,0x5C42,0x04A0,0x0310,0x7EFC,0x0102,0x0930,0x310C,0x4102,0x0000},  /* U+7D22 */
  {0x0000,0x0840,0x2F5C,0x2860,0x2842,0x2F42,0x513C,0x0620,0x18C0,0x0510,0x7EFC,0x0102,0x0930,0x110C,0x6102,0x0000},  /* U+7D2B */
  {0x0000,0x1020,0x2420,0x4820,0x29FE,0x1122,0x2922,0x2522,0x5BFE,0x1122,0x5522,0x5522,0x5322,0x51FE,0x1102,0x0000},  /* U+7D2C */
  {0x0000,0x3FFC,0x2084,0x3FFC,0x2084,0x2084,0x3FFC,0x0420,0x18C0,0x0530,0x0608,0x7BF6,0x0930,0x110C,0x6102,0x0000},  /* U+7D2F */
  {0x0000,0x1000,0x25FE,0x4522,0x4922,0x3122,0x1522,0x2FFE,0x5322,0x1122,0x5522,0x5322,0x5322,0x51FE,0x1102,0x0000},  /* U+7D30 */
  {0x0000,0x1020,0x2420,0x49FE,0x2922,0x1122,0x2922,0x25FE,0x5A22,0x1122,0x55FE,0x5522,0x5220,0x5020,0x1020,0x0000},  /* U+7D33 */
  {0x0000,0x11DC,0x2422,0x4842,0x2842,0x1042,0x2992,0x260C,0x5AFC,0x1102,0x5502,0x5502,0x5302,0x51FE,0x1102,0x0000},  /* U+7D39 */
  {0x0000,0x1104,0x2504,0x4904,0x2BFE,0x1104,0x2904,0x2504,0x5BFC,0x1104,0x5504,0x5504,0x5304,0x51FC,0x1104,0x0000},  /* U+7D3A */
  {0x0000,0x1040,0x24FC,0x4884,0x2948,0x1250,0x2820,0x2450,0x5B8C,0x1262,0x5418,0x5400,0x5380,0x5070,0x100C,0x0000},  /* U+7D42 */
  {0x0000,0x1020,0x2420,0x47FE,0x2840,0x1044,0x1588,0x2488,0x5A90,0x1050,0x5428,0x5244,0x5284,0x509E,0x1362,0x0000},  /* U+7D43 */
  {0x0000,0x1078,0x2484,0x4484,0x2884,0x1084,0x14FC,0x2484,0x5A84,0x1084,0x54FC,0x5284,0x5284,0x5084,0x13FE,0x0000},  /* U+7D44 */
  {0x0000,0x1178,0x2484,0x4884,0x2848,0x1030,0x2870,0x258E,0x5A20,0x1020,0x55FE,0x5420,0x5220,0x5020,0x13FE,0x0000},  /* U+7D4C */
  {0x0000,0x1020,0x2420,0x45FE,0x2820,0x1020,0x15FE,0x2400,0x5A00,0x10FC,0x5502,0x5302,0x5302,0x51FE,0x1102,0x0000},  /* U+7D50 */
  {0x0000,0x1020,0x2420,0x4BFE,0x2888,0x1084,0x2902,0x2686,0x5A88,0x1048,0x5450,0x5420,0x5250,0x5088,0x1306,0x0000},  /* U+7D5E */
  {0x0000,0x2080,0x48F8,0x9108,0x5290,0x2450,0x5020,0x48D0,0xB50C,0x23FA,0xAA08,0xAA08,0xA608,0xA208,0x23F8,0x0000},  /* U+7D61 */
  {0x0000,0x1080,0x2480,0x48FE,0x2902,0x12E2,0x2B12,0x2512,0x5BF2,0x1112,0x5512,0x54F2,0x5302,0x5004,0x103C,0x0000},  /* U+7D62 */
  {0x0000,0x2040,0x48A0,0x9110,0x5108,0x2204,0x55F2,0x4800,0xB400,0x23F8,0xAA08,0xAA08,0xA608,0xA3F8,0x2208,0x0000},  /* U+7D66 */
  {0x0000,0x1020,0x2420,0x4BFE,0x2840,0x1088,0x2884,0x27FA,0x5A92,0x1090,0x5490,0x5490,0x5292,0x5112,0x160E,0x0000},  /* U+7D71 */
  {0x0000,0x2040,0x48A0,0x9110,0x5208,0x2406,0x51F8,0x4800,0xB77C,0x2080,0xA880,0xA890,0xA508,0xA13C,0x26C4,0x0000},  /* U+7D75 */
  {0x0000,0x1040,0x2478,0x4888,0x2910,0x11FE,0x2B22,0x2522,0x5B22,0x11FE,0x5502,0x5500,0x5302,0x5102,0x11FE,0x0000},  /* U+7D76 */
  {0x0000,0x10FC,0x2502,0x4502,0x29FE,0x1000,0x14FC,0x2502,0x5B02,0x11FE,0x5502,0x53FE,0x5302,0x5102,0x110E,0x0000},  /* U+7D79 */
  {0x0000,0x1210,0x2692,0x6A94,0x4A54,0x3258,0x2ADE,0x2E30,0x5630,0x1258,0x5654,0x5692,0x5710,0x5200,0x13FE,0x0000},  /* U+7D99 */
  {0x0000,0x1020,0x25FE,0x4820,0x4820,0x39DC,0x2400,0x2FFE,0x5202,0x1048,0x5448,0x5488,0x5488,0x510A,0x120E,0x0000},  /* U+7D9A */
  {0x0000,0x1020,0x25FC,0x4A02,0x2A02,0x10FC,0x2800,0x2400,0x5BFE,0x1020,0x54A4,0x5524,0x5322,0x5222,0x10E0,0x0000},  /* U+7D9C */
  {0x0000,0x10DC,0x2722,0x4924,0x4924,0x39FC,0x2602,0x2E02,0x53FC,0x1084,0x5448,0x5450,0x5420,0x5058,0x1386,0x0000},  /* U+7DAC */
  {0x0000,0x1048,0x2488,0x4890,0x497E,0x3B10,0x2710,0x2CFC,0x5310,0x1110,0x54FC,0x5510,0x5310,0x5110,0x11EE,0x0000},  /* U+7DAD */
  {0x0000,0x11FC,0x2602,0x6A8A,0x4A4A,0x3252,0x2AAE,0x2E22,0x56AA,0x12AA,0x56AA,0x56AA,0x56DA,0x5282,0x120E,0x0000},  /* U+7DB1 */
  {0x0000,0x11FC,0x2602,0x4A8A,0x4A4A,0x3AFA,0x2622,0x2E22,0x52DE,0x1282,0x5682,0x5682,0x567A,0x5202,0x120E,0x0000},  /* U+7DB2 */
  {0x0000,0x13FE,0x2842,0x4B54,0x4888,0x30CC,0x2912,0x2E20,0x57FE,0x1852,0x5654,0x5594,0x5088,0x5154,0x1662,0x0000},  /* U+7DB4 */
  {0x0000,0x1020,0x2420,0x6BDE,0x4A02,0x3000,0x29FC,0x2C20,0x5520,0x113C,0x5520,0x5520,0x56A0,0x5260,0x143E,0x0000},  /* U+7DBB */
  {0x0000,0x1020,0x25FC,0x6820,0x4820,0x33DE,0x2892,0x2D9E,0x5640,0x107C,0x5484,0x5748,0x5430,0x5058,0x1386,0x0000},  /* U+7DBE */
  {0x0000,0x1020,0x24FE,0x4502,0x29FE,0x1102,0x1502,0x24FC,0x5A20,0x11FE,0x5522,0x5322,0x5322,0x5126,0x1020,0x0000},  /* U+7DBF */
  {0x0000,0x3FBC,0x4842,0x3F44,0x4128,0x3F10,0x4828,0x37C6,0x1460,0x0CA0,0x0318,0x7FF6,0x0930,0x110C,0x6102,0x0000},  /* U+7DCA */
  {0x0000,0x1050,0x2450,0x49CE,0x4850,0x3850,0x2450,0x2DDE,0x5250,0x1050,0x558E,0x5650,0x5490,0x5110,0x1210,0x0000},  /* U+7DCB */
  {0x0000,0x1048,0x2484,0x4922,0x4B42,0x3048,0x2444,0x2DFC,0x5242,0x1020,0x5450,0x5344,0x5342,0x524A,0x1078,0x0000},  /* U+7DCF */
  {0x0000,0x11FC,0x2404,0x4804,0x48FC,0x3804,0x27FE,0x2C20,0x5322,0x10B4,0x54B8,0x5468,0x55A4,0x5222,0x1060,0x0000},  /* U+7DD1 */
  {0x0000,0x1042,0x2444,0x49FC,0x4848,0x3850,0x27AE,0x2C40,0x53FC,0x1284,0x5484,0x54FC,0x5484,0x5084,0x10FC,0x0000},  /* U+7DD2 */
  {0x0000,0x1020,0x25FE,0x4902,0x4902,0x39FE,0x2502,0x2DFE,0x5220,0x13E2,0x547C,0x54A8,0x54A8,0x5326,0x10E0,0x0000},  /* U+7DDA */
  {0x0000,0x1020,0x27FE,0x6888,0x4888,0x33FE,0x2A22,0x2E22,0x55FC,0x1124,0x5524,0x5524,0x5524,0x5028,0x1020,0x0000},  /* U+7DE0 */
  {0x0000,0x1000,0x27FE,0x68FC,0x4902,0x3102,0x29FE,0x2D00,0x55FE,0x114A,0x554A,0x56FE,0x574A,0x534A,0x154E,0x0000},  /* U+7DE8 */
  {0x0000,0x12BE,0x2542,0x6924,0x48A4,0x31FE,0x2840,0x2F7E,0x5480,0x10FC,0x5484,0x5548,0x5530,0x5238,0x15C6,0x0000},  /* U+7DE9 */
  {0x0000,0x1000,0x27FE,0x4820,0x4820,0x3BDE,0x2652,0x2E52,0x5272,0x1252,0x5652,0x5672,0x5652,0x5252,0x13AE,0x0000},  /* U+7DEC */
  {0x0000,0x1040,0x25FC,0x4844,0x4BFE,0x3800,0x25FC,0x2D04,0x53FC,0x1010,0x55FE,0x5490,0x53FE,0x5010,0x1010,0x0000},  /* U+7DEF */
  {0x0000,0x2040,0x4FFC,0x9040,0x9040,0x73FC,0x4A44,0x5BFC,0xA444,0x23DC,0xA860,0xA8D0,0xA948,0xA644,0x2842,0x0000},  /* U+7DF4 */
  {0x0000,0x11F8,0x2404,0x68FC,0x4804,0x3004,0x2BFA,0x2C52,0x57B4,0x1068,0x5498,0x5734,0x5454,0x5192,0x1260,0x0000},  /* U+7E01 */
  {0x0000,0x10DC,0x2522,0x49FE,0x4922,0x3922,0x24FC,0x2DFC,0x5222,0x1122,0x55FE,0x5522,0x55FE,0x5122,0x103E,0x0000},  /* U+7E04 */
  {0x0000,0x102C,0x27FE,0x6820,0x49FE,0x3122,0x29FE,0x2D22,0x55F6,0x1008,0x577E,0x5488,0x5488,0x5048,0x1038,0x0000},  /* U+7E1B */
  {0x0000,0x1020,0x27FE,0x6800,0x48FC,0x3084,0x28FC,0x2C00,0x55FE,0x1202,0x567A,0x568A,0x56FA,0x5282,0x120E,0x0000},  /* U+7E1E */
  {0x0000,0x1122,0x2924,0x4A24,0x54FE,0x3108,0x2908,0x2F08,0x554E,0x1948,0x5548,0x5548,0x5568,0x9150,0x118E,0x0000},  /* U+7E26 */
  {0x0000,0x1220,0x293C,0x4964,0x4898,0x3018,0x28E6,0x2F10,0x557E,0x197C,0x5510,0x557E,0x5110,0x5290,0x147E,0x0000},  /* U+7E2B */
  {0x0000,0x1020,0x27FE,0x6A02,0x4A82,0x30FC,0x2910,0x2D7E,0x5342,0x1342,0x557E,0x5542,0x5542,0x5142,0x117E,0x0000},  /* U+7E2E */
  {0x0000,0x11FE,0x2420,0x49FC,0x4820,0x3BDE,0x25FC,0x2D02,0x53FC,0x1102,0x55FC,0x5502,0x55FC,0x508C,0x1702,0x0000},  /* U+7E3E */
  {0x0000,0x3F20,0x203E,0x7F44,0x29A4,0x7F18,0x3F90,0x416C,0x0682,0x1CC0,0x0530,0x7ADC,0x0522,0x191C,0x6102,0x0000},  /* U+7E41 */
  {0x0000,0x2088,0x2BEC,0x488A,0x5088,0x27FE,0x2948,0x4968,0x375C,0x136C,0x5B68,0x5548,0x557A,0x56A6,0x1046,0x0000},  /* U+7E4A */
  {0x0000,0x7F78,0x084A,0x7F4E,0x7FB8,0x4944,0x3E28,0x7F30,0x0ACE,0x1CC0,0x0530,0x7EFC,0x0522,0x191C,0x6102,0x0000},  /* U+7E4B */
  {0x0000,0x1020,0x25FC,0x6824,0x4BFE,0x3024,0x29F8,0x2E2A,0x56AA,0x1272,0x56FE,0x5662,0x56B2,0x52AA,0x1522,0x0000},  /* U+7E4D */
  {0x0000,0x2090,0x2DB4,0x4A54,0x5252,0x2150,0x2FFE,0x4810,0x37F4,0x122C,0x5BC8,0x5628,0x562A,0x53DA,0x1066,0x0000},  /* U+7E54 */
  {0x0000,0x1088,0x25DE,0x6820,0x49FC,0x3020,0x2BFE,0x2CA4,0x54A8,0x13FE,0x5400,0x55FE,0x5502,0x5102,0x11FC,0x0000},  /* U+7E55 */
  {0x0000,0x0420,0x7FFE,0x0420,0x1EF8,0x2104,0x2924,0x357C,0x296C,0x2B6C,0x3F7C,0x3B2C,0x3B2C,0x2B5C,0x290C,0x0000},  /* U+7E6D */
  {0x0000,0x10F8,0x2488,0x4888,0x4870,0x33DE,0x2A52,0x2E52,0x57DE,0x5420,0x57FE,0x5470,0x52A8,0x5726,0x1020,0x0000},  /* U+7E70 */
  {0x0000,0x30C0,0x3FFE,0x4FF8,0x1004,0x1FFC,0x1FF8,0x1DFC,0x0200,0x7DFE,0x1258,0x66A6,0x1FF8,0x0D34,0x310C,0x0000},  /* U+7E82 */
  {0x0000,0x1020,0x2BFE,0x4AFC,0x4A92,0x32FE,0x2AFE,0x2E10,0x56FC,0x1BFE,0x564A,0x57A4,0x52FC,0x5420,0x15FE,0x0000},  /* U+7E8F */
  {0x0000,0x0800,0x1000,0x1FFC,0x2100,0x2100,0x4100,0x7FFE,0x0100,0x2104,0x2104,0x2104,0x2104,0x1FFC,0x2004,0x0000},  /* U+7F36 */
  {0x0000,0x3FFC,0x4422,0x4422,0x4422,0x3BDC,0x0240,0x7E7E,0x0240,0x3E7E,0x0240,0x0C7E,0x7440,0x0C40,0x3040,0x0000},  /* U+7F6A */
  {0x0000,0x3FFC,0x2444,0x2444,0x3FFC,0x0410,0x3F90,0x0410,0x7F90,0x0418,0x0416,0x7F92,0x0410,0x0FD0,0x7010,0x0000},  /* U+7F6B */
  {0x0000,0x3FFC,0x2244,0x2244,0x1DB8,0x7FFE,0x0100,0x27F8,0x2404,0x27FC,0x27FC,0x2404,0x27F8,0x2000,0x3FFE,0x0000},  /* U+7F6E */
  {0x0000,0x3FFC,0x2444,0x2444,0x3FFC,0x3E04,0x0024,0x7FA4,0x3E24,0x0024,0x3E24,0x1E24,0x2124,0x2104,0x3E1C,0x0000},  /* U+7F70 */
  {0x0000,0x3FFC,0x2444,0x2444,0x1BB8,0x0104,0x3FF8,0x0130,0x7FFE,0x0200,0x3DFC,0x4804,0x0FFC,0x0804,0x0FFC,0x0000},  /* U+7F72 */
  {0x0000,0x3FFC,0x2444,0x3FFC,0x0000,0x1FFC,0x1100,0x1FF8,0x1100,0x1FF8,0x1100,0x0EFC,0x2924,0x2494,0x449C,0x0000},  /* U+7F75 */
  {0x0000,0x3FFC,0x4422,0x4422,0x3BDC,0x1044,0x1278,0x7F42,0x007E,0x3E00,0x3E44,0x2278,0x3E40,0x2242,0x267E,0x0000},  /* U+7F77 */
  {0x0000,0x3FFC,0x2444,0x2444,0x3FFC,0x1050,0x5490,0x28FE,0x1590,0x12FE,0x6E90,0x2CFE,0x4A90,0x4A90,0x08EE,0x0000},  /* U+7F85 */
  {0x0000,0x0810,0x0410,0x3EFC,0x0100,0x0100,0x0100,0x1FF8,0x0100,0x0100,0x7FFE,0x0100,0x0100,0x0100,0x0100,0x0000},  /* U+7F8A */
  {0x0000,0x0810,0x0420,0x3FFC,0x0100,0x3FFC,0x0100,0x0100,0x7EFE,0x0100,0x7FFE,0x0180,0x0240,0x0C30,0x700E,0x0000},  /* U+7F8E */
  {0x0000,0x3646,0x0924,0x0928,0x7F56,0x1110,0x1110,0x3E7E,0x2010,0x3E10,0x21FE,0x6110,0x2110,0x3F10,0x2010,0x0000},  /* U+7FA4 */
  {0x0000,0x0810,0x3FFC,0x0100,0x3FFC,0x0100,0x7FFE,0x3100,0x09B8,0x6244,0x1444,0x0868,0x10A0,0x2118,0x2606,0x0000},  /* U+7FA8 */
  {0x0000,0x0810,0x3EFC,0x0100,0x3FFC,0x0100,0x7FFE,0x0750,0x784C,0x0840,0x7FFE,0x0FA8,0x7830,0x0852,0x398E,0x0000},  /* U+7FA9 */
  {0x0000,0x7EFC,0x0204,0x2244,0x1224,0x1A14,0x0204,0x0204,0x061C,0x1A24,0x62C4,0x0204,0x0204,0x0E1C,0x0000,0x0000},  /* U+7FBD */
  {0x0000,0x0420,0x1918,0x6204,0x0462,0x2430,0x1BC8,0x7CF8,0x0204,0x3264,0x0A14,0x0204,0x1E3C,0x62C4,0x0E0C,0x0000},  /* U+7FC1 */
  {0x0000,0x7EFE,0x1222,0x1212,0x061A,0x3A62,0x468E,0x0080,0x3FFC,0x0810,0x0810,0x0420,0x0420,0x7FFE,0x0000,0x0000},  /* U+7FCC */
  {0x0000,0x7EFC,0x1264,0x0A14,0x0E3C,0x72C4,0x070C,0x0FF0,0x1008,0x1008,0x1FF8,0x1008,0x1008,0x1FF8,0x0000,0x0000},  /* U+7FD2 */
  {0x0000,0x3FFC,0x1124,0x0D1C,0x71E4,0x0708,0x3FFC,0x0420,0x0C20,0x13D8,0x2104,0x5FFA,0x0100,0x0100,0x0000,0x0000},  /* U+7FE0 */
  {0x0000,0x7700,0x2B7E,0x4D00,0x2B00,0x2D00,0x497E,0x3B28,0x0828,0x3728,0x2128,0x3F28,0x214A,0x3F4A,0x2186,0x0000},  /* U+7FEB */
  {0x0000,0x0830,0x7E48,0x0844,0x0882,0x77DC,0x4222,0x7EAA,0x42AA,0x7F32,0x08A4,0x7EAA,0x0932,0x0A22,0x08EE,0x0000},  /* U+7FF0 */
  {0x0000,0x5FCC,0x2A22,0x2A22,0x7FAA,0x0C6A,0x1A66,0x2922,0x4022,0x7F66,0x496A,0x3EAA,0x4922,0x7F22,0x4166,0x0000},  /* U+7FFB */
  {0x0000,0x7EFC,0x2242,0x162A,0x7A52,0x1EFC,0x2104,0x1FF8,0x2104,0x1FF8,0x3FFC,0x0420,0x7FFE,0x0C38,0x7006,0x0000},  /* U+7FFC */
  {0x0000,0x11DE,0x5222,0x55DE,0x3422,0x39DE,0x5690,0x2890,0x297E,0x2B10,0x29FE,0x2B10,0x2DFE,0x4110,0x41EE,0x0000},  /* U+8000 */
  {0x0000,0x0104,0x0104,0x3FF8,0x0110,0x0120,0x7FFE,0x0100,0x0600,0x1C18,0x64E0,0x0700,0x0402,0x0402,0x03FC,0x0000},  /* U+8001 */
  {0x0000,0x0100,0x0104,0x3FF8,0x0120,0x7F7E,0x0180,0x0608,0x1FF0,0xE800,0x0FF0,0x0808,0x0008,0x0008,0x00F0,0x0000},  /* U+8003 */
  {0x0000,0x0104,0x0104,0x3FF8,0x0110,0x0160,0x7FFE,0x0100,0x07F0,0x3808,0x4808,0x07F8,0x0808,0x0808,0x07F8,0x0000},  /* U+8005 */
  {0x0000,0x7FFE,0x0100,0x0100,0x3FFC,0x2444,0x2444,0x2444,0x2444,0x2444,0x2444,0x2444,0x2444,0x245C,0x0000,0x0000},  /* U+800C */
  {0x0000,0x7784,0x0804,0x0804,0x087E,0x7F04,0x5304,0x5344,0x5324,0x5314,0x5314,0x5304,0x5304,0x5304,0x411C,0x0000},  /* U+8010 */
  {0x0000,0x1048,0x7C48,0x1048,0x11FE,0x7C48,0x1048,0x1048,0x7E48,0x19FE,0x3448,0x3488,0x5088,0x5088,0x1308,0x0000},  /* U+8015 */
  {0x0000,0x080C,0x7E30,0x09E0,0x0820,0x7C3E,0x09E0,0x0820,0x7E20,0x147E,0x2DA0,0x2A20,0x4822,0x0822,0x083E,0x0000},  /* U+8017 */
  {0x0000,0x7FFE,0x1008,0x1008,0x0FF0,0x1008,0x1008,0x1008,0x1FF8,0x1008,0x1008,0x7FF6,0x0008,0x0008,0x0000,0x0000},  /* U+8033 */
  {0x0000,0x5DFE,0x2242,0x2244,0x2244,0x3E48,0x2258,0x2244,0x3E44,0x2242,0x2242,0x3E42,0x425C,0x0240,0x0240,0x0000},  /* U+8036 */
  {0x0000,0x7F10,0x2210,0x22FC,0x2312,0x3F12,0x2210,0x2210,0x3C30,0x2230,0x2230,0x3C50,0x4252,0x0292,0x031E,0x0000},  /* U+803D */
  {0x0000,0x7F00,0x227E,0x3E42,0x2242,0x3E42,0x2242,0x7E7E,0x0200,0x3FFC,0x0100,0x0100,0x1FF8,0x0100,0x7FFE,0x0000},  /* U+8056 */
  {0x0000,0x7CFC,0x4484,0x7CFC,0x4484,0x4484,0x787C,0x57A4,0x4844,0x4FC4,0x4844,0x4FC4,0x4844,0x5FC4,0x407C,0x0000},  /* U+805E */
  {0x0000,0x7E48,0x2484,0x24A4,0x2542,0x3C48,0x2448,0x25FC,0x3C42,0x2430,0x2454,0x3D44,0x4542,0x0646,0x0478,0x0000},  /* U+8061 */
  {0x0000,0x7C88,0x290A,0x2B54,0x288C,0x388C,0x294A,0x2AB6,0x3850,0x2A52,0x2A52,0x3BDE,0x4A52,0x0890,0x0910,0x0000},  /* U+806F */
  {0x0000,0x5A20,0x25FE,0x2420,0x2420,0x3DDE,0x254A,0x254A,0x3DFE,0x2440,0x2430,0x2D4C,0x5542,0x0546,0x0678,0x0000},  /* U+8074 */
  {0x0000,0x7C94,0x2BEA,0x292A,0x2948,0x3948,0x2EBE,0x29CA,0x3A2C,0x2A2C,0x2BE8,0x3A28,0x49FA,0x0A16,0x0866,0x0000},  /* U+8077 */
  {0x0000,0x0886,0x77F8,0x7F04,0x00F8,0x3E7C,0x3E7C,0x3E7E,0x224A,0x6FF6,0x1008,0x1FF8,0x1FF0,0x13FE,0x6C08,0x0000},  /* U+807E */
  {0x0000,0x7F20,0x007E,0x3FC8,0x2130,0x3E78,0x4186,0x5FF8,0x7FFE,0x0108,0x1FF8,0x3FFC,0x0100,0x7FFE,0x0100,0x0000},  /* U+8087 */
  {0x0000,0x0080,0x0080,0x3FFC,0x2104,0x21C4,0x2224,0x3C9C,0x2104,0x2184,0x2244,0x2434,0x380C,0x2004,0x201C,0x0000},  /* U+8089 */
  {0x0000,0x3C20,0x2420,0x2420,0x2420,0x3DFE,0x2422,0x2422,0x2422,0x3C42,0x2442,0x4442,0x4482,0x4482,0x5D1C,0x0000},  /* U+808B */
  {0x0000,0x3CF8,0x2488,0x2488,0x2488,0x3C88,0x2488,0x2488,0x2488,0x3C88,0x2488,0x448A,0x448A,0x450A,0x5D06,0x0000},  /* U+808C */
  {0x0000,0x2104,0x1108,0x0910,0x0910,0x0FF0,0x1008,0x1008,0x1FF8,0x1008,0x1008,0x1FF8,0x1008,0x1008,0x1038,0x0000},  /* U+8096 */
  {0x0000,0x3C08,0x2208,0x2208,0x23FE,0x3C08,0x2208,0x2288,0x2248,0x3C48,0x2228,0x4208,0x4208,0x4208,0x4C38,0x0000},  /* U+8098 */
  {0x0000,0x3DDE,0x2420,0x2420,0x2420,0x3C20,0x2420,0x25FE,0x2420,0x3C20,0x2420,0x4420,0x4420,0x4420,0x4C20,0x0000},  /* U+809D */
  {0x0000,0x3CF8,0x2488,0x2488,0x248A,0x3D0A,0x2506,0x2600,0x25FC,0x3C84,0x2448,0x4450,0x4420,0x4458,0x5F86,0x0000},  /* U+80A1 */
  {0x0000,0x3C20,0x2420,0x27FE,0x2420,0x3C20,0x2420,0x25DC,0x2484,0x3C88,0x2448,0x4430,0x4430,0x44C8,0x5F06,0x0000},  /* U+80A2 */
  {0x0000,0x3CDC,0x2522,0x2522,0x2522,0x3D22,0x2522,0x25FE,0x2502,0x3D00,0x2500,0x4502,0x4502,0x4502,0x5CFE,0x0000},  /* U+80A5 */
  {0x0000,0x7FFE,0x1FFC,0x2004,0x2004,0x1FFC,0x2000,0x2FFC,0x2804,0x2FFC,0x2804,0x4FFC,0x4804,0x481C,0x0000,0x0000},  /* U+80A9 */
  {0x0000,0x3C20,0x2420,0x27FE,0x2440,0x3C40,0x2440,0x247E,0x2442,0x3C42,0x2444,0x4484,0x4484,0x4504,0x5E3C,0x0000},  /* U+80AA */
  {0x0000,0x0100,0x09F8,0x0900,0x0900,0x7FFE,0x0000,0x1FF8,0x1008,0x1FF8,0x1008,0x1FF8,0x1008,0x1008,0x1038,0x0000},  /* U+80AF */
  {0x0000,0x3C40,0x2440,0x2480,0x27FE,0x3C80,0x2490,0x2490,0x24A0,0x3CA0,0x4524,0x4524,0x4542,0x46FE,0x5E02,0x0000},  /* U+80B1 */
  {0x0000,0x0100,0x7FFE,0x0420,0x0410,0x3FFC,0x0002,0x1FF8,0x1008,0x1FF8,0x1008,0x1008,0x1FF8,0x1008,0x1038,0x0000},  /* U+80B2 */
  {0x0000,0x1C18,0x03E0,0x0630,0x3A08,0x0200,0x7DFE,0x0800,0x1FF8,0x2808,0x4FF8,0x0808,0x0FF8,0x0808,0x0838,0x0000},  /* U+80B4 */
  {0x0000,0x3C20,0x2420,0x27DE,0x2420,0x3C20,0x25FE,0x2522,0x2522,0x3D22,0x4522,0x4522,0x452C,0x4420,0x5C20,0x0000},  /* U+80BA */
  {0x0000,0x3FFC,0x2104,0x3FFC,0x2104,0x3FFC,0x0000,0x1FF8,0x1008,0x1FF8,0x1008,0x1FF8,0x1008,0x1038,0x0000,0x0000},  /* U+80C3 */
  {0x0000,0x3C7C,0x2482,0x2482,0x2482,0x3C82,0x24FC,0x2482,0x2482,0x3C82,0x2482,0x447C,0x4400,0x4400,0x4DFE,0x0000},  /* U+80C6 */
  {0x0000,0x0444,0x7C58,0x0460,0x0442,0x7C7E,0x0000,0x0FF8,0x1008,0x0FF8,0x1008,0x1008,0x1FF8,0x1008,0x1038,0x0000},  /* U+80CC */
  {0x0000,0x3C20,0x2440,0x2448,0x2444,0x3C84,0x25FE,0x2402,0x2400,0x3DFE,0x2502,0x4502,0x4502,0x45FE,0x5D02,0x0000},  /* U+80CE */
  {0x0000,0x3C80,0x2480,0x257E,0x2502,0x3FF2,0x2412,0x2412,0x2412,0x3DE2,0x4504,0x4518,0x4502,0x4502,0x5CFE,0x0000},  /* U+80DE */
  {0x0000,0x0838,0x0844,0x0844,0x7F44,0x087C,0x0844,0x0844,0x3744,0x217C,0x2144,0x2144,0x3F84,0x2084,0x011C,0x0000},  /* U+80E1 */
  {0x0000,0x2108,0x2A48,0x2488,0x2348,0x2228,0x2FF8,0x2008,0x27E8,0x2428,0x27E8,0x2428,0x27EA,0x442A,0x44E6,0x0000},  /* U+80E4 */
  {0x0000,0x3CFC,0x2502,0x2502,0x25FA,0x3D02,0x2532,0x254A,0x254A,0x3D4A,0x457A,0x4542,0x4502,0x4502,0x5D0E,0x0000},  /* U+80F4 */
  {0x0000,0x3880,0x2500,0x25FE,0x2602,0x3A22,0x26AA,0x264A,0x266A,0x3A5A,0x468A,0x47FA,0x460A,0x4602,0x5C3C,0x0000},  /* U+80F8 */
  {0x0000,0x1040,0x124C,0x2270,0x7F40,0x0142,0x3E42,0x223C,0x3E40,0x2244,0x2278,0x3E40,0x2242,0x2242,0x2E7E,0x0000},  /* U+80FD */
  {0x0000,0x3D00,0x251C,0x25E0,0x2502,0x3D02,0x24FC,0x4400,0x45FC,0x3D02,0x4502,0x45FC,0x4502,0x4502,0x5DFE,0x0000},  /* U+8102 */
  {0x0000,0x0100,0x1FF8,0x0628,0x3810,0x7EFE,0x1222,0x6E4C,0x1FF8,0x1008,0x1FF8,0x1008,0x1FF8,0x1008,0x1038,0x0000},  /* U+8105 */
  {0x0000,0x3880,0x24F8,0x2508,0x2510,0x3BEE,0x2500,0x257C,0x2544,0x3944,0x4554,0x4548,0x4642,0x4642,0x5C3E,0x0000},  /* U+8106 */
  {0x0000,0x3820,0x29FC,0x2844,0x2844,0x3884,0x2B18,0x2908,0x2908,0x3BFE,0x494A,0x494A,0x4952,0x4A52,0x5EEE,0x0000},  /* U+8107 */
  {0x0000,0x3C1C,0x25E0,0x2500,0x2506,0x3D38,0x25C8,0x254A,0x254C,0x3D48,0x4548,0x4544,0x4644,0x4644,0x5C42,0x0000},  /* U+8108 */
  {0x0000,0x0100,0x3DBE,0x0280,0x7A5E,0x0420,0x0810,0x3FFC,0x4812,0x0FF0,0x0810,0x0FF0,0x0810,0x0810,0x0870,0x0000},  /* U+810A */
  {0x0000,0x391E,0x4912,0x4BD2,0x4912,0x3912,0x4912,0x4FF2,0x4912,0x3992,0x4A52,0x4A5E,0x4BD0,0x4C20,0x7810,0x0000},  /* U+811A */
  {0x0000,0x3C84,0x2448,0x2448,0x25B6,0x3D02,0x2502,0x2502,0x25FC,0x3C50,0x4450,0x4450,0x4492,0x4492,0x5F0E,0x0000},  /* U+8131 */
  {0x0000,0x3E22,0x2522,0x2524,0x2524,0x3C08,0x250A,0x258A,0x2572,0x3D12,0x452A,0x4546,0x4582,0x45FE,0x5D02,0x0000},  /* U+8133 */
  {0x0000,0x3CFC,0x2500,0x25FC,0x2500,0x3D00,0x25FC,0x2500,0x27FE,0x3D22,0x4524,0x4518,0x4508,0x4574,0x5F82,0x0000},  /* U+8139 */
  {0x0000,0x7FF8,0x5088,0x7C88,0x4250,0x7C20,0x50D8,0x2F04,0x1FE0,0x2010,0x1FE0,0x2010,0x1FE0,0x2010,0x20F0,0x0000},  /* U+814E */
  {0x0000,0x0080,0x3FFE,0x2208,0x25FE,0x2C88,0x3448,0x2408,0x2070,0x2FFC,0x29E4,0x4E94,0x48C4,0x4B34,0x4C1C,0x0000},  /* U+8150 */
  {0x0000,0x3C20,0x25AC,0x2652,0x2652,0x3C90,0x2492,0x270E,0x2400,0x3DFE,0x4420,0x4420,0x4420,0x4420,0x5FFE,0x0000},  /* U+8154 */
  {0x0000,0x3820,0x27FE,0x2602,0x2702,0x399C,0x2552,0x2552,0x2752,0x3AD2,0x445E,0x4490,0x4492,0x4512,0x5E1E,0x0000},  /* U+8155 */
  {0x0000,0x3DFC,0x2420,0x27FE,0x2420,0x3DFC,0x2524,0x25FC,0x2524,0x3D24,0x44F8,0x4420,0x45FE,0x4420,0x5FFE,0x0000},  /* U+816B */
  {0x0000,0x3FFE,0x2450,0x2450,0x27FE,0x3E52,0x2652,0x25FE,0x2440,0x3FFE,0x4488,0x4488,0x4550,0x4428,0x5FC6,0x0000},  /* U+8170 */
  {0x0000,0x3DFC,0x2504,0x25FC,0x2504,0x3DFC,0x2400,0x27FE,0x2480,0x3CFE,0x454A,0x4652,0x4492,0x4524,0x5E5C,0x0000},  /* U+8178 */
  {0x0000,0x3C80,0x24FE,0x2500,0x26FC,0x3D04,0x24FC,0x2504,0x24FC,0x3C40,0x44BC,0x4548,0x4630,0x4470,0x5F8E,0x0000},  /* U+8179 */
  {0x0000,0x3C20,0x25FC,0x2502,0x25FE,0x3D02,0x2502,0x24FC,0x2422,0x3FE4,0x4478,0x44A8,0x4524,0x4622,0x5CE0,0x0000},  /* U+817A */
  {0x0000,0x3A7C,0x2944,0x2844,0x2A7C,0x3944,0x286C,0x2850,0x2B56,0x3948,0x4948,0x495C,0x49A2,0x4A80,0x5C7E,0x0000},  /* U+817F */
  {0x0000,0x0100,0x7EFE,0x1FF8,0x1FF8,0x0000,0x7FFE,0x4FF2,0x5FF2,0x0000,0x1FF8,0x1FF8,0x1008,0x1FF8,0x1038,0x0000},  /* U+818F */
  {0x0000,0x01FC,0x0100,0x3FFE,0x2FF4,0x21FE,0x2000,0x2FFC,0x2FFC,0x2FFC,0x23F0,0x2408,0x47F8,0x47F8,0x4438,0x0000},  /* U+819A */
  {0x0000,0x3888,0x27FE,0x2488,0x24F8,0x3904,0x2504,0x25FC,0x2504,0x3CF8,0x4420,0x47FE,0x4450,0x4488,0x5F06,0x0000},  /* U+819C */
  {0x0000,0x3C20,0x27AE,0x2470,0x24A8,0x3D26,0x2620,0x2458,0x2484,0x3F26,0x44A8,0x4468,0x44F8,0x4726,0x5C60,0x0000},  /* U+819D */
  {0x0000,0x3882,0x4FE4,0x4888,0x4BF0,0x3802,0x4BE2,0x4A24,0x4A28,0x3BF0,0x4A42,0x4A42,0x49B4,0x4F48,0x7830,0x0000},  /* U+81A8 */
  {0x0000,0x3888,0x27DE,0x2420,0x25FC,0x3820,0x27FE,0x2524,0x24A8,0x3BFE,0x4400,0x45FC,0x4504,0x4504,0x5DFC,0x0000},  /* U+81B3 */
  {0x0000,0x3850,0x2BFE,0x2A52,0x2BFE,0x3A52,0x29AC,0x2BFE,0x2A00,0x3AFC,0x4BFE,0x4A96,0x4A88,0x4A98,0x5DE6,0x0000},  /* U+81BF */
  {0x0000,0x3C20,0x25DE,0x2488,0x27FE,0x3C00,0x25FC,0x2504,0x25FC,0x3DBC,0x4440,0x4434,0x4584,0x4686,0x5EFA,0x0000},  /* U+81C6 */
  {0x0000,0x3890,0x4FFE,0x4894,0x480A,0x3BFC,0x4AA8,0x4B4A,0x4BEA,0x3B1C,0x4DBC,0x4D48,0x4DEA,0x4D16,0x7822,0x0000},  /* U+81D3 */
  {0x0000,0x7FF8,0x4100,0x4100,0x7FF8,0x4008,0x4008,0x4008,0x4008,0x7FF8,0x4100,0x4100,0x7FFC,0x4000,0x0000,0x0000},  /* U+81E3 */
  {0x0000,0x3B10,0x4410,0x4410,0x4410,0x7F10,0x4090,0x4090,0x40B0,0x7F28,0x4428,0x4448,0x4444,0x7B84,0x0102,0x0000},  /* U+81E5 */
  {0x0000,0x3680,0x48FE,0x4900,0x49FC,0x7C84,0x4284,0x42FC,0x4200,0x7DEE,0x4932,0x4932,0x4932,0x7FFE,0x4132,0x0000},  /* U+81E8 */
  {0x0000,0x0100,0x0100,0x1EF8,0x1008,0x1008,0x1FF8,0x1008,0x1008,0x1008,0x1FF8,0x1008,0x1008,0x1FF8,0x1008,0x0000},  /* U+81EA */
  {0x0000,0x0100,0x1FF8,0x1008,0x1FF8,0x1008,0x1FF8,0x1008,0x1FF8,0x0100,0x7FFE,0x0180,0x0240,0x0C30,0x700E,0x0000},  /* U+81ED */
  {0x0000,0x0000,0x7FFE,0x0420,0x0410,0x0808,0x3FF4,0x0102,0x0100,0x3FFC,0x0100,0x0100,0x0100,0x7FFE,0x0000,0x0000},  /* U+81F3 */
  {0x0000,0x0020,0x7F40,0x107A,0x2644,0x2244,0x7DC4,0x0944,0x0828,0x7F28,0x0810,0x0810,0x0F28,0x7044,0x0182,0x0000},  /* U+81F4 */
  {0x0000,0x0700,0x187C,0x2004,0x2004,0x2004,0x2004,0x3E7C,0x2004,0x2004,0x2004,0x2004,0x2004,0x3FFC,0x2004,0x0000},  /* U+81FC */
  {0x0000,0x1BD8,0x2424,0x25E4,0x3C3C,0x25A4,0x2664,0x2664,0x3FFC,0x2424,0x2424,0x5BDA,0x0430,0x1808,0x6006,0x0000},  /* U+8208 */
  {0x0000,0x0078,0x3F80,0x0100,0x0100,0x7FFE,0x0100,0x0100,0x0100,0x1FF8,0x1008,0x1008,0x1008,0x1008,0x1FF8,0x0000},  /* U+820C */
  {0x0000,0x0180,0x0240,0x0420,0x1918,0x2FF6,0x4100,0x0100,0x3FFE,0x0000,0x0FF8,0x1008,0x1008,0x1008,0x0FF8,0x0000},  /* U+820E */
  {0x0000,0x18FA,0x1404,0x2348,0x7630,0x8808,0x08FE,0x7F12,0x0812,0x0814,0x7610,0x4210,0x4210,0x7E10,0x4270,0x0000},  /* U+8212 */
  {0x0000,0x181C,0x2412,0x23FE,0x4810,0x3EFE,0x0892,0x0892,0x76FE,0x0092,0x7E92,0x42FE,0x4292,0x7E92,0x4296,0x0000},  /* U+8217 */
  {0x0000,0x1810,0x24FC,0x2302,0x7502,0x08FC,0x0884,0x7E84,0x08F8,0x0880,0x767E,0x4282,0x4282,0x7EFE,0x4282,0x0000},  /* U+8218 */
  {0x0000,0x1008,0x1008,0x1F08,0x21FE,0x2208,0x6288,0x5288,0x0C88,0x04FE,0x0488,0x0808,0x1008,0x2008,0x4008,0x0000},  /* U+821B */
  {0x0000,0x06FC,0x3908,0x0908,0x0890,0x776E,0x480A,0x1C08,0x12FE,0x2288,0x5A88,0x05FE,0x0808,0x1008,0x6008,0x0000},  /* U+821C */
  {0x0000,0x1800,0x1FFC,0x3248,0x5248,0x7FFE,0x1248,0x7FFE,0x0810,0x1EFE,0x2290,0x5490,0x09FE,0x1810,0x6010,0x0000},  /* U+821E */
  {0x0000,0x0100,0x0FF0,0x1008,0x1208,0x1188,0x1048,0x1008,0x7FFE,0x1108,0x1108,0x1108,0x2108,0x2108,0x4078,0x0000},  /* U+821F */
  {0x0000,0x0820,0x1020,0x2DFE,0x3400,0x2C00,0x2CF8,0x2688,0x5C88,0x3488,0x3488,0x3488,0x548A,0x450A,0x4D06,0x0000},  /* U+822A */
  {0x0000,0x0878,0x1048,0x2E48,0x328A,0x2A8A,0x2B04,0x2E00,0x52FC,0x2A44,0x2A44,0x2A28,0x4A10,0x4268,0x4F86,0x0000},  /* U+822C */
  {0x0000,0x0810,0x1010,0x2DFE,0x3502,0x2D02,0x2C40,0x2644,0x5C58,0x3460,0x3440,0x3440,0x5442,0x4442,0x4C7E,0x0000},  /* U+8235 */
  {0x0000,0x0810,0x1010,0x2E78,0x3284,0x2A84,0x2A84,0x2284,0x7FFC,0x2A84,0x2A84,0x2A84,0x2A84,0x4284,0x4EFC,0x0000},  /* U+8236 */
  {0x0000,0x0810,0x1010,0x2DFE,0x3420,0x2C40,0x2C44,0x2788,0x5C50,0x3430,0x3420,0x3428,0x5444,0x449E,0x4D62,0x0000},  /* U+8237 */
  {0x0000,0x0828,0x1048,0x2E44,0x3244,0x2A84,0x2A82,0x2F02,0x527C,0x2A82,0x2A82,0x2A82,0x4A82,0x4282,0x4EFE,0x0000},  /* U+8239 */
  {0x0000,0x1006,0x13B8,0x2C88,0x2488,0x3508,0x35FE,0x2748,0x5C88,0x3588,0x3588,0x5488,0x54B6,0x4540,0x5E3E,0x0000},  /* U+8247 */
  {0x0000,0x11E8,0x1288,0x6DEE,0x5630,0x5760,0x5680,0x468E,0x7D60,0x5400,0x55FC,0x5554,0x5554,0x4554,0x5FFE,0x0000},  /* U+8266 */
  {0x0000,0x1FF8,0x1008,0x1008,0x1FF8,0x1008,0x1008,0x1FF8,0x110C,0x1090,0x10E0,0x1060,0x1390,0x7C0E,0x0000,0x0000},  /* U+826E */
  {0x0000,0x0100,0x1FF8,0x1008,0x1008,0x1FF8,0x1008,0x1008,0x1FF8,0x1104,0x1098,0x10A0,0x1040,0x13B0,0x7C0E,0x0000},  /* U+826F */
  {0x0000,0x0400,0x0BE0,0x1040,0x3FF8,0x6084,0x2084,0x2084,0x2084,0x3F7C,0x2000,0x2000,0x2002,0x2002,0x1FFC,0x0000},  /* U+8272 */
  {0x0000,0x1420,0x7F38,0x5548,0x7F48,0x55FE,0x2A52,0x7F52,0x0052,0x7F7E,0x4142,0x3E40,0x2442,0x1542,0x7A7E,0x0000},  /* U+8276 */
  {0x0000,0x0420,0x7FFE,0x0420,0x0420,0x3F7C,0x0080,0x0080,0x0080,0x7FFE,0x0080,0x0080,0x0080,0x0080,0x0700,0x0000},  /* U+828B */
  {0x0000,0x0420,0x7FFE,0x0420,0x0520,0x0100,0x3FFC,0x0100,0x0100,0x7FFE,0x0180,0x0240,0x0420,0x0810,0x700E,0x0000},  /* U+8299 */
  {0x0000,0x0420,0x7FFE,0x0420,0x0520,0x0100,0x3FF8,0x0008,0x0010,0x0020,0x00C0,0x1100,0x3600,0x2C00,0x43FE,0x0000},  /* U+829D */
  {0x0000,0x0420,0x7FFE,0x0420,0x05A0,0x0240,0x0420,0x1818,0x6426,0x0420,0x0820,0x0820,0x0820,0x1020,0x6020,0x0000},  /* U+82A5 */
  {0x0000,0x0420,0x7FFE,0x0420,0x00F8,0x3F00,0x2000,0x3FFC,0x2004,0x2004,0x1FFC,0x2004,0x2000,0x4000,0x4000,0x0000},  /* U+82A6 */
  {0x0000,0x0420,0x7FFE,0x0420,0x0420,0x3FFC,0x2104,0x2104,0x2104,0x3FFC,0x2004,0x2000,0x2002,0x2002,0x1FFC,0x0000},  /* U+82AD */
  {0x0000,0x0420,0x0420,0x7FFE,0x0420,0x0200,0x0180,0x0040,0x1448,0x2404,0x2404,0x2402,0x4412,0x4410,0x07E0,0x0000},  /* U+82AF */
  {0x0000,0x0420,0x7FFE,0x0420,0x0420,0x0480,0x0880,0x108C,0x30B0,0x30C0,0x5080,0x1080,0x1082,0x1082,0x10FE,0x0000},  /* U+82B1 */
  {0x0000,0x0420,0x7FFE,0x0420,0x0520,0x0100,0x7FFE,0x0400,0x0400,0x07F8,0x0408,0x0808,0x0808,0x1008,0x60F0,0x0000},  /* U+82B3 */
  {0x0000,0x0420,0x7FFE,0x0420,0x0420,0x1FF8,0x0000,0x0000,0x0000,0x7FFE,0x0420,0x0810,0x0808,0x081C,0x7FE2,0x0000},  /* U+82B8 */
  {0x0000,0x0420,0x7FFE,0x0420,0x043C,0x1FC0,0x1000,0x1000,0x1FFE,0x1040,0x1040,0x2040,0x2040,0x4040,0x4040,0x0000},  /* U+82B9 */
  {0x0000,0x0420,0x7FFE,0x0420,0x0420,0x3FFC,0x0820,0x0820,0x0820,0x7FFE,0x00A0,0x0320,0x0C20,0x3020,0x41E0,0x0000},  /* U+82BD */
  {0x0000,0x0420,0x7FFE,0x0420,0x0424,0x0104,0x2124,0x1224,0x0A24,0x0424,0x0624,0x0924,0x1104,0x2004,0x401C,0x0000},  /* U+82C5 */
  {0x0000,0x0420,0x7FFE,0x0420,0x0C20,0x103C,0x1F42,0x2142,0x3142,0x4A42,0x044E,0x0440,0x0842,0x1042,0x607E,0x0000},  /* U+82D1 */
  {0x0000,0x0420,0x7FFE,0x0420,0x05A0,0x0260,0x0C10,0x37FC,0x4002,0x3DF8,0x0204,0x0204,0x0204,0x023C,0x0200,0x0000},  /* U+82D3 */
  {0x0000,0x0420,0x7FFE,0x0420,0x0620,0x0420,0x0410,0x0BFC,0x7402,0x0000,0x1FF8,0x1008,0x1008,0x1008,0x1FF8,0x0000},  /* U+82D4 */
  {0x0000,0x0420,0x0420,0x7FFE,0x0420,0x0000,0x1FF8,0x2104,0x2104,0x2104,0x3FFC,0x2104,0x2104,0x2104,0x3EFC,0x0000},  /* U+82D7 */
  {0x0000,0x0420,0x7FFE,0x0420,0x0420,0x7FF6,0x0008,0x0008,0x1F88,0x1088,0x1088,0x1088,0x1F08,0x0008,0x0078,0x0000},  /* U+82DB */
  {0x0000,0x0420,0x7FFE,0x0420,0x0520,0x0200,0x7FFE,0x0400,0x0400,0x0FFC,0x1804,0x2804,0x4804,0x0804,0x0FFC,0x0000},  /* U+82E5 */
  {0x0000,0x0420,0x7FFE,0x0420,0x0520,0x0100,0x7FFE,0x0100,0x0100,0x1FF8,0x1008,0x1008,0x1008,0x1FF8,0x1008,0x0000},  /* U+82E6 */
  {0x0000,0x0420,0x7FFE,0x0520,0x0100,0x3FFC,0x2002,0x2002,0x7FFE,0x0100,0x0100,0x0100,0x0100,0x0100,0x0700,0x0000},  /* U+82E7 */
  {0x0000,0x0420,0x7FFE,0x0420,0x0520,0x0100,0x00FE,0x0100,0x0100,0x1FF8,0x1004,0x1004,0x1004,0x1004,0x1FFC,0x0000},  /* U+82EB */
  {0x0000,0x0420,0x7FFE,0x0420,0x0520,0x0100,0x1FFC,0x1104,0x1104,0x1104,0x6FFA,0x0140,0x0240,0x0C30,0x700E,0x0000},  /* U+82F1 */
  {0x0000,0x0420,0x7FFE,0x0420,0x0098,0x0084,0x1FFA,0x2084,0x2088,0x2088,0x2050,0x2060,0x2062,0x4392,0x4C0E,0x0000},  /* U+8302 */
  {0x0000,0x0420,0x7FFE,0x0420,0x1420,0x1000,0x7E7E,0x1142,0x1142,0x1142,0x1142,0x1142,0x2142,0x217E,0x4E42,0x0000},  /* U+8304 */
  {0x0000,0x0420,0x7FFE,0x0420,0x3FE0,0x0018,0x0660,0x0180,0x7FFE,0x0182,0x0284,0x0C88,0x3080,0x4080,0x0780,0x0000},  /* U+8305 */
  {0x0000,0x0420,0x7FFE,0x0420,0x3FF8,0x0808,0x0430,0x0240,0x07E0,0x791E,0x0100,0x1FF8,0x0100,0x0100,0x7FFE,0x0000},  /* U+830E */
  {0x0000,0x0420,0x7FFE,0x0420,0x0420,0x7BDE,0x0240,0x1FF8,0x2244,0x2444,0x247C,0x3804,0x2004,0x3FFC,0x2004,0x0000},  /* U+831C */
  {0x0000,0x0420,0x7FFE,0x0420,0x0520,0x0100,0x79FE,0x0242,0x0444,0x0444,0x0460,0x18A0,0x6090,0x0308,0x0C06,0x0000},  /* U+8328 */
  {0x0000,0x0420,0x7FFE,0x0420,0x05A0,0x0240,0x0430,0x1908,0x6106,0x1FF8,0x0100,0x0930,0x1108,0x2104,0x4102,0x0000},  /* U+8336 */
  {0x0000,0x0420,0x7FFE,0x0420,0x0000,0x7FFE,0x0810,0x0FF0,0x0810,0x0810,0x0FF0,0x0810,0x09EE,0x7610,0x0010,0x0000},  /* U+8338 */
  {0x0000,0x0420,0x7FFE,0x0420,0x1FF8,0x1008,0x1008,0x1FF8,0x1008,0x1FF8,0x0100,0x7FFE,0x0100,0x0100,0x0100,0x0000},  /* U+8349 */
  {0x0000,0x0420,0x7FFE,0x0420,0x0420,0x7F84,0x1224,0x1224,0x1224,0x7FA4,0x1224,0x2224,0x2204,0x2204,0x421C,0x0000},  /* U+834A */
  {0x0000,0x0420,0x7FFE,0x0420,0x0824,0x0BF8,0x1040,0x1040,0x3040,0x57FE,0x1040,0x1040,0x1040,0x1040,0x17FE,0x0000},  /* U+834F */
  {0x0000,0x0420,0x7FFE,0x0420,0x0100,0x7FFE,0x1000,0x1000,0x1FFC,0x0000,0x0910,0x1110,0x1110,0x1112,0x610E,0x0000},  /* U+8352 */
  {0x0000,0x0420,0x7FFE,0x0420,0x0420,0x0820,0x6820,0x1820,0x1BFE,0x0820,0x0820,0x3820,0x4820,0x0820,0x0BDE,0x0000},  /* U+8358 */
  {0x0000,0x0420,0x7FFE,0x0420,0x0000,0x0BFE,0x1004,0x31C4,0x5224,0x9224,0x1224,0x13E4,0x1204,0x1004,0x1038,0x0000},  /* U+8377 */
  {0x0000,0x0420,0x7FFE,0x0420,0x0000,0x2C20,0x1820,0x1122,0x6924,0x0A28,0x1850,0x2850,0x4888,0x0984,0x3A02,0x0000},  /* U+837B */
  {0x0000,0x0420,0x7FFE,0x0520,0x0100,0x7EFE,0x4002,0x1FF8,0x0000,0x7BBE,0x0440,0x0440,0x0840,0x0842,0x703E,0x0000},  /* U+839E */
  {0x0000,0x0420,0x7FFE,0x0420,0x1FF8,0x1004,0x1FFC,0x1004,0x1004,0x0FF8,0x0100,0x7FFE,0x0240,0x0430,0x780E,0x0000},  /* U+83AB */
  {0x0000,0x0420,0x7FFE,0x0420,0x0100,0x3FFC,0x1108,0x0910,0x0520,0x7FFE,0x0340,0x0520,0x0910,0x310C,0x4102,0x0000},  /* U+83B1 */
  {0x0000,0x0420,0x7FFE,0x0520,0x0100,0x7EFE,0x4FF2,0x1008,0x1008,0x0FF0,0x1000,0x0FF8,0x1004,0x1004,0x0FF8,0x0000},  /* U+83C5 */
  {0x0000,0x0420,0x7FFE,0x0420,0x0800,0x1FFC,0x2104,0x2924,0x4944,0x3DF4,0x0304,0x05C4,0x0924,0x1104,0x2138,0x0000},  /* U+83CA */
  {0x0000,0x0420,0x7FFE,0x0420,0x1FF8,0x2004,0x26E4,0x2904,0x3F7C,0x2184,0x2344,0x2524,0x391C,0x2004,0x3FFC,0x0000},  /* U+83CC */
  {0x0000,0x0420,0x7FFE,0x0420,0x1FF8,0x2104,0x1FF8,0x2104,0x2104,0x1FF8,0x7D3E,0x03C0,0x0520,0x1918,0x6106,0x0000},  /* U+83D3 */
  {0x0000,0x0420,0x7FFE,0x0420,0x1FF8,0x1008,0x1FF8,0x1008,0x0FF0,0x1FF8,0x2004,0x2004,0x3FFC,0x2004,0x3FFC,0x0000},  /* U+83D6 */
  {0x0000,0x0420,0x7FFE,0x0420,0x07F8,0x3800,0x2104,0x1108,0x0810,0x0100,0x7FFE,0x0340,0x0D30,0x310C,0x4102,0x0000},  /* U+83DC */
  {0x0000,0x0420,0x7FFE,0x0420,0x07E0,0x0840,0x3FFC,0x5104,0x1104,0x1104,0x1FFC,0x0490,0x0488,0x0882,0x707E,0x0000},  /* U+83DF */
  {0x0000,0x0420,0x7FFE,0x0520,0x0100,0x3EFC,0x0810,0x0420,0x7FFE,0x0000,0x1FF8,0x1008,0x1008,0x1008,0x1FF8,0x0000},  /* U+83E9 */
  {0x0000,0x0420,0x7FFE,0x0420,0x36EC,0x0910,0x0910,0x7FFE,0x0910,0x0910,0x37EC,0x0100,0x7FFE,0x0100,0x0100,0x0000},  /* U+83EF */
  {0x0000,0x0420,0x7FFE,0x0420,0x7A1E,0x05E4,0x0924,0x1124,0x1324,0x7D24,0x1124,0x112C,0x122A,0x127A,0x3586,0x0000},  /* U+83F0 */
  {0x0000,0x0420,0x7FFE,0x0520,0x1FF8,0x0100,0x7FFE,0x0440,0x0842,0x723C,0x05F0,0x1C20,0x2240,0x03C0,0x7C3E,0x0000},  /* U+83F1 */
  {0x0000,0x0420,0x7FFE,0x0820,0x1000,0x1FFE,0x2804,0x4FE4,0x5204,0x1204,0x2FF4,0x1224,0x1224,0x1FE4,0x101C,0x0000},  /* U+8404 */
  {0x0000,0x0420,0x7FFE,0x0420,0x0000,0x3CFC,0x2284,0x2284,0x3CFC,0x2284,0x2284,0x3CFC,0x2104,0x0104,0x061C,0x0000},  /* U+840C */
  {0x0000,0x0420,0x7FFE,0x0428,0x3FD0,0x0100,0x7FFE,0x0520,0x391C,0x4202,0x7FFE,0x0810,0x1E20,0x01F0,0x7E0E,0x0000},  /* U+840E */
  {0x0000,0x0420,0x7FFE,0x0420,0x0600,0x7820,0x08A2,0x08A2,0x76A4,0x1124,0x2C20,0x2A50,0x4848,0x0884,0x0B02,0x0000},  /* U+8429 */
  {0x0000,0x0420,0x7FFE,0x0520,0x3FFC,0x4002,0x5FFA,0x0000,0x0FF0,0x1008,0x0FF0,0x1008,0x0FF0,0x0000,0x7FFE,0x0000},  /* U+8431 */
  {0x0000,0x0420,0x7FFE,0x0420,0x3080,0x097C,0x0288,0x6450,0x1070,0x0188,0x0EFE,0x1104,0x1104,0x2104,0x41FC,0x0000},  /* U+843D */
  {0x0000,0x0420,0x7FFE,0x0520,0x1108,0x7FFE,0x1108,0x11F0,0x1000,0x0FFE,0x0100,0x7FFE,0x0560,0x1918,0x6106,0x0000},  /* U+8449 */
  {0x0000,0x0420,0x7FFE,0x0C20,0x1040,0x23FC,0x4844,0x17FE,0x1044,0x23F8,0x57FC,0x1040,0x17FE,0x1040,0x1040,0x0000},  /* U+844E */
  {0x0000,0x0420,0x7FFE,0x0620,0x0204,0x3FF8,0x0220,0x7FFE,0x0100,0x0FF8,0x7804,0x0FFC,0x0804,0x0804,0x0FF8,0x0000},  /* U+8457 */
  {0x0000,0x7FFE,0x0420,0x0420,0x1BD8,0x1008,0x1FF8,0x1BF8,0x0400,0x0FFC,0x1104,0x7104,0x12C4,0x1FC4,0x103C,0x0000},  /* U+845B */
  {0x0000,0x0420,0x7FFE,0x0820,0x1000,0x1FFE,0x2222,0x5FD2,0x0FC2,0x1222,0x1FE4,0x1224,0x1FE4,0x1224,0x127C,0x0000},  /* U+8461 */
  {0x0000,0x0420,0x7FFE,0x0438,0x3FC0,0x7FFE,0x0100,0x1FF8,0x2104,0x3FFC,0x3FFC,0x0100,0x3FFC,0x0100,0x7FFE,0x0000},  /* U+8463 */
  {0x0000,0x0420,0x7FFE,0x0520,0x1FF8,0x0208,0x7FFE,0x1FF8,0x1008,0x1F78,0x0080,0x1FFC,0x2080,0x7FFE,0x0080,0x0000},  /* U+8466 */
  {0x0000,0x0420,0x7FFE,0x0420,0x7FFE,0x0844,0x3778,0x4A40,0x0442,0x787C,0x0420,0x7FFE,0x0820,0x0820,0x7020,0x0000},  /* U+846C */
  {0x0000,0x0420,0x7FFE,0x0820,0x0FFC,0x1224,0x2E44,0x45C4,0x08A8,0x3138,0x0200,0x1588,0x2444,0x2412,0x47E2,0x0000},  /* U+8471 */
  {0x0000,0x0420,0x7FFE,0x0420,0x3E98,0x2264,0x1424,0x0818,0x17E8,0x6106,0x0100,0x3FFC,0x0240,0x0420,0x781E,0x0000},  /* U+8475 */
  {0x0000,0x0420,0x7FFE,0x0420,0x1BD8,0x1008,0x0FF0,0x6FF6,0x1008,0x1FF8,0x1008,0x1FF8,0x1008,0x7FFE,0x0008,0x0000},  /* U+847A */
  {0x0000,0x0420,0x7FFE,0x0424,0x0FF8,0x4844,0x2A48,0x2948,0x0818,0x0FFE,0x3008,0x4908,0x0888,0x0848,0x0838,0x0000},  /* U+848B */
  {0x0000,0x0420,0x7FFE,0x0520,0x1FF8,0x2104,0x2104,0x1FFC,0x2104,0x3BAC,0x0450,0x0458,0x086C,0x1056,0x607E,0x0000},  /* U+8490 */
  {0x0000,0x0420,0x7FFE,0x0420,0x0020,0x7DFE,0x4420,0x4420,0x7FDE,0x4408,0x47FE,0x4508,0x7C88,0x4048,0x0038,0x0000},  /* U+8494 */
  {0x0000,0x0420,0x7FFE,0x0420,0x3FFC,0x4002,0x0FF0,0x7FFE,0x0280,0x1D4C,0x66D0,0x18A0,0x6390,0x0C8C,0x7382,0x0000},  /* U+8499 */
  {0x0000,0x0420,0x7FFE,0x0420,0x0000,0x3E7C,0x0000,0x0000,0x7FFE,0x0810,0x2A54,0x4A92,0x4992,0x4910,0x1830,0x0000},  /* U+849C */
  {0x0000,0x0420,0x7FFE,0x0428,0x3044,0x0FFE,0x0040,0x63FC,0x1442,0x07FE,0x1442,0x17FE,0x2442,0x2442,0x444E,0x0000},  /* U+84B2 */
  {0x0000,0x0420,0x7FFE,0x0420,0x1FF0,0x0022,0x7CCC,0x0530,0x0910,0x1108,0x2304,0x4FF2,0x1048,0x2244,0x4222,0x0000},  /* U+84B8 */
  {0x0000,0x0420,0x7FFE,0x05A0,0x0240,0x0FF0,0x7FFE,0x1008,0x1FF8,0x1008,0x1FF0,0x17F8,0x2804,0x2804,0x4FF8,0x0000},  /* U+84BC */
  {0x0000,0x0420,0x7FFE,0x0520,0x7DDE,0x0220,0x1C40,0x0590,0x7FFC,0x0002,0x3FFC,0x2104,0x3FFC,0x2104,0x3FFC,0x0000},  /* U+84C4 */
  {0x0000,0x0420,0x7FFE,0x0520,0x3FFC,0x4002,0x4C32,0x1188,0x2244,0x0430,0x1FFC,0x680A,0x0808,0x0808,0x0FF0,0x0000},  /* U+84C9 */
  {0x0000,0x0420,0x7FFE,0x0520,0x3FFC,0x0100,0x7FFE,0x0420,0x0818,0x7FF4,0x0DBA,0x1244,0x1244,0x1244,0x7FFE,0x0000},  /* U+84CB */
  {0x0000,0x0420,0x7FFE,0x0520,0x7FFE,0x0000,0x1FF8,0x1008,0x7FFE,0x1008,0x0FF0,0x048C,0x7870,0x08F0,0x1F0E,0x0000},  /* U+84D1 */
  {0x0000,0x0420,0x7FFE,0x44A0,0x31F8,0x1310,0x64E0,0x119C,0x0642,0x73FC,0x13FC,0x1040,0x17FE,0x2840,0x47FE,0x0000},  /* U+84EC */
  {0x0000,0x0420,0x7FFE,0x4420,0x27FE,0x1040,0x03FC,0x0444,0x73FC,0x1444,0x13FC,0x1040,0x17FE,0x2840,0x47FE,0x0000},  /* U+84EE */
  {0x0000,0x0420,0x7FFE,0x0420,0x0800,0x7FBE,0x1224,0x1228,0x7FA8,0x0024,0x3F24,0x2122,0x2122,0x3F3C,0x2120,0x0000},  /* U+8500 */
  {0x0000,0x0420,0x7FFE,0x0420,0x3BDC,0x2244,0x2244,0x1DB8,0x0098,0x3FFE,0x2088,0x3F50,0x2020,0x20E2,0x471E,0x0000},  /* U+8511 */
  {0x0000,0x0420,0x7FFE,0x1FF8,0x1008,0x1FF8,0x1FF8,0x0000,0x3FFC,0x2444,0x1BB8,0x7FF8,0x0430,0x03C0,0x7E7E,0x0000},  /* U+8513 */
  {0x0000,0x0420,0x7FFE,0x0420,0x1E04,0x2104,0x2104,0x3E7E,0x3F44,0x2024,0x3FA4,0x4414,0x5504,0x5484,0x6C3C,0x0000},  /* U+851A */
  {0x0000,0x0420,0x7FFE,0x0520,0x1FF8,0x1008,0x1FF8,0x1008,0x1FF0,0x1FFE,0x1000,0x0FFE,0x2522,0x2494,0x441C,0x0000},  /* U+8526 */
  {0x0000,0x0420,0x7FFE,0x0420,0x3860,0x4998,0x4EF6,0x51F8,0x5008,0x4BFC,0x4800,0x47FE,0x5898,0x4104,0x47FA,0x0000},  /* U+852D */
  {0x0000,0x0420,0x7FFE,0x0428,0x0024,0x3FFA,0x25E0,0x2A24,0x2FA4,0x2868,0x2850,0x2F90,0x2A30,0x4DCA,0x4086,0x0000},  /* U+8535 */
  {0x0000,0x0420,0x7FFE,0x0420,0x0A20,0x2920,0x493E,0x7F44,0x4944,0x5BA4,0x5B18,0x5B10,0x2B18,0x4924,0x4BC2,0x0000},  /* U+853D */
  {0x0000,0x0420,0x7FFE,0x0438,0x3FC0,0x0910,0x0920,0x77DE,0x0760,0x0910,0x77EE,0x1108,0x1FF8,0x1108,0x1EF8,0x0000},  /* U+8543 */
  {0x0000,0x0420,0x7FFE,0x0820,0x0880,0x17FC,0x3080,0x5FFC,0x1080,0x1FFC,0x1080,0x1FFE,0x1448,0x2244,0x4222,0x0000},  /* U+8549 */
  {0x0000,0x0420,0x7FFE,0x0620,0x0590,0x1488,0x2414,0x27E2,0x1020,0x0810,0x1224,0x52A4,0x51A2,0x5326,0x1C38,0x0000},  /* U+854A */
  {0x0000,0x0420,0x7FFE,0x0438,0x1FC0,0x7BDE,0x0420,0x1BD8,0x6816,0x07E0,0x3FFC,0x27E4,0x2814,0x27E4,0x280C,0x0000},  /* U+854E */
  {0x0000,0x0420,0x7FFE,0x0420,0x1C40,0x227C,0x22C8,0x2328,0x1C10,0x2828,0x2FFE,0x2884,0x2884,0x3E84,0x40FC,0x0000},  /* U+8557 */
  {0x0000,0x0420,0x7FFE,0x0420,0x175E,0x28A0,0x2920,0x3FBE,0x2452,0x34D2,0x3490,0x2F98,0x5498,0x4424,0x58C2,0x0000},  /* U+8568 */
  {0x0000,0x0420,0x7FFE,0x0420,0x33DC,0x0A04,0x03FC,0x63FC,0x1000,0x07FE,0x0368,0x1494,0x2924,0x2224,0x44DC,0x0000},  /* U+8569 */
  {0x0000,0x0420,0x7FFE,0x0C20,0x0800,0x1FFE,0x3248,0x5248,0x7FFE,0x1248,0x1248,0x7FFE,0x1248,0x1244,0x6222,0x0000},  /* U+856A */
  {0x0000,0x0420,0x7FFE,0x6428,0x17FE,0x0840,0x03FC,0x6244,0x13FC,0x0244,0x11B8,0x17FE,0x2210,0x2190,0x4070,0x0000},  /* U+8584 */
  {0x0000,0x0420,0x7FFE,0x0420,0x3FFC,0x2104,0x27F4,0x2FFC,0x27F4,0x2814,0x27F4,0x2364,0x3D34,0x210C,0x3EFC,0x0000},  /* U+8597 */
  {0x0000,0x0420,0x7FFE,0x0420,0x2048,0x3E90,0x28FE,0x4890,0x7FFE,0x0890,0x0890,0x14FE,0x1290,0x2190,0x40EE,0x0000},  /* U+8599 */
  {0x0000,0x0420,0x7FFE,0x0520,0x3FFE,0x2240,0x3FFC,0x2244,0x3DB8,0x2FFE,0x2800,0x2FFE,0x52A2,0x5292,0x625C,0x0000},  /* U+85A6 */
  {0x0000,0x0420,0x7FFE,0x0400,0x3B36,0x48C8,0x4830,0x51FE,0x4A80,0x4AA0,0x477C,0x4520,0x5CFC,0x4420,0x49FE,0x0000},  /* U+85A9 */
  {0x0000,0x0420,0x7FFE,0x0420,0x080E,0x7F70,0x2240,0x1440,0x7F7E,0x0848,0x7F48,0x1C88,0x2A88,0x4988,0x0908,0x0000},  /* U+85AA */
  {0x0000,0x0420,0x7FFE,0x0EF8,0x3100,0x7FFE,0x1FF8,0x1108,0x1FF8,0x1FF8,0x3FFC,0x0100,0x7EFE,0x1248,0x6246,0x0000},  /* U+85AB */
  {0x0000,0x0420,0x7FFE,0x0520,0x27E6,0x1438,0x07E0,0x0C38,0x3424,0x43C2,0x7FFE,0x0340,0x0520,0x1918,0x6106,0x0000},  /* U+85AC */
  {0x0000,0x0420,0x7FFE,0x0420,0x2920,0x2A40,0x7F7E,0x1444,0x2BC4,0x48A8,0x7FA8,0x2210,0x3410,0x0C6C,0x7382,0x0000},  /* U+85AE */
  {0x0000,0x0420,0x7FFE,0x1DB8,0x2244,0x3EFC,0x0104,0x3FE8,0x0130,0x7FDE,0x0620,0x79D8,0x0FF8,0x0808,0x0FF8,0x0000},  /* U+85AF */
  {0x0000,0x0420,0x7FFE,0x0100,0x7EFE,0x0FF0,0x0FF0,0x3FFC,0x27C4,0x2824,0x2FC4,0x7D3E,0x03C0,0x1D38,0x6106,0x0000},  /* U+85C1 */
  {0x0000,0x0420,0x7FFE,0x0420,0x7B20,0x7E7E,0x4140,0x7780,0x487E,0x3F00,0x1DB8,0x2244,0x2244,0x2244,0x7FFE,0x0000},  /* U+85CD */
  {0x0000,0x0420,0x7FFE,0x0420,0x3924,0x24C8,0x2776,0x3850,0x27FE,0x2524,0x5F2A,0x44A8,0x4470,0x47AC,0x5C62,0x0000},  /* U+85E4 */
  {0x0000,0x0420,0x7FFE,0x042C,0x27D0,0x1248,0x0150,0x4EEE,0x3150,0x0248,0x0DF6,0x1444,0x27FC,0x2444,0x43FC,0x0000},  /* U+85E9 */
  {0x0000,0x0420,0x7FFE,0x0420,0x3C42,0x01FC,0x7E48,0x3DDE,0x0030,0x3C78,0x3984,0x4684,0x44FC,0x7C84,0x40FC,0x0000},  /* U+85F7 */
  {0x0000,0x0420,0x7FFE,0x0420,0x31D8,0x0908,0x01F8,0x67BE,0x1462,0x07BE,0x1040,0x1FFE,0x20D0,0x234C,0x4C42,0x0000},  /* U+85FB */
  {0x0000,0x0420,0x7FFE,0x1420,0x180C,0x24F0,0x3F10,0x49FE,0x3F10,0x2938,0x2938,0x1654,0x3692,0x5512,0x5410,0x0000},  /* U+8607 */
  {0x0000,0x0420,0x7FFE,0x1E7C,0x2182,0x3E7C,0x2182,0x3F7E,0x2FF2,0x27E2,0x2FF2,0x2912,0x27E2,0x2762,0x291E,0x0000},  /* U+862D */
  {0x0000,0x0100,0x00FC,0x0100,0x3FFE,0x2102,0x2FFC,0x2102,0x20FC,0x2000,0x2240,0x2240,0x2442,0x4C42,0x703E,0x0000},  /* U+864E */
  {0x0000,0x0100,0x00FC,0x0100,0x3FFE,0x2102,0x2FF4,0x2102,0x20FC,0x27FC,0x2800,0x2800,0x2FFC,0x4800,0x47FC,0x0000},  /* U+8650 */
  {0x0000,0x0100,0x00FC,0x0100,0x3FFE,0x2102,0x2FF4,0x2102,0x20FC,0x2120,0x2924,0x2928,0x2530,0x4120,0x5FFE,0x0000},  /* U+865A */
  {0x0000,0x0100,0x01FC,0x3FFE,0x211C,0x2FE2,0x20FE,0x2778,0x2884,0x2FFC,0x2FFC,0x2080,0x5FFC,0x4104,0x5E1C,0x0000},  /* U+865C */
  {0x0000,0x0100,0x01FC,0x3FFC,0x211C,0x2FE2,0x20FC,0x21F8,0x2A04,0x29F8,0x2800,0x27F8,0x5FFE,0x4218,0x5C06,0x0000},  /* U+865E */
  {0x0000,0x0100,0x0100,0x3FFC,0x2104,0x2104,0x2104,0x2104,0x3FFC,0x2104,0x0110,0x0108,0x0108,0x7FFC,0x0002,0x0000},  /* U+866B */
  {0x0000,0x0800,0x08FE,0x3C10,0x4A10,0x4A10,0x4A10,0x4A10,0x7E10,0x4810,0x0A10,0x0A10,0x0E10,0x71FE,0x0000,0x0000},  /* U+8679 */
  {0x0000,0x0810,0x0810,0x3C10,0x4AFE,0x4A80,0x4A80,0x4A80,0x7E80,0x4880,0x0A80,0x0A80,0x0E80,0x7180,0x007E,0x0000},  /* U+867B */
  {0x0000,0x1020,0x1020,0x3D7A,0x5284,0x5284,0x5284,0x5248,0x7E48,0x5050,0x1430,0x1420,0x1650,0x7A8C,0x0102,0x0000},  /* U+868A */
  {0x0000,0x7FFE,0x0100,0x3FFC,0x0240,0x0C30,0x708E,0x3FFC,0x2084,0x2084,0x1FF8,0x00B0,0x0088,0x7FF6,0x0000,0x0000},  /* U+8695 */
  {0x0000,0x3FF8,0x0908,0x1490,0x1260,0x2180,0x0E70,0x708E,0x1FF8,0x1088,0x1088,0x1FF8,0x00A0,0x00B8,0x7F46,0x0000},  /* U+86A4 */
  {0x0000,0x1020,0x1020,0x3DFE,0x5302,0x5302,0x5280,0x5284,0x7E98,0x50E0,0x1480,0x1480,0x1282,0x7E82,0x007E,0x0000},  /* U+86C7 */
  {0x0000,0x3FFE,0x0884,0x08F0,0x1680,0x21FE,0x4080,0x1FF8,0x2084,0x2084,0x1FF8,0x0090,0x00F8,0x7F06,0x0000,0x0000},  /* U+86CB */
  {0x0000,0x3104,0x1108,0x3FFC,0x4002,0x4102,0x0FF8,0x1104,0x1104,0x1104,0x1FF8,0x0110,0x0108,0x0104,0x7EFA,0x0000},  /* U+86CD */
  {0x0000,0x10FE,0x1100,0x7D00,0x55DE,0x5520,0x5520,0x5520,0x7D3C,0x5122,0x1522,0x1544,0x3A44,0x4244,0x029C,0x0000},  /* U+86CE */
  {0x0000,0x1010,0x1010,0x3CFE,0x5210,0x5210,0x53FE,0x5200,0x7E10,0x5010,0x15FE,0x1410,0x1E10,0x6210,0x01FE,0x0000},  /* U+86D9 */
  {0x0000,0x1020,0x1030,0x3C48,0x5284,0x5302,0x52FA,0x5200,0x7E00,0x51FC,0x1504,0x1504,0x1304,0x7F04,0x01FC,0x0000},  /* U+86E4 */
  {0x0000,0x11BE,0x1040,0x7C48,0x5248,0x5284,0x53FA,0x5220,0x7C20,0x5020,0x15FE,0x1220,0x1E20,0x6220,0x03FE,0x0000},  /* U+86ED */
  {0x0000,0x0080,0x7FFE,0x1250,0x3248,0x4446,0x0942,0x3080,0x1FF8,0x2084,0x2084,0x1FF8,0x0090,0x0098,0x7F66,0x0000},  /* U+86EE */
  {0x0000,0x1058,0x1094,0x1092,0x7F12,0x52FC,0x5282,0x5282,0x52FE,0x7C82,0x14FE,0x1482,0x1282,0x7E82,0x028E,0x0000},  /* U+86F8 */
  {0x0000,0x1074,0x1394,0x3892,0x5490,0x57FE,0x5490,0x5492,0x7C94,0x50EC,0x1B88,0x1488,0x3C9A,0x44AA,0x03C6,0x0000},  /* U+86FE */
  {0x0000,0x1040,0x107C,0x3888,0x5748,0x5430,0x5458,0x57A6,0x55FC,0x7820,0x14FC,0x1420,0x15FE,0x7A20,0x0020,0x0000},  /* U+8702 */
  {0x0000,0x1100,0x111E,0x39F2,0x5692,0x5692,0x5492,0x57F2,0x7C92,0x5092,0x1892,0x1552,0x1D32,0x621E,0x0612,0x0000},  /* U+8718 */
  {0x0000,0x0080,0x7FFE,0x4112,0x54EA,0x1494,0x2712,0x19E0,0x6080,0x1FFC,0x1084,0x1FEC,0x0090,0x0088,0x3FFE,0x0000},  /* U+871C */
  {0x0000,0x1122,0x1124,0x3884,0x55FE,0x5522,0x55FE,0x5522,0x5522,0x79FE,0x1420,0x17FE,0x1220,0x7E20,0x0020,0x0000},  /* U+8749 */
  {0x0000,0x24C4,0x2248,0x2248,0xF9B0,0xAA48,0xAA48,0xABF8,0xFA48,0xA248,0x33F8,0x2A48,0x3A4A,0xC444,0x0C44,0x0000},  /* U+874B */
  {0x0000,0x1810,0x2410,0x3E10,0xC0FE,0x3E92,0x2292,0x3E92,0x22FE,0x3E10,0x2010,0x3E14,0x2012,0x3E3E,0x21C1,0x0000},  /* U+8755 */
  {0x0000,0x23B8,0x2444,0x7444,0xAC44,0xAFFC,0xAC00,0xAC00,0xFBBC,0xA424,0x3428,0x3398,0x3C10,0xCC28,0x04C6,0x0000},  /* U+8766 */
  {0x0000,0x1144,0x1144,0x3BFE,0x5544,0x557C,0x5500,0x55DE,0x5420,0x7820,0x1BFE,0x1470,0x1CA8,0x6726,0x0420,0x0000},  /* U+8776 */
  {0x0000,0x11FC,0x1124,0x39FC,0x5524,0x5524,0x54F8,0x54FC,0x5522,0x7922,0x15FE,0x1522,0x15FE,0x7A22,0x003E,0x0000},  /* U+877F */
  {0x0000,0x7F90,0x0010,0x3F10,0x217E,0x2152,0x1E52,0x7F52,0x5552,0x557E,0x6310,0x5F14,0x4912,0x491E,0x4B62,0x0000},  /* U+878D */
  {0x0000,0x11FC,0x1122,0x39FE,0x5522,0x5522,0x54FC,0x5548,0x7C90,0x5068,0x15DC,0x1622,0x1CAC,0x6322,0x0222,0x0000},  /* U+87BA */
  {0x0000,0x1CFC,0x2422,0x7E44,0x3FD8,0x297E,0x3E90,0x41FE,0x4110,0x1FF8,0x2084,0x2084,0x1FF8,0x008C,0x7FFA,0x0000},  /* U+87F9 */
  {0x0000,0x1088,0x13DE,0x3820,0x55FC,0x5420,0x57AA,0x5474,0x7F92,0x5090,0x1BFE,0x14F4,0x1F88,0x649A,0x01E6,0x0000},  /* U+87FB */
  {0x0000,0x0100,0x0100,0x0200,0x3FFC,0x2244,0x2244,0x2244,0x2244,0x2244,0x2244,0x2244,0x2244,0x7FFE,0x0000,0x0000},  /* U+8840 */
  {0x0000,0x0100,0x1FF8,0x1248,0x1248,0x1248,0x7FFE,0x0840,0x1384,0x6D48,0x0130,0x0520,0x1910,0x210C,0x4102,0x0000},  /* U+8846 */
  {0x0000,0x09FE,0x1000,0x2000,0x4400,0x0800,0x13FE,0x3008,0x5008,0x1008,0x1008,0x1008,0x1008,0x1008,0x1078,0x0000},  /* U+884C */
  {0x0000,0x115E,0x2120,0x4120,0x0FE0,0x1100,0x211E,0x6544,0xA544,0x2524,0x2524,0x2524,0x2904,0x2104,0x211C,0x0000},  /* U+8853 */
  {0x0000,0x111E,0x2100,0x47C0,0x0900,0x1100,0x2FFE,0x6104,0xA104,0x27C4,0x2104,0x2104,0x2164,0x2E84,0x203C,0x0000},  /* U+8857 */
  {0x0000,0x1100,0x27DE,0x4220,0x1FE0,0x1000,0x27FE,0x6424,0xA764,0x2084,0x27E4,0x2484,0x2FE4,0x2084,0x209C,0x0000},  /* U+885B */
  {0x0000,0x1FFE,0x2100,0x4FE0,0x1100,0x17E0,0x253E,0x67E4,0xA524,0x27E4,0x2104,0x27E4,0x2104,0x2FE4,0x201C,0x0000},  /* U+885D */
  {0x0000,0x121E,0x2380,0x4480,0x17E0,0x1D20,0x253E,0x67E4,0xA524,0x27E4,0x2104,0x2FE4,0x2184,0x2244,0x2C3C,0x0000},  /* U+8861 */
  {0x0000,0x0100,0x0100,0x7FFE,0x0180,0x0280,0x0484,0x0848,0x3870,0x4840,0x0820,0x0810,0x0808,0x0FC4,0x3002,0x0000},  /* U+8863 */
  {0x0000,0x0100,0x3FFC,0x0100,0x3FFC,0x0100,0x0100,0x7FFE,0x0284,0x0C48,0x3450,0x4420,0x0450,0x0788,0x3806,0x0000},  /* U+8868 */
  {0x0000,0x0100,0x7FFE,0x0000,0x0FF0,0x1008,0x7FFE,0x1008,0x1C78,0x0380,0x048C,0x3850,0x4820,0x09D8,0x3E06,0x0000},  /* U+8870 */
  {0x0000,0x0100,0x7FFE,0x0100,0x0100,0x1FFC,0x1104,0x1104,0x1FF8,0x0284,0x0C58,0x3820,0x4820,0x09D8,0x1E06,0x0000},  /* U+8877 */
  {0x0000,0x1020,0x1050,0x1088,0x6C84,0x0502,0x0AF8,0x1400,0x19F8,0x3404,0x5204,0x1008,0x1008,0x1008,0x1010,0x0000},  /* U+887F */
  {0x0000,0x0800,0x7F7E,0x0942,0x1142,0x1142,0x267E,0x4100,0x0100,0x7FFE,0x068C,0x3850,0x4820,0x08D0,0x1F0E,0x0000},  /* U+8888 */
  {0x0000,0x0898,0x1084,0x17FE,0x3040,0x5040,0x1022,0x111A,0x0104,0x7FFE,0x068C,0x1850,0x6820,0x0858,0x1F86,0x0000},  /* U+888B */
  {0x0000,0x1020,0x1020,0x1020,0x6DFE,0x0522,0x0922,0x0B22,0x1D22,0x35FE,0x5322,0x1122,0x1122,0x1122,0x11DE,0x0000},  /* U+8896 */
  {0x0000,0x1010,0x1010,0x11FE,0x6D12,0x0512,0x0910,0x15FC,0x3984,0x5544,0x1248,0x1128,0x1210,0x1268,0x1786,0x0000},  /* U+88AB */
  {0x0000,0x2040,0x2080,0x27FC,0xD910,0x1208,0x15F6,0x2800,0x33F8,0x6900,0xA9F0,0x2108,0x2008,0x2010,0x2070,0x0000},  /* U+88B4 */
  {0x0000,0x1020,0x1050,0x1088,0x6C84,0x0502,0x0AF8,0x1400,0x1800,0x35FC,0x5304,0x1104,0x1104,0x1104,0x11FC,0x0000},  /* U+88B7 */
  {0x0000,0x0448,0x3FC4,0x0442,0x0440,0x7FFE,0x0420,0x0424,0x7BA4,0x09A8,0x3630,0x5110,0x10B2,0x1C52,0x218E,0x0000},  /* U+88C1 */
  {0x0000,0x7F82,0x0822,0x1F22,0x7122,0x0A22,0x0C02,0x311E,0x4100,0x7FFE,0x068C,0x1850,0x6820,0x09D8,0x1E06,0x0000},  /* U+88C2 */
  {0x0000,0x0820,0x6820,0x1BFE,0x0820,0x1820,0x6820,0x09DE,0x0100,0x7FFE,0x0284,0x0C58,0x7820,0x0898,0x1F06,0x0000},  /* U+88C5 */
  {0x0000,0x0100,0x7FFE,0x0EF0,0x1108,0x1FF8,0x1108,0x1FF8,0x3FFC,0x0100,0x7FFE,0x0684,0x3858,0x4870,0x1F8E,0x0000},  /* U+88CF */
  {0x0000,0x1048,0x1084,0x1102,0x6E22,0x0450,0x0848,0x1484,0x1902,0x36FC,0x5504,0x1104,0x1104,0x1104,0x11FC,0x0000},  /* U+88D5 */
  {0x0000,0x102C,0x1022,0x13FE,0x6C20,0x04FC,0x0922,0x1522,0x19FE,0x3522,0x5522,0x11FE,0x1122,0x1122,0x1126,0x0000},  /* U+88DC */
  {0x0000,0x3828,0x0124,0x7224,0x022A,0x08D0,0x1060,0x2380,0x4500,0x7FFE,0x068C,0x1850,0x6820,0x09D0,0x1E0E,0x0000},  /* U+88DF */
  {0x0000,0x10DC,0x1122,0x1122,0x6DFE,0x0522,0x0922,0x1522,0x18FC,0x3420,0x53FE,0x1020,0x1020,0x1020,0x13FE,0x0000},  /* U+88E1 */
  {0x0000,0x1108,0x0910,0x76EE,0x47F2,0x480A,0x0808,0x0FF0,0x0100,0x7FFE,0x028C,0x1C50,0x6420,0x04D0,0x1F0E,0x0000},  /* U+88F3 */
  {0x0000,0x11FE,0x1122,0x1122,0x6DFE,0x0522,0x0922,0x15FE,0x1820,0x37FE,0x5430,0x1068,0x10A4,0x1322,0x1020,0x0000},  /* U+88F8 */
  {0x0000,0x2422,0x3F22,0x7FA2,0x0422,0x3F22,0x24A2,0x2682,0x050C,0x7D7A,0x0284,0x0C58,0x7420,0x04D0,0x1F0E,0x0000},  /* U+88FD */
  {0x0000,0x11FE,0x1102,0x1102,0x6DEE,0x0910,0x0910,0x15FE,0x1A10,0x3610,0x52FE,0x1282,0x1282,0x1482,0x14FE,0x0000},  /* U+88FE */
  {0x0000,0x1080,0x10FE,0x1100,0x6FFC,0x0904,0x09FC,0x1504,0x19FC,0x3440,0x50BC,0x1388,0x1450,0x1070,0x138E,0x0000},  /* U+8907 */
  {0x0000,0x11FC,0x1102,0x1102,0x6DFE,0x0902,0x09FC,0x1480,0x18FE,0x3502,0x5372,0x1582,0x110A,0x10F2,0x101C,0x0000},  /* U+8910 */
  {0x0000,0x0100,0x7EFE,0x0BF8,0x1204,0x33F8,0x5040,0x17FE,0x134C,0x1542,0x0284,0x1C58,0x6820,0x09D8,0x1E06,0x0000},  /* U+8912 */
  {0x0000,0x1060,0x11FC,0x7D5A,0x05AA,0x0972,0x09AA,0x1572,0x39AA,0x5522,0x53FE,0x1020,0x1050,0x1088,0x1706,0x0000},  /* U+8956 */
  {0x0000,0x1088,0x13DE,0x1088,0x6DDC,0x0AAA,0x0AA8,0x1400,0x19FC,0x3800,0x57FE,0x10A8,0x1124,0x1222,0x12E2,0x0000},  /* U+895F */
  {0x0000,0x5D7E,0x2240,0x7F3C,0x007C,0x3E7C,0x3E7C,0x3E7E,0x2242,0x053C,0x7FFE,0x0288,0x3C70,0x4450,0x1F8E,0x0000},  /* U+8972 */
  {0x0000,0x7FFE,0x0240,0x0240,0x3FFC,0x2242,0x2442,0x244A,0x244A,0x3832,0x2002,0x2002,0x3FFC,0x2002,0x0000,0x0000},  /* U+897F */
  {0x0000,0x7FFE,0x0240,0x3FFC,0x2244,0x2244,0x3FFC,0x0200,0x77EE,0x0810,0x0820,0x1E40,0x03F0,0x7C0E,0x0000,0x0000},  /* U+8981 */
  {0x0000,0x7FFE,0x0240,0x3FFC,0x2244,0x1DB8,0x11FE,0x2BF8,0x5E04,0x23FC,0x53F8,0x11F0,0x1708,0x10F0,0x179E,0x0000},  /* U+8986 */
  {0x0000,0x7FFE,0x3FFC,0x2244,0x3FFC,0x223C,0x7F42,0x3642,0x087E,0x7F42,0x7F7C,0x0842,0x7F82,0x091E,0x0000,0x0000},  /* U+8987 */
  {0x0000,0x1FF8,0x1008,0x1008,0x1FF8,0x1008,0x1008,0x1FF8,0x1008,0x1BB8,0x0440,0x0440,0x0842,0x1842,0x607E,0x0000},  /* U+898B */
  {0x0000,0x10FC,0x1102,0x7F02,0x10FC,0x1102,0x1102,0x7FFE,0x1102,0x11B6,0x1848,0x1448,0x228A,0x208A,0x430E,0x0000},  /* U+898F */
  {0x0000,0x10F8,0x1104,0x7904,0x04FC,0x0504,0x0904,0x18FC,0x3504,0x5304,0x90F8,0x1050,0x1090,0x1092,0x131E,0x0000},  /* U+8996 */
  {0x0000,0x7CFC,0x0282,0x0282,0x7EFC,0x0282,0x7A82,0x4AFE,0x4A82,0x4AD6,0x7A28,0x4248,0x024A,0x024A,0x0F8E,0x0000},  /* U+8997 */
  {0x0000,0x1108,0x0888,0x3FFE,0x4002,0x4FFA,0x1008,0x0FF8,0x1008,0x0FF8,0x1008,0x0FF8,0x0242,0x0442,0x787E,0x0000},  /* U+899A */
  {0x0000,0x3F20,0x487E,0x7740,0x3E80,0x487E,0x3F00,0x1FF8,0x1008,0x1FF8,0x1FF8,0x1008,0x0FF0,0x0442,0x787E,0x0000},  /* U+89A7 */
  {0x0000,0x087E,0x5D82,0x2282,0x227E,0x1482,0x7F82,0x08FE,0x0882,0x7F82,0x1C7C,0x2A48,0x294A,0x484A,0x098E,0x0000},  /* U+89AA */
  {0x0000,0x20FC,0x3F82,0x5082,0x10FC,0x7F82,0x2482,0x3FFE,0x6482,0x3FD6,0x2428,0x3F48,0x244A,0x3F8A,0x210E,0x0000},  /* U+89B3 */
  {0x0000,0x07C0,0x0820,0x0840,0x1FFC,0x7084,0x1084,0x1FFC,0x1084,0x1084,0x1084,0x1FFC,0x2004,0x2004,0x403C,0x0000},  /* U+89D2 */
  {0x0000,0x10DC,0x1C22,0x2422,0x3E42,0x49CE,0x2910,0x3F50,0x297E,0x2990,0x3E90,0x21FE,0x4110,0x4110,0x4F10,0x0000},  /* U+89E3 */
  {0x0000,0x1010,0x1C10,0x2410,0x3CFE,0x4A92,0x2A92,0x3E92,0x2A92,0x2AFE,0x3E10,0x2214,0x4212,0x423E,0x4FC2,0x0000},  /* U+89E6 */
  {0x0000,0x0FF0,0x0000,0x7FFE,0x0000,0x1FF8,0x0000,0x1FF8,0x0000,0x1FF8,0x1008,0x1008,0x1008,0x1FF8,0x0000,0x0000},  /* U+8A00 */
  {0x0000,0x3C00,0x01FE,0x7E10,0x0010,0x7C10,0x0010,0x7C10,0x0010,0x3C10,0x4210,0x4210,0x4210,0x7E10,0x4070,0x0000},  /* U+8A02 */
  {0x0000,0x3C10,0x0010,0x7E10,0x0010,0x7C10,0x01FE,0x7C10,0x0010,0x3C10,0x4210,0x4210,0x4210,0x7E10,0x4010,0x0000},  /* U+8A08 */
  {0x0000,0x7B70,0x0088,0xFC88,0x0088,0xF888,0x0088,0xFBE8,0x0088,0x7088,0x8888,0x8908,0x890A,0xFA0A,0x8404,0x0000},  /* U+8A0A */
  {0x0000,0x3C08,0x0008,0x7E08,0x01FE,0x7C08,0x0008,0x7C88,0x0048,0x3C48,0x4228,0x4208,0x4208,0x7E08,0x4038,0x0000},  /* U+8A0E */
  {0x0000,0x3C82,0x0092,0x7E92,0x0092,0x7C92,0x0092,0x7C92,0x0092,0x3912,0x4512,0x4512,0x4512,0x7D02,0x4202,0x0000},  /* U+8A13 */
  {0x0000,0x3C1C,0x01E0,0x7E20,0x0020,0x7C20,0x0020,0x7CFE,0x0120,0x3C20,0x4220,0x4220,0x4222,0x7E22,0x403E,0x0000},  /* U+8A17 */
  {0x0000,0x3CFC,0x0002,0x7E02,0x0002,0x7C02,0x0002,0x7CFE,0x0080,0x3C80,0x4280,0x4280,0x4282,0x7E82,0x40FE,0x0000},  /* U+8A18 */
  {0x0000,0x3C48,0x0088,0x7E84,0x0084,0x7D04,0x0102,0x7E22,0x0040,0x3840,0x4448,0x4444,0x4484,0x7DFE,0x4002,0x0000},  /* U+8A1F */
  {0x0000,0x3C20,0x0020,0x7FF8,0x0024,0x7C24,0x0024,0x7C24,0x01FE,0x3820,0x4430,0x4450,0x4448,0x7C84,0x4302,0x0000},  /* U+8A23 */
  {0x0000,0x3C10,0x0010,0x7C10,0x01EE,0x7C40,0x0040,0x7C7C,0x0042,0x3842,0x4442,0x4484,0x4484,0x7D04,0x423C,0x0000},  /* U+8A2A */
  {0x0000,0x3CF8,0x0088,0x7E88,0x008A,0x7D0A,0x0204,0x7D78,0x0084,0x3884,0x4448,0x4450,0x4420,0x7C58,0x4386,0x0000},  /* U+8A2D */
  {0x0000,0x3C40,0x0080,0x7EFE,0x0110,0x7D10,0x0210,0x7C10,0x01FE,0x3C10,0x4210,0x4210,0x4210,0x7E10,0x4010,0x0000},  /* U+8A31 */
  {0x0000,0x3CFC,0x0102,0x7F02,0x0102,0x7D02,0x0102,0x7DFC,0x0110,0x3910,0x4510,0x4508,0x4508,0x7D04,0x4202,0x0000},  /* U+8A33 */
  {0x0000,0x3C1C,0x00E0,0x7E80,0x0080,0x7C80,0x00FE,0x7C88,0x00E8,0x3C98,0x430C,0x430A,0x4308,0x7E08,0x4208,0x0000},  /* U+8A34 */
  {0x0000,0x3C20,0x0050,0x7E88,0x0104,0x7E32,0x0040,0x7D88,0x0010,0x3822,0x45C4,0x4404,0x4418,0x7C20,0x41C0,0x0000},  /* U+8A3A */
  {0x0000,0x3C20,0x0020,0x7E20,0x01FE,0x3C20,0x0020,0x3C20,0x01FE,0x3820,0x4420,0x4420,0x4420,0x7C20,0x43FE,0x0000},  /* U+8A3B */
  {0x0000,0x3C00,0x01FE,0x7C10,0x0010,0x7C10,0x0090,0x7C9E,0x0090,0x0090,0x7C90,0x4490,0x4490,0x4490,0x7BFE,0x0000},  /* U+8A3C */
  {0x0000,0x3C40,0x0080,0x7EFE,0x00A0,0x7D20,0x0220,0x7C3E,0x0020,0x3C20,0x421E,0x4220,0x4220,0x7E20,0x4020,0x0000},  /* U+8A50 */
  {0x0000,0x3C20,0x0020,0x7DFE,0x0102,0x7D02,0x0080,0x7C84,0x0098,0x3860,0x4480,0x4480,0x4482,0x7C82,0x407E,0x0000},  /* U+8A51 */
  {0x0000,0x3DFE,0x0022,0x7E22,0x0042,0x7C42,0x0082,0x7D1C,0x0000,0x00FE,0x7C82,0x4482,0x4482,0x4482,0x78FE,0x0000},  /* U+8A54 */
  {0x0000,0x3DDE,0x0020,0x7F22,0x00A4,0x7CA4,0x00A4,0x7CA8,0x03FE,0x3820,0x4420,0x4420,0x4420,0x7C20,0x4020,0x0000},  /* U+8A55 */
  {0x0000,0x3DFC,0x0002,0x7C02,0x01FA,0x7C02,0x01F2,0x7D12,0x0112,0x3912,0x45F2,0x4502,0x4502,0x7C02,0x401E,0x0000},  /* U+8A5E */
  {0x0000,0x7C60,0x0018,0x7C00,0x01E0,0x7C20,0x0012,0x7FD4,0x0068,0x38A8,0x44A8,0x4524,0x4522,0x7E22,0x40E0,0x0000},  /* U+8A60 */
  {0x0000,0x3D00,0x011C,0x7EE0,0x0102,0x7D02,0x00FE,0x7C00,0x007C,0x3882,0x4482,0x44FE,0x4482,0x7C82,0x40FE,0x0000},  /* U+8A63 */
  {0x0000,0x3C0C,0x000A,0x7C08,0x01FE,0x7C08,0x0008,0x7DE8,0x0048,0x3848,0x4448,0x4448,0x447A,0x7D86,0x4006,0x0000},  /* U+8A66 */
  {0x0000,0x3C20,0x0020,0x7DFE,0x0020,0x7C20,0x03DE,0x7C08,0x03FE,0x0008,0x7C88,0x4448,0x4448,0x4408,0x7838,0x0000},  /* U+8A69 */
  {0x0000,0x3C20,0x0020,0x7DDE,0x0102,0x7C1C,0x01E0,0x7C20,0x0020,0x38FE,0x4720,0x4420,0x4422,0x7C22,0x403E,0x0000},  /* U+8A6B */
  {0x0000,0x3DE0,0x0050,0x7E50,0x0088,0x3D04,0x03FE,0x3C20,0x0020,0x3820,0x45FC,0x4420,0x4420,0x7C20,0x43FE,0x0000},  /* U+8A6E */
  {0x0000,0x3C10,0x0010,0x7FFE,0x0010,0x7C10,0x01FE,0x7C00,0x0000,0x00FC,0x7C82,0x4482,0x4482,0x4482,0x78FE,0x0000},  /* U+8A70 */
  {0x0000,0x3C1E,0x01E0,0x7E20,0x0020,0x7DFE,0x0020,0x7C20,0x0020,0x00FC,0x7D02,0x4502,0x4502,0x4502,0x79FE,0x0000},  /* U+8A71 */
  {0x0000,0x3C20,0x0020,0x7DFE,0x0040,0x7C44,0x0188,0x7C50,0x0022,0x3844,0x4584,0x4418,0x4428,0x7C44,0x4382,0x0000},  /* U+8A72 */
  {0x0000,0x3C84,0x0044,0x7E48,0x01B6,0x7C20,0x0020,0x7DFE,0x0020,0x3820,0x45FE,0x4420,0x4420,0x7C20,0x4020,0x0000},  /* U+8A73 */
  {0x0000,0x3C20,0x0040,0x7DFE,0x0088,0x7D04,0x02FA,0x7C00,0x01FE,0x3880,0x44F8,0x4484,0x4404,0x7C04,0x4038,0x0000},  /* U+8A87 */
  {0x0000,0x1108,0x0910,0x7BFE,0x0420,0x0FF0,0x1008,0x7FFE,0x0FF0,0x0000,0x0FF0,0x0000,0x1FF8,0x1008,0x0FF8,0x0000},  /* U+8A89 */
  {0x0000,0x3C20,0x0020,0x7DFE,0x0020,0x7C20,0x0020,0x7DDE,0x0060,0x3810,0x4544,0x4542,0x4542,0x7D46,0x427C,0x0000},  /* U+8A8C */
  {0x0000,0x3DFE,0x0022,0x7DA2,0x0062,0x7C52,0x0082,0x7D1C,0x0060,0x3810,0x4544,0x4542,0x4542,0x7E46,0x4078,0x0000},  /* U+8A8D */
  {0x0000,0x08FC,0x7F80,0x0BFE,0x7C88,0x0908,0x3208,0x1DF0,0x7FFE,0x1FF8,0x1FF8,0x0000,0x1FF8,0x1008,0x1FF8,0x0000},  /* U+8A93 */
  {0x0000,0x7806,0x03F8,0x7D08,0x0108,0x7928,0x03AE,0x7AA8,0x00A8,0x32A8,0x4AA8,0x4928,0x4956,0x7AC0,0x443E,0x0000},  /* U+8A95 */
  {0x0000,0x7CDC,0x0120,0x7C20,0x03FE,0x7C68,0x00A4,0x7D22,0x03B0,0x3848,0x448E,0x4492,0x4482,0x7D02,0x421C,0x0000},  /* U+8A98 */
  {0x0000,0x3DFE,0x0020,0x7C40,0x01FC,0x7C44,0x0044,0x7DFE,0x0000,0x007C,0x7C82,0x4482,0x4482,0x4482,0x78FE,0x0000},  /* U+8A9E */
  {0x0000,0x7814,0x0012,0x7C10,0x03FE,0x7A10,0x0212,0x7BF4,0x0234,0x3A2C,0x4628,0x4648,0x46CA,0x7C1A,0x4426,0x0000},  /* U+8AA0 */
  {0x0000,0x7C7C,0x0142,0x7D42,0x0142,0x7D7C,0x0100,0x7DFC,0x0104,0x3804,0x47FE,0x4400,0x4488,0x7D04,0x4202,0x0000},  /* U+8AA4 */
  {0x0000,0x3C84,0x0084,0x7CFC,0x0102,0x7D02,0x0102,0x7D02,0x01FE,0x0050,0x7C50,0x4450,0x4492,0x4492,0x7B0E,0x0000},  /* U+8AAC */
  {0x0000,0x7C20,0x03FE,0x7C20,0x0020,0x7DDE,0x0000,0x7FFE,0x0202,0x3A4A,0x4448,0x4448,0x448A,0x7C8A,0x430E,0x0000},  /* U+8AAD */
  {0x0000,0x3C48,0x0090,0x7E90,0x017E,0x7D10,0x0310,0x7CFE,0x0110,0x3910,0x44FE,0x4510,0x4510,0x7DFE,0x4100,0x0000},  /* U+8AB0 */
  {0x0000,0x3DFC,0x0122,0x7D22,0x01FC,0x7D22,0x0122,0x7CFC,0x0020,0x3BFE,0x4470,0x4468,0x44A4,0x7F22,0x4020,0x0000},  /* U+8AB2 */
  {0x0000,0x7C50,0x0050,0x7FDE,0x0050,0x7C50,0x0050,0x7FDE,0x0050,0x3850,0x478E,0x4490,0x4490,0x7D10,0x4210,0x0000},  /* U+8AB9 */
  {0x0000,0x3C20,0x01FC,0x7E02,0x0202,0x7CFC,0x0084,0x7C84,0x00FC,0x3884,0x4484,0x44FC,0x4484,0x7C84,0x43FE,0x0000},  /* U+8ABC */
  {0x0000,0x79FE,0x0122,0x7D22,0x01FA,0x7922,0x01FA,0x7902,0x0272,0x3A8A,0x468A,0x468A,0x467A,0x7C02,0x440E,0x0000},  /* U+8ABF */
  {0x0000,0x3C10,0x00A2,0x7EA4,0x0138,0x7C48,0x0084,0x7D22,0x0020,0x38A2,0x4524,0x4534,0x4448,0x7C88,0x4306,0x0000},  /* U+8AC7 */
  {0x0000,0x3C20,0x01FE,0x7E20,0x01FE,0x7C20,0x03DE,0x7C78,0x0084,0x38FC,0x4484,0x44FC,0x4484,0x7C84,0x408C,0x0000},  /* U+8ACB */
  {0x0000,0x3C20,0x03FE,0x7C20,0x00FC,0x7D22,0x0122,0x7DFE,0x0122,0x39FC,0x4450,0x4468,0x44A4,0x7D22,0x4220,0x0000},  /* U+8ACC */
  {0x0000,0x79BE,0x0240,0x7E40,0x025E,0x79D2,0x0252,0x7A52,0x01D2,0x324C,0x4A4C,0x4A48,0x4BC8,0x784C,0x4052,0x0000},  /* U+8ACF */
  {0x0000,0x3C20,0x0020,0x7DDE,0x0000,0x7CFC,0x0102,0x7D02,0x01DE,0x3820,0x44A4,0x44A4,0x4522,0x7E22,0x4060,0x0000},  /* U+8AD2 */
  {0x0000,0x7C20,0x0050,0x7C88,0x0104,0x7EFA,0x0000,0x7DFE,0x0152,0x3952,0x4552,0x45FE,0x4552,0x7D52,0x4156,0x0000},  /* U+8AD6 */
  {0x0000,0x7D24,0x0124,0x7FFE,0x0124,0x7D3C,0x0100,0x7CFE,0x0020,0x3820,0x47FE,0x4468,0x44A8,0x7D26,0x4220,0x0000},  /* U+8ADC */
  {0x0000,0x7C20,0x03FE,0x7C88,0x0088,0x7DFC,0x0202,0x7E22,0x01FC,0x3922,0x4522,0x4522,0x4522,0x7D2C,0x4020,0x0000},  /* U+8AE6 */
  {0x0000,0xF040,0x00A0,0xF918,0x07F4,0xF802,0x0000,0xF7A4,0x04A4,0x73A4,0x8CA4,0x8FA4,0x8C84,0xFC84,0x859C,0x0000},  /* U+8AED */
  {0x0000,0x7E20,0x01AE,0x7C52,0x0092,0x7C50,0x0198,0x7E64,0x0082,0x38FC,0x4504,0x4504,0x4504,0x7D04,0x41FC,0x0000},  /* U+8AEE */
  {0x0000,0x3C20,0x01FA,0x7C24,0x0028,0x7C30,0x03EE,0x7C40,0x00FC,0x3B82,0x4482,0x44FC,0x4482,0x7C82,0x40FE,0x0000},  /* U+8AF8 */
  {0x0000,0x3820,0x01FE,0x7CC8,0x0030,0x78CC,0x01FE,0x7A08,0x0230,0x3AC4,0x4618,0x4662,0x4684,0x7E18,0x44E0,0x0000},  /* U+8AFA */
  {0x0000,0x3C88,0x03FE,0x7C88,0x0088,0x7C20,0x03FE,0x7C40,0x0040,0x3880,0x45FE,0x4682,0x4482,0x7C82,0x40FE,0x0000},  /* U+8AFE */
  {0x0000,0x3C84,0x03FE,0x7C84,0x0084,0x7CFC,0x0084,0x7CFC,0x0020,0x3BFE,0x4450,0x4468,0x44A4,0x7D24,0x4222,0x0000},  /* U+8B00 */
  {0x0000,0x7DFC,0x0104,0x7DFC,0x0104,0x7D04,0x01FC,0x7C80,0x00FE,0x3902,0x4772,0x4582,0x450A,0x7CF2,0x401E,0x0000},  /* U+8B01 */
  {0x0000,0x3DFE,0x0122,0x7FFE,0x0122,0x7D22,0x01FE,0x7CF8,0x0104,0x3904,0x45FC,0x4504,0x45FC,0x7D04,0x410C,0x0000},  /* U+8B02 */
  {0x0000,0x3948,0x2948,0x2BFC,0x2890,0x3FFE,0x29FC,0x2E02,0x29FC,0x39F8,0x4800,0x49F8,0x49FC,0x4904,0x59FC,0x0000},  /* U+8B04 */
  {0x0000,0x3A10,0x0152,0x7C54,0x0254,0x7910,0x00FE,0x7810,0x0328,0x3134,0x4954,0x4992,0x4910,0x7A90,0x447E,0x0000},  /* U+8B0E */
  {0x0000,0x7908,0x0088,0x7FFE,0x0050,0x7BFC,0x0054,0x7BFE,0x0054,0x3854,0x47FC,0x4498,0x4554,0x7E52,0x4450,0x0000},  /* U+8B19 */
  {0x0000,0x3888,0x01FE,0x7C88,0x01FE,0x7C88,0x03FE,0x7C20,0x01FE,0x0122,0x7DFE,0x4522,0x47DE,0x4502,0x790E,0x0000},  /* U+8B1B */
  {0x0000,0x7884,0x03C4,0x7A44,0x03C4,0x7A5E,0x0244,0x7BD4,0x0234,0x33CC,0x4CCC,0x48C4,0x4944,0x7E44,0x41CC,0x0000},  /* U+8B1D */
  {0x0000,0x7C3C,0x03C0,0x7D22,0x0124,0x7CA4,0x01DE,0x7C20,0x0020,0x3BFE,0x4420,0x4522,0x4522,0x7D22,0x41DE,0x0000},  /* U+8B21 */
  {0x0000,0x3BDE,0x00CA,0x7F52,0x00C6,0x795A,0x0222,0x7850,0x0088,0x3B26,0x45C8,0x4430,0x45CC,0x7C30,0x43C0,0x0000},  /* U+8B2C */
  {0x0000,0x7C88,0x03FE,0x7C88,0x0000,0x7DFE,0x0122,0x7DFE,0x0020,0x39FE,0x4420,0x45FE,0x4420,0x7C20,0x43FE,0x0000},  /* U+8B39 */
  {0x0000,0x7894,0x01D4,0x7E32,0x0150,0x7950,0x07FE,0x780A,0x03EC,0x322C,0x4BE8,0x4A28,0x4BFA,0x7A2A,0x4046,0x0000},  /* U+8B58 */
  {0x0000,0x7C88,0x0088,0x7F76,0x0152,0x7D54,0x00D4,0x7FFE,0x0000,0x39FC,0x4504,0x45FC,0x4504,0x7D04,0x41FC,0x0000},  /* U+8B5C */
  {0x0000,0x5F20,0x327E,0x3FA4,0x7928,0x2538,0x1AC6,0x0FF0,0x7FFE,0x0000,0x1FF8,0x1FF8,0x1FF8,0x1008,0x1FF8,0x0000},  /* U+8B66 */
  {0x0000,0x7888,0x03FE,0x7C20,0x01FC,0x7820,0x03FE,0x7874,0x0392,0x3890,0x47FE,0x44F4,0x4788,0x7C9A,0x43A6,0x0000},  /* U+8B70 */
  {0x0000,0x7820,0x03FE,0x7CC8,0x0106,0x7A88,0x01FE,0x7888,0x01FE,0x3B9E,0x4460,0x4496,0x4788,0x7C98,0x41E6,0x0000},  /* U+8B72 */
  {0x0000,0x7888,0x03FE,0x7C90,0x01FE,0x7B20,0x05FC,0x79FC,0x0120,0x39FE,0x4778,0x4484,0x4448,0x7C30,0x43CE,0x0000},  /* U+8B77 */
  {0x0000,0x7888,0x03DE,0x7C88,0x03DE,0x7894,0x0162,0x7BFC,0x0104,0x39FC,0x45FC,0x4504,0x45FC,0x7C8C,0x4302,0x0000},  /* U+8B83 */
  {0x0000,0x2850,0x3F7E,0x7FFC,0x2850,0x3E7C,0x3F7E,0x1FF8,0x7FFE,0x0000,0x1FF8,0x1FF8,0x1FF8,0x1008,0x1FF8,0x0000},  /* U+8B90 */
  {0x0000,0x0420,0x0810,0x1008,0x2186,0x4240,0x0420,0x0810,0x1008,0x7FFE,0x1008,0x1008,0x1008,0x1008,0x1FF8,0x0000},  /* U+8C37 */
  {0x0000,0x0000,0x7FFE,0x0000,0x0FF0,0x1008,0x1008,0x1008,0x1008,0x1FF8,0x0810,0x0420,0x0420,0x7FFE,0x0000,0x0000},  /* U+8C46 */
  {0x0000,0x0240,0x3FFC,0x2244,0x3FFC,0x2244,0x1DB8,0x7FFE,0x0000,0x1FF8,0x1008,0x17E8,0x0810,0x0420,0x7FFE,0x0000},  /* U+8C4A */
  {0x0000,0x3800,0x27FE,0x2450,0x2490,0x3952,0x2654,0x24A8,0x2528,0x3A38,0x4454,0x4492,0x4512,0x4610,0x5CE0,0x0000},  /* U+8C5A */
  {0x0000,0x0400,0x0BC0,0x1080,0x6F7C,0x2104,0x2104,0x1FFA,0x0E84,0x7358,0x0CE0,0x71A0,0x0690,0x188C,0x6382,0x0000},  /* U+8C61 */
  {0x0000,0x0100,0x7FFE,0x0FF0,0x1008,0x1FF8,0x0000,0x7FFE,0x587A,0x0784,0x3948,0x06B0,0x39A0,0x0E58,0x7386,0x0000},  /* U+8C6A */
  {0x0000,0x7A80,0x04F8,0x2910,0x13FE,0x0922,0x7F22,0x14FC,0x1492,0x1754,0x10A8,0x1328,0x10D4,0x1312,0x7060,0x0000},  /* U+8C6B */
  {0x0000,0x0C40,0x3040,0x4AFC,0x2482,0x3902,0x6502,0x0402,0x1AFA,0x6202,0x0602,0x1A02,0x2202,0x4204,0x1C3C,0x0000},  /* U+8C79 */
  {0x0000,0x0C20,0x30FC,0x4B02,0x2D02,0x39FE,0x6902,0x0D02,0x15FE,0x6448,0x0A48,0x1248,0x2488,0x448A,0x1F0E,0x0000},  /* U+8C8C */
  {0x0000,0x1FF8,0x1008,0x1008,0x1FF8,0x1008,0x1008,0x1FF8,0x1008,0x1008,0x1FF8,0x0000,0x0430,0x1808,0x6006,0x0000},  /* U+8C9D */
  {0x0000,0x0100,0x00FE,0x0100,0x1FF8,0x1004,0x1004,0x1FFC,0x1004,0x1FF8,0x1004,0x1004,0x0FF8,0x0C30,0x700E,0x0000},  /* U+8C9E */
  {0x0000,0x0400,0x0FC0,0x1040,0x3FF8,0x5004,0x1004,0x1FFC,0x1004,0x1FF8,0x1004,0x1004,0x0FF8,0x0C30,0x700E,0x0000},  /* U+8CA0 */
  {0x0000,0x7E08,0x4208,0x4208,0x7FFE,0x4208,0x4208,0x7E18,0x4228,0x4228,0x7E48,0x0088,0x2508,0x2208,0x4238,0x0000},  /* U+8CA1 */
  {0x0000,0x3FFC,0x0100,0x7FFE,0x0000,0x1FF8,0x1008,0x1FF8,0x1008,0x1FF8,0x1008,0x1FF8,0x0C30,0x700E,0x0000,0x0000},  /* U+8CA2 */
  {0x0000,0x0420,0x1818,0x67F6,0x0210,0x04D0,0x3FF0,0x1008,0x1FF8,0x1008,0x1FF8,0x1008,0x1FF8,0x0420,0x781E,0x0000},  /* U+8CA7 */
  {0x0000,0x0504,0x1978,0x6982,0x0902,0x08FC,0x1FF8,0x1008,0x1FF8,0x1008,0x1FF8,0x1008,0x1FF8,0x0C30,0x700E,0x0000},  /* U+8CA8 */
  {0x0000,0x7CFE,0x4500,0x4500,0x7D00,0x457C,0x4582,0x7D44,0x4544,0x4544,0x7D28,0x0130,0x2510,0x4668,0x4386,0x0000},  /* U+8CA9 */
  {0x0000,0x0FF8,0x1088,0x7FFE,0x1108,0x0EF0,0x1FF8,0x1008,0x1FF8,0x1008,0x1FF8,0x1008,0x1FF8,0x0C30,0x700E,0x0000},  /* U+8CAB */
  {0x0000,0x0100,0x3FFC,0x1FF8,0x0100,0x7FFE,0x0000,0x1FF8,0x1FF8,0x1008,0x1FF8,0x1008,0x1FF8,0x0430,0x780E,0x0000},  /* U+8CAC */
  {0x0000,0x7C10,0x42FC,0x4302,0x7D02,0x4200,0x43FE,0x7E10,0x4210,0x4210,0x7E10,0x0010,0x2410,0x4210,0x40F0,0x0000},  /* U+8CAF */
  {0x0000,0x1108,0x7FFE,0x1108,0x10F0,0x1FFC,0x0000,0x1FF8,0x1FF8,0x1008,0x1FF8,0x1008,0x1FF8,0x0430,0x780E,0x0000},  /* U+8CB0 */
  {0x0000,0x0FF0,0x1108,0x1108,0x0FF0,0x7FFE,0x0000,0x1FF8,0x1FF8,0x1008,0x1FF8,0x1008,0x1FF8,0x0430,0x780E,0x0000},  /* U+8CB4 */
  {0x0000,0x3FFC,0x2244,0x3FFC,0x0000,0x1FF8,0x1008,0x1FF8,0x1008,0x1FF8,0x1008,0x1FF8,0x0C30,0x700E,0x0000,0x0000},  /* U+8CB7 */
  {0x0000,0x04B8,0x189E,0x6F60,0x0832,0x080E,0x1FF8,0x1008,0x1FF8,0x1008,0x1FF8,0x1008,0x1FF8,0x0C30,0x700E,0x0000},  /* U+8CB8 */
  {0x0000,0x0240,0x3FFC,0x1FFC,0x2240,0x3DFE,0x084E,0x77B8,0x1FF8,0x1008,0x1FF8,0x1008,0x1FF8,0x0430,0x780E,0x0000},  /* U+8CBB */
  {0x0000,0x7C20,0x4220,0x4220,0x7C3E,0x4220,0x4220,0x7E20,0x42FC,0x4302,0x7F02,0x0102,0x2502,0x4302,0x41FE,0x0000},  /* U+8CBC */
  {0x0000,0x1EDC,0x2422,0x2224,0x2D44,0x519C,0x1FF8,0x1008,0x1FF8,0x1008,0x1FF8,0x1008,0x1FF8,0x0C30,0x700E,0x0000},  /* U+8CBF */
  {0x0000,0x083C,0x7F42,0x1142,0x1142,0x663C,0x1FF8,0x1008,0x1FF8,0x1008,0x1FF8,0x1008,0x1FF8,0x0C30,0x700E,0x0000},  /* U+8CC0 */
  {0x0000,0x7C40,0x4478,0x4484,0x7D48,0x4728,0x4410,0x7C78,0x4484,0x47FE,0x7C84,0x0084,0x2484,0x4484,0x40FC,0x0000},  /* U+8CC2 */
  {0x0000,0x0BFC,0x1040,0x77FE,0x1040,0x13FC,0x0000,0x1FF8,0x1FF8,0x1008,0x1FF8,0x1008,0x1FF8,0x0430,0x780E,0x0000},  /* U+8CC3 */
  {0x0000,0x7C40,0x4440,0x47FE,0x7C80,0x4480,0x44FE,0x7D82,0x46FC,0x4482,0x7C82,0x00FE,0x2482,0x4482,0x408E,0x0000},  /* U+8CC4 */
  {0x0000,0x3180,0x09FE,0x0264,0x1890,0x630C,0x1FFA,0x1008,0x1FF8,0x1008,0x1FF8,0x1008,0x1FF8,0x0C30,0x700E,0x0000},  /* U+8CC7 */
  {0x0000,0x7C14,0x4412,0x4410,0x7FFE,0x4490,0x4492,0x7C94,0x45F4,0x4498,0x7C88,0x0090,0x24AA,0x444A,0x4086,0x0000},  /* U+8CCA */
  {0x0000,0x7C58,0x4444,0x447E,0x7DC0,0x4426,0x45F8,0x7C20,0x443E,0x45E0,0x7C24,0x0018,0x2412,0x446A,0x4186,0x0000},  /* U+8CCE */
  {0x0000,0x7CFE,0x4500,0x4500,0x7DFC,0x4500,0x4500,0x7DFE,0x4550,0x4556,0x7548,0x0948,0x2648,0x467C,0x4282,0x0000},  /* U+8CD1 */
  {0x0000,0x0100,0x7FFE,0x4AEA,0x0510,0x1968,0x2186,0x7FF8,0x1008,0x1FF8,0x1FF8,0x1008,0x1FF8,0x0C30,0x700E,0x0000},  /* U+8CD3 */
  {0x0000,0x0810,0x3F7E,0x7FDE,0x0830,0x164C,0x6FF2,0x1008,0x1FF8,0x1008,0x1FF8,0x1008,0x1FF8,0x0430,0x780E,0x0000},  /* U+8CDB */
  {0x0000,0x7CFC,0x4502,0x4502,0x7DFE,0x4502,0x44FC,0x7C80,0x44D4,0x452A,0x7E4A,0x0052,0x2492,0x4522,0x405C,0x0000},  /* U+8CDC */
  {0x0000,0x1908,0x3FFC,0x4002,0x4FF2,0x0808,0x0FF0,0x0FF8,0x1004,0x1FF8,0x1004,0x1FFC,0x1BDC,0x0420,0x781E,0x0000},  /* U+8CDE */
  {0x0000,0x7C20,0x45FE,0x4400,0x7C84,0x4488,0x4448,0x7FFE,0x4400,0x44FC,0x7D04,0x0104,0x2504,0x4504,0x41FC,0x0000},  /* U+8CE0 */
  {0x0000,0x3F7C,0x3E44,0x2124,0x3F18,0x3F6C,0x0082,0x1FF8,0x1FF8,0x1008,0x1FF8,0x1008,0x1FF8,0x0430,0x780E,0x0000},  /* U+8CE2 */
  {0x0000,0x7C0C,0x45EA,0x440A,0x7FFE,0x4408,0x4448,0x7D48,0x4548,0x4578,0x7D48,0x0148,0x294A,0x45F6,0x4202,0x0000},  /* U+8CE6 */
  {0x0000,0x3E7C,0x2080,0x3FFE,0x2488,0x4508,0x5FF8,0x1008,0x1FF8,0x1008,0x1FF8,0x1008,0x1FF8,0x0C30,0x700E,0x0000},  /* U+8CEA */
  {0x0000,0x7C40,0x4442,0x45FC,0x7C48,0x4450,0x47BE,0x7C48,0x44FC,0x4784,0x7C84,0x00FC,0x2484,0x4484,0x40FC,0x0000},  /* U+8CED */
  {0x0000,0x7C88,0x47FE,0x4488,0x7DFE,0x4488,0x47FE,0x7C20,0x45FC,0x4524,0x75FC,0x0924,0x27DE,0x4504,0x411C,0x0000},  /* U+8CFC */
  {0x0000,0x7C84,0x4488,0x45FE,0x7D22,0x45FE,0x4522,0x7D22,0x44DC,0x44F8,0x7504,0x09FC,0x2504,0x4504,0x41FC,0x0000},  /* U+8D08 */
  {0x0000,0x3FFE,0x24FC,0x2920,0x37FC,0x24FC,0x24FE,0x27F8,0x2804,0x2FFC,0x47FC,0x4CCC,0x4330,0x5C0E,0x0000,0x0000},  /* U+8D0B */
  {0x0000,0x0100,0x0100,0x1FFC,0x0100,0x0100,0x7FFE,0x0220,0x1228,0x1224,0x2224,0x4422,0x4422,0x0820,0x11E0,0x0000},  /* U+8D64 */
  {0x0000,0x0820,0x0820,0x3F40,0x087E,0x0844,0x77A4,0x14A4,0x5528,0x5518,0x5510,0x5410,0x2428,0x2444,0x4D82,0x0000},  /* U+8D66 */
  {0x0000,0x0810,0x0810,0x3E7C,0x0810,0x0810,0x76EE,0x1428,0x366C,0x56AA,0x55AA,0x654A,0x2448,0x2448,0x5CB8,0x0000},  /* U+8D6B */
  {0x0000,0x0100,0x0100,0x3FFC,0x0100,0x0100,0x7FFE,0x0100,0x0900,0x11FC,0x1100,0x1900,0x2500,0x2300,0x40FE,0x0000},  /* U+8D70 */
  {0x0000,0x0820,0x0820,0x7F20,0x0820,0x0820,0x7FB8,0x0826,0x2820,0x2720,0x2820,0x2820,0x5820,0x4800,0x47FE,0x0000},  /* U+8D74 */
  {0x0000,0x087C,0x7F02,0x0802,0x0802,0x0802,0x7F7C,0x0840,0x2840,0x2F40,0x2842,0x2842,0x587E,0x4800,0x47FE,0x0000},  /* U+8D77 */
  {0x0000,0x08FE,0x0822,0x7E22,0x0822,0x0842,0x7F9C,0x097C,0x2882,0x2F82,0x4882,0x2882,0x58FC,0x4800,0x47FE,0x0000},  /* U+8D85 */
  {0x0000,0x0814,0x0812,0x7E7E,0x0890,0x0890,0x7F92,0x0894,0x2894,0x2EA8,0x28CA,0x291A,0x5826,0x4840,0x47FE,0x0000},  /* U+8D8A */
  {0x0000,0x0BFC,0x0920,0x7F20,0x09FE,0x0932,0x7F32,0x09EA,0x292A,0x2F2C,0x4964,0x2BA4,0x502A,0x4832,0x47FE,0x0000},  /* U+8DA3 */
  {0x0000,0x0840,0x08BE,0x7EAA,0x09AA,0x0872,0x7ECC,0x0940,0x28BE,0x2EAA,0x29AA,0x28FA,0x5042,0x498C,0x47FE,0x0000},  /* U+8DA8 */
  {0x0000,0x1FFC,0x1004,0x1004,0x1004,0x1FF8,0x0080,0x0880,0x08FC,0x1080,0x1880,0x1480,0x2280,0x41FE,0x0000,0x0000},  /* U+8DB3 */
  {0x0000,0x3EFE,0x4280,0x4280,0x4280,0x76FC,0x0882,0x0882,0x4E82,0x4882,0x48FC,0x4880,0x4E80,0x7080,0x00FE,0x0000},  /* U+8DDD */
  {0x0000,0x7C20,0x4420,0x45B6,0x4448,0x6C48,0x114C,0x114C,0x514A,0x5D4A,0x524A,0x5088,0x5E88,0x6108,0x0238,0x0000},  /* U+8DE1 */
  {0x0000,0x3C20,0x4420,0x45DE,0x4448,0x6C84,0x117A,0x1200,0x5FFE,0x5080,0x50FC,0x5084,0x5E04,0x6004,0x0038,0x0000},  /* U+8DE8 */
  {0x0000,0x3C40,0x427C,0x4284,0x42C8,0x7728,0x0810,0x0830,0x4E48,0x49FE,0x4A84,0x4884,0x4E84,0x7084,0x00FC,0x0000},  /* U+8DEF */
  {0x0000,0x3850,0x4650,0x4552,0x4554,0x6CD4,0x1058,0x1050,0x5C48,0x50D4,0x5352,0x5090,0x5C92,0x6112,0x060E,0x0000},  /* U+8DF3 */
  {0x0000,0x3C2C,0x4420,0x45FE,0x4420,0x6C2E,0x11F0,0x1020,0x5E7E,0x51A2,0x5014,0x5018,0x5E12,0x606A,0x0186,0x0000},  /* U+8DF5 */
  {0x0000,0x3DF8,0x4404,0x44D8,0x4420,0x7DFE,0x0922,0x0922,0x4DFE,0x4922,0x4922,0x49FE,0x4D22,0x7122,0x012E,0x0000},  /* U+8E0A */
  {0x0000,0x7C20,0x4422,0x45D4,0x44A8,0x6CA8,0x1124,0x1222,0x5CFC,0x5102,0x5102,0x51FC,0x5F02,0x6102,0x01FE,0x0000},  /* U+8E0F */
  {0x0000,0x7C20,0x47FE,0x4488,0x4488,0x6FFE,0x1202,0x1222,0x51FC,0x5D24,0x5124,0x5124,0x5D24,0x6028,0x0020,0x0000},  /* U+8E44 */
  {0x0000,0x7DFE,0x4420,0x45FC,0x4420,0x6FDE,0x11FC,0x1102,0x51FC,0x5D02,0x51FC,0x5102,0x5FFC,0x608C,0x0702,0x0000},  /* U+8E5F */
  {0x0000,0x788C,0x448A,0x476A,0x4408,0x6FFE,0x1248,0x1248,0x53C8,0x5C88,0x52C8,0x52D8,0x5CAA,0x64AA,0x03CE,0x0000},  /* U+8E74 */
  {0x0000,0x39DE,0x4442,0x45DE,0x4442,0x6DDE,0x1090,0x11DE,0x5120,0x5FFC,0x5120,0x5120,0x55FC,0x7920,0x01FE,0x0000},  /* U+8E8D */
  {0x0000,0x0100,0x0FF0,0x1010,0x1010,0x1FF0,0x1012,0x0FF4,0x1008,0x10D0,0x7F30,0x00D0,0x0310,0x1C10,0x60F0,0x0000},  /* U+8EAB */
  {0x0000,0x087E,0x3E80,0x2284,0x3EC4,0x22A4,0x2298,0x3E88,0x2288,0x7E94,0x06A4,0x0AA2,0x32C0,0x42FE,0x0E80,0x0000},  /* U+8EAF */
  {0x0000,0x0100,0x3FFC,0x0100,0x1FF8,0x2104,0x2104,0x1FF8,0x2104,0x2104,0x1FF8,0x0100,0x7FFE,0x0100,0x0100,0x0000},  /* U+8ECA */
  {0x0000,0x0820,0x7F20,0x0820,0x3EF8,0x4924,0x4924,0x7E24,0x4924,0x7F44,0x0844,0x7F44,0x0886,0x0886,0x0906,0x0000},  /* U+8ECC */
  {0x0000,0x7FFE,0x4102,0x1FF8,0x0100,0x1FFC,0x1104,0x1FF8,0x1104,0x1FF8,0x0100,0x7FFE,0x0100,0x0100,0x0000,0x0000},  /* U+8ECD */
  {0x0000,0x0800,0x7FFE,0x0810,0x3E10,0x4910,0x4910,0x7EFE,0x4910,0x7F10,0x0810,0x7F10,0x0810,0x0810,0x0810,0x0000},  /* U+8ED2 */
  {0x0000,0x0840,0x7F40,0x086C,0x3E92,0x4992,0x4912,0x7F14,0x4910,0x7F10,0x0830,0x7F28,0x0848,0x0884,0x0B02,0x0000},  /* U+8EDF */
  {0x0000,0x0800,0x7F7E,0x0800,0x3E00,0x4900,0x4900,0x7EFE,0x4920,0x7F20,0x0844,0x7F44,0x0842,0x085E,0x09A2,0x0000},  /* U+8EE2 */
  {0x0000,0x0810,0x7F10,0x0810,0x3CFE,0x4A92,0x4A92,0x7E92,0x4A92,0x7EFE,0x0892,0x7F92,0x0892,0x0892,0x08EE,0x0000},  /* U+8EF8 */
  {0x0000,0x087C,0x7F82,0x0844,0x3C28,0x4A30,0x4A28,0x7EC6,0x4B10,0x7E10,0x08FE,0x7F10,0x0810,0x0810,0x09FE,0x0000},  /* U+8EFD */
  {0x0000,0x0810,0x7E10,0x08FE,0x3C44,0x4A44,0x4A82,0x7F46,0x4A44,0x7E28,0x0828,0x7F10,0x0830,0x084C,0x0982,0x0000},  /* U+8F03 */
  {0x0000,0x0448,0x3FC4,0x0442,0x7FFE,0x0420,0x7FA4,0x0424,0x3FA8,0x3FA8,0x24B0,0x3F10,0x0432,0x7FD2,0x048E,0x0000},  /* U+8F09 */
  {0x0000,0x081C,0x7E12,0x09FE,0x3C10,0x4A7C,0x4A92,0x7E92,0x4AFE,0x7E92,0x0892,0x7EFE,0x0892,0x0892,0x0896,0x0000},  /* U+8F14 */
  {0x0000,0x11FE,0x5202,0x5522,0x35FE,0x3820,0x7EFC,0x2922,0x28FC,0x2922,0x28FC,0x2A20,0x2DFE,0x4020,0x4020,0x0000},  /* U+8F1D */
  {0x0000,0x0240,0x7E7E,0x3E7E,0x0A7E,0x7440,0x3940,0x3FFE,0x1FF8,0x1108,0x1FF8,0x1FF8,0x0100,0x7FFE,0x0100,0x0000},  /* U+8F29 */
  {0x0000,0x1030,0x7E48,0x1084,0x3D02,0x52FC,0x5200,0x7FFE,0x534A,0x7F4A,0x11FE,0x7F4A,0x114A,0x114A,0x114E,0x0000},  /* U+8F2A */
  {0x0000,0x087C,0x7F82,0x0882,0x3C7C,0x4A7C,0x4A82,0x7E82,0x4AFE,0x7E82,0x087C,0x7F82,0x0886,0x09FA,0x0802,0x0000},  /* U+8F2F */
  {0x0000,0x2060,0xFC50,0x2088,0x7B06,0xA4F0,0xA400,0xFFD4,0xA654,0xFFD4,0x2254,0xFFD4,0x2254,0x2244,0x22CC,0x0000},  /* U+8F38 */
  {0x0000,0x1D18,0x27E4,0x2104,0x3FFC,0x27E4,0x2524,0x27C4,0x391C,0x27E4,0x2104,0x7FFE,0x0430,0x1808,0x6006,0x0000},  /* U+8F3F */
  {0x0000,0x0810,0x7EFE,0x0912,0x3D12,0x4AFC,0x4AFE,0x7E10,0x4A10,0x7FEE,0x08FC,0x7E82,0x0882,0x0882,0x08FC,0x0000},  /* U+8F44 */
  {0x0000,0x1088,0x7EE8,0x111C,0x3952,0x5572,0x56AA,0x7DEA,0x562C,0x7DCC,0x1224,0x7FE8,0x122C,0x1232,0x12E2,0x0000},  /* U+8F4D */
  {0x0000,0x3FFC,0x0FF0,0x1108,0x1FF8,0x1FF8,0x7FFE,0x0910,0x7EFE,0x7E7C,0x7E7E,0x4A52,0x3C3C,0x7FFE,0x0810,0x0000},  /* U+8F5F */
  {0x0000,0x1108,0x6FF4,0x33D4,0x2B4C,0x6BF6,0x17CA,0x591A,0x57EA,0x5108,0x0FF0,0x1008,0x1008,0x1008,0x1FF8,0x0000},  /* U+8F61 */
  {0x0000,0x0100,0x0100,0x3EFC,0x0810,0x0420,0x0420,0x7FFE,0x0100,0x0100,0x3FFC,0x0100,0x0100,0x0100,0x0100,0x0000},  /* U+8F9B */
  {0x0000,0x0E20,0x717A,0x1084,0x1084,0x7E48,0x1048,0x11B6,0x1020,0x7E20,0x43FE,0x4220,0x4220,0x7E20,0x4020,0x0000},  /* U+8F9E */
  {0x0000,0x3FFE,0x2000,0x2FF8,0x2000,0x2000,0x1FFE,0x2480,0x2444,0x2458,0x2420,0x2420,0x45D8,0x5E06,0x0000,0x0000},  /* U+8FB0 */
  {0x0000,0x3FFC,0x2FF8,0x2000,0x3FFE,0x248C,0x2470,0x47D8,0x5816,0x6FFE,0x1010,0x0810,0x0610,0x00F0,0x0000,0x0000},  /* U+8FB1 */
  {0x0000,0x0240,0x3FFC,0x2244,0x3FFC,0x2244,0x1DB8,0x3FFE,0x2000,0x2FF8,0x36FA,0x2904,0x2898,0x48E0,0x5F1E,0x0000},  /* U+8FB2 */
  {0x0000,0x4000,0x37FC,0x0844,0x0084,0x0084,0x0084,0x7084,0x1084,0x1104,0x1104,0x1204,0x1438,0x2C00,0x43FE,0x0000},  /* U+8FBA */
  {0x0000,0x2040,0x1040,0x0840,0x4040,0x37FE,0x1040,0x0040,0x7040,0x1040,0x1040,0x1040,0x1040,0x2C00,0x43FE,0x0000},  /* U+8FBB */
  {0x0000,0x4380,0x3040,0x0840,0x0020,0x0060,0x0060,0x70A0,0x1090,0x1110,0x1108,0x1204,0x1402,0x2C00,0x43FE,0x0000},  /* U+8FBC */
  {0x0000,0x2040,0x1840,0x0242,0x4242,0x2242,0x1242,0x0242,0x7242,0x1242,0x1242,0x13FC,0x1202,0x2800,0x47FE,0x0000},  /* U+8FBF */
  {0x0000,0x2000,0x13FE,0x0820,0x4020,0x3020,0x17FE,0x0020,0x7020,0x1020,0x1020,0x1020,0x11C0,0x2C00,0x43FE,0x0000},  /* U+8FC2 */
  {0x0000,0x2100,0x1900,0x02FE,0x4400,0x25F8,0x1010,0x0060,0x7080,0x1100,0x1202,0x13FE,0x1000,0x2800,0x47FE,0x0000},  /* U+8FC4 */
  {0x0000,0x47F0,0x3008,0x0888,0x0088,0x0088,0x0088,0x77F8,0x1084,0x1084,0x1086,0x1086,0x1086,0x2C00,0x43FE,0x0000},  /* U+8FC5 */
  {0x0000,0x41C0,0x223E,0x1222,0x0222,0x0222,0x0222,0x7222,0x1222,0x1222,0x13A2,0x1C2C,0x1020,0x2820,0x47FE,0x0000},  /* U+8FCE */
  {0x0000,0x407C,0x3180,0x0900,0x0100,0x01EE,0x0110,0x7210,0x1210,0x1210,0x1210,0x1410,0x1410,0x2C00,0x43FE,0x0000},  /* U+8FD1 */
  {0x0000,0x41FE,0x2200,0x1200,0x0200,0x03FC,0x0284,0x7288,0x1248,0x1250,0x1420,0x14D8,0x1B06,0x2800,0x47FE,0x0000},  /* U+8FD4 */
  {0x0000,0x2200,0x1A1C,0x07A2,0x4262,0x2262,0x1262,0x0262,0x7262,0x12A2,0x14A2,0x14A2,0x199C,0x2800,0x47FE,0x0000},  /* U+8FE6 */
  {0x0000,0x4100,0x3100,0x09FE,0x0220,0x0420,0x0128,0x7124,0x1224,0x1222,0x1422,0x1020,0x10E0,0x2C00,0x43FE,0x0000},  /* U+8FE9 */
  {0x0000,0x4020,0x3040,0x0BFC,0x0204,0x0204,0x0204,0x73FC,0x1204,0x1204,0x1204,0x13FC,0x1000,0x2C00,0x43FE,0x0000},  /* U+8FEB */
  {0x0000,0x4120,0x3120,0x09FC,0x0220,0x0240,0x0040,0x77FE,0x1060,0x1050,0x1090,0x1108,0x1206,0x2C00,0x43FE,0x0000},  /* U+8FED */
  {0x0000,0x4048,0x3046,0x0840,0x07FE,0x0040,0x0148,0x7144,0x1244,0x1242,0x1442,0x1040,0x1040,0x2C00,0x43FE,0x0000},  /* U+8FF0 */
  {0x0000,0x4044,0x3244,0x0A48,0x0148,0x0040,0x07FE,0x70A0,0x10D0,0x1148,0x1244,0x1442,0x1040,0x2C00,0x43FE,0x0000},  /* U+8FF7 */
  {0x0000,0x4040,0x33F8,0x0A04,0x0204,0x0204,0x03F8,0x7200,0x13FC,0x1204,0x1204,0x1204,0x13FC,0x2C00,0x43FE,0x0000},  /* U+8FFD */
  {0x0000,0x41F8,0x3204,0x0A04,0x01FC,0x0204,0x03DC,0x7222,0x1224,0x1218,0x1210,0x12E8,0x1306,0x2C00,0x43FE,0x0000},  /* U+9000 */
  {0x0000,0x4308,0x3108,0x0890,0x036E,0x0040,0x0040,0x77FE,0x1020,0x1050,0x1090,0x1108,0x1206,0x2C00,0x43FE,0x0000},  /* U+9001 */
  {0x0000,0x40A0,0x24A2,0x14A4,0x02A8,0x02A8,0x00A0,0x71B8,0x12A4,0x1D22,0x1120,0x1222,0x141C,0x2800,0x47FE,0x0000},  /* U+9003 */
  {0x0000,0x4308,0x2108,0x17BE,0x0040,0x0244,0x0244,0x7244,0x1244,0x13FC,0x1040,0x1040,0x1080,0x2900,0x47FE,0x0000},  /* U+9006 */
  {0x0000,0x40BC,0x2740,0x17DE,0x0060,0x00D0,0x014C,0x7F62,0x1090,0x109C,0x1082,0x1104,0x161C,0x2800,0x47FE,0x0000},  /* U+900F */
  {0x0000,0x4000,0x27FE,0x10C0,0x0144,0x0668,0x00B0,0x7118,0x1634,0x10D2,0x1112,0x1610,0x10E0,0x2800,0x47FE,0x0000},  /* U+9010 */
  {0x0000,0x40FC,0x2720,0x17FE,0x0420,0x0420,0x07FE,0x7420,0x15FC,0x1524,0x1524,0x1924,0x192C,0x2820,0x47FE,0x0000},  /* U+9013 */
  {0x0000,0x4060,0x2090,0x1108,0x0204,0x0DFA,0x0040,0x77FE,0x1040,0x1148,0x1244,0x1442,0x1040,0x2880,0x47FE,0x0000},  /* U+9014 */
  {0x0000,0x27FE,0x1800,0x0000,0x43FC,0x2204,0x1204,0x03FC,0x7108,0x1108,0x1090,0x1090,0x176E,0x2800,0x47FE,0x0000},  /* U+9017 */
  {0x0000,0x23FC,0x1800,0x07FE,0x4000,0x23FC,0x1000,0x03FC,0x7000,0x13FC,0x1204,0x1204,0x13FC,0x2800,0x47FE,0x0000},  /* U+9019 */
  {0x0000,0x43FE,0x210C,0x10D0,0x01FC,0x0222,0x0222,0x73FE,0x1222,0x13FE,0x1222,0x1222,0x122E,0x2C00,0x43FE,0x0000},  /* U+901A */
  {0x0000,0x421E,0x2260,0x1220,0x07A0,0x0236,0x0228,0x71A8,0x1E48,0x1248,0x1248,0x1248,0x1688,0x2800,0x47FE,0x0000},  /* U+901D */
  {0x0000,0x4040,0x37FE,0x0840,0x0040,0x03FC,0x0244,0x7244,0x13FC,0x10D0,0x1148,0x1244,0x1442,0x2C40,0x43FE,0x0000},  /* U+901F */
  {0x0000,0x4140,0x3140,0x0AFC,0x0440,0x0040,0x07FE,0x7000,0x13FC,0x1204,0x1204,0x1204,0x13FC,0x2C00,0x43FE,0x0000},  /* U+9020 */
  {0x0000,0x2080,0x19F8,0x0310,0x4CE0,0x20B0,0x1F4E,0x03F8,0x7040,0x13FC,0x1040,0x17FE,0x1040,0x2840,0x47FE,0x0000},  /* U+9022 */
  {0x0000,0x4040,0x27FE,0x1040,0x03FC,0x0444,0x07FC,0x7444,0x1444,0x13F8,0x1040,0x1FFE,0x1040,0x2840,0x47FE,0x0000},  /* U+9023 */
  {0x0000,0x4040,0x23FC,0x1044,0x0FFE,0x0044,0x03FC,0x7440,0x1244,0x1168,0x11D0,0x164C,0x1842,0x2880,0x47FE,0x0000},  /* U+902E */
  {0x0000,0x43FC,0x2244,0x1244,0x03FC,0x0244,0x03FC,0x74E4,0x1514,0x1514,0x15F4,0x1504,0x181C,0x2800,0x47FE,0x0000},  /* U+9031 */
  {0x0000,0x4110,0x2120,0x13FE,0x0620,0x0A20,0x0BFC,0x7220,0x1220,0x13FC,0x1220,0x1220,0x11DE,0x2800,0x47FE,0x0000},  /* U+9032 */
  {0x0000,0x4180,0x31F0,0x0A10,0x07FC,0x0A22,0x0222,0x736E,0x1090,0x1090,0x1112,0x1112,0x121E,0x2C00,0x43FE,0x0000},  /* U+9038 */
  {0x0000,0x27FE,0x1000,0x03FC,0x4204,0x23FC,0x1000,0x07FC,0x7442,0x1442,0x17FE,0x1442,0x17FC,0x2800,0x47FE,0x0000},  /* U+903C */
  {0x0000,0x21FC,0x1A20,0x0220,0x43FE,0x2220,0x14FC,0x0504,0x74FC,0x1504,0x14FC,0x1504,0x18FC,0x2800,0x47FE,0x0000},  /* U+9041 */
  {0x0000,0x4208,0x2110,0x17BE,0x0040,0x0184,0x0648,0x70B0,0x1338,0x1454,0x1092,0x1320,0x14E0,0x2800,0x47FE,0x0000},  /* U+9042 */
  {0x0000,0x43FE,0x2202,0x1202,0x03FC,0x0288,0x03FE,0x7420,0x15FC,0x1420,0x17FE,0x1420,0x1820,0x2C00,0x43FE,0x0000},  /* U+9045 */
  {0x0000,0x43FC,0x2244,0x13FC,0x0244,0x0244,0x01F8,0x73FC,0x1442,0x1452,0x15FA,0x140A,0x1402,0x280C,0x47FE,0x0000},  /* U+9047 */
  {0x0000,0x4110,0x213E,0x1EE0,0x0240,0x033E,0x0284,0x6288,0x12BE,0x1488,0x1488,0x1488,0x1BA8,0x2810,0x47FE,0x0000},  /* U+904A */
  {0x0000,0x47FE,0x2442,0x17FC,0x0040,0x01F8,0x0244,0x73FC,0x1244,0x13FC,0x1040,0x17FE,0x1040,0x2840,0x47FE,0x0000},  /* U+904B */
  {0x0000,0x47FE,0x2000,0x13FC,0x0204,0x03FC,0x0200,0x75AC,0x1652,0x1652,0x17FE,0x1A52,0x1A52,0x2804,0x47FE,0x0000},  /* U+904D */
  {0x0000,0x41F8,0x2108,0x1178,0x0148,0x0148,0x03FC,0x7402,0x14F2,0x1492,0x1492,0x14E2,0x140E,0x2800,0x47FE,0x0000},  /* U+904E */
  {0x0000,0x4108,0x3090,0x0FFE,0x0040,0x03FC,0x0204,0x73FC,0x1204,0x1204,0x13FC,0x1204,0x13FC,0x2C00,0x43FE,0x0000},  /* U+9053 */
  {0x0000,0x4040,0x23FC,0x1040,0x07FE,0x0108,0x0110,0x76EE,0x1040,0x13FC,0x1040,0x17FE,0x1040,0x2800,0x47FE,0x0000},  /* U+9054 */
  {0x0000,0x4080,0x23F8,0x1088,0x07FE,0x01F0,0x0208,0x73D8,0x1020,0x17FE,0x1220,0x1FFE,0x1020,0x2820,0x47FE,0x0000},  /* U+9055 */
  {0x0000,0x6F8E,0x10F0,0x0114,0x4264,0x3228,0x0394,0x0EAE,0x6252,0x1234,0x1252,0x1252,0x1692,0x2800,0x47FE,0x0000},  /* U+905C */
  {0x0000,0x4040,0x23FC,0x1040,0x07FE,0x0000,0x03FC,0x7204,0x13BC,0x1046,0x11E8,0x1658,0x1046,0x2800,0x47FE,0x0000},  /* U+9060 */
  {0x0000,0x649E,0x14A2,0x0FE2,0x413E,0x3962,0x0962,0x0962,0x695E,0x16A2,0x1222,0x1222,0x1442,0x288C,0x47FE,0x0000},  /* U+9061 */
  {0x0000,0x4040,0x27FC,0x17FC,0x0040,0x0FFE,0x01F0,0x7208,0x13F8,0x1200,0x13FC,0x1204,0x13FC,0x2800,0x47FE,0x0000},  /* U+9063 */
  {0x0000,0x47FC,0x2084,0x1248,0x0148,0x07FE,0x0040,0x7040,0x17FE,0x1244,0x1244,0x1244,0x13FC,0x2800,0x47FE,0x0000},  /* U+9065 */
  {0x0000,0x4040,0x27FE,0x1108,0x0110,0x06EE,0x05FA,0x7442,0x14E2,0x1512,0x1512,0x15E2,0x141C,0x2800,0x47FE,0x0000},  /* U+9069 */
  {0x0000,0x4090,0x27FE,0x13FC,0x0492,0x03FC,0x0492,0x73FC,0x1000,0x13FC,0x13FC,0x1204,0x13F8,0x2800,0x47FE,0x0000},  /* U+906D */
  {0x0000,0x4020,0x23FE,0x1488,0x0488,0x05FE,0x0488,0x7488,0x1478,0x1400,0x1554,0x1952,0x124A,0x2800,0x47FE,0x0000},  /* U+906E */
  {0x0000,0x4118,0x27FE,0x10A0,0x07FC,0x04BE,0x0702,0x77FC,0x17FE,0x1010,0x17FE,0x1110,0x1090,0x2820,0x47FE,0x0000},  /* U+9075 */
  {0x0000,0x47FE,0x2090,0x17FC,0x0492,0x07FC,0x0080,0x7FFE,0x13E8,0x1416,0x19F0,0x1204,0x1304,0x28F8,0x47FE,0x0000},  /* U+9077 */
  {0x0000,0x47BC,0x2082,0x17BC,0x0462,0x079E,0x0110,0x77FE,0x1110,0x1110,0x1FFE,0x1118,0x1204,0x2C02,0x47FE,0x0000},  /* U+9078 */
  {0x0000,0x41F8,0x2244,0x13FC,0x0040,0x07BE,0x03FC,0x7204,0x13FC,0x13FC,0x1204,0x11F8,0x131C,0x2C02,0x43FE,0x0000},  /* U+907A */
  {0x0000,0x4040,0x27FE,0x1092,0x0514,0x03F8,0x060E,0x7BF8,0x1208,0x13F8,0x1148,0x1244,0x1442,0x2880,0x47FE,0x0000},  /* U+907C */
  {0x0000,0x4308,0x2488,0x14F6,0x04A4,0x0794,0x0476,0x6708,0x1C88,0x1CBE,0x1C88,0x1788,0x1408,0x2800,0x47FE,0x0000},  /* U+907F */
  {0x0000,0x47FC,0x2494,0x17FC,0x0000,0x0FFE,0x01F8,0x7204,0x1204,0x11FA,0x10E4,0x1358,0x1446,0x2840,0x47FE,0x0000},  /* U+9084 */
  {0x0000,0x3FF0,0x2010,0x2010,0x3FF0,0x0000,0x7FF8,0x4208,0x4208,0x4208,0x7DF8,0x4000,0x4004,0x4004,0x3FF8,0x0000},  /* U+9091 */
  {0x0000,0x7F7E,0x0944,0x0944,0x7F48,0x0948,0x1148,0x1144,0x7F42,0x1142,0x1142,0x215C,0x2140,0x4E40,0x0000,0x0000},  /* U+90A3 */
  {0x0000,0x083C,0x0842,0x7FC4,0x0844,0x0848,0x7F50,0x0848,0x0844,0x7FC2,0x0842,0x0842,0x105C,0x2040,0x4040,0x0000},  /* U+90A6 */
  {0x0000,0x7FFE,0x2244,0x2244,0x2248,0x2248,0x5FC8,0x0244,0x0642,0x0A42,0x1242,0x225C,0x4240,0x0E40,0x0000,0x0000},  /* U+90AA */
  {0x0000,0x0BBE,0x3442,0x2444,0x2444,0x2448,0x3BC8,0x2244,0x2242,0x2242,0x22C2,0x3DC2,0x40DC,0x0040,0x7F40,0x0000},  /* U+90B8 */
  {0x0000,0x081C,0x6FA2,0x1024,0x1024,0x1F28,0x20A8,0x60A8,0x9F24,0x20A2,0x3FA2,0x20A2,0x20AC,0x20A0,0x2320,0x0000},  /* U+90C1 */
  {0x0000,0x083C,0x0842,0x77C2,0x1244,0x2148,0x20C8,0x42C8,0x3244,0x0C42,0x0442,0x0A42,0x125E,0x2140,0x4040,0x0000},  /* U+90CA */
  {0x0000,0x0800,0x087E,0x3744,0x2144,0x3F48,0x2148,0x2148,0x3F44,0x2042,0x2442,0x2242,0x265C,0x7940,0x0040,0x0000},  /* U+90CE */
  {0x0000,0x3F3E,0x0922,0x0924,0x7FA4,0x0928,0x1128,0x7E24,0x1022,0x3F22,0x6122,0xE122,0x213C,0x3F20,0x2020,0x0000},  /* U+90E1 */
  {0x0000,0x081C,0x7FA2,0x0022,0x2124,0x1224,0x1228,0x7FA4,0x0022,0x3F22,0x2122,0x2122,0x213E,0x3F20,0x2120,0x0000},  /* U+90E8 */
  {0x0000,0x083C,0x7FC2,0x0042,0x3F44,0x2148,0x2148,0x1E44,0x3C42,0x0342,0x0442,0x7FC2,0x084C,0x0840,0x1840,0x0000},  /* U+90ED */
  {0x0000,0x0B9E,0x7422,0x0422,0x7FA4,0x2524,0x2528,0x7FA4,0x2522,0x2522,0x7FA2,0x0422,0x042C,0x3FA0,0x4020,0x0000},  /* U+90F5 */
  {0x0000,0x13DE,0x1252,0x2252,0x4BD4,0x2A54,0x1254,0x17D4,0x2A12,0x7A92,0x0A92,0x1252,0x12DE,0x2730,0x4010,0x0000},  /* U+90F7 */
  {0x0000,0x089C,0x3EA2,0x0922,0x0A24,0x7BA8,0x0428,0x1824,0x3F24,0xE122,0x3F22,0x2122,0x212E,0x1F20,0x2120,0x0000},  /* U+90FD */
  {0x0000,0x0F1E,0x2122,0x5FA2,0x4A64,0x7FA4,0x53A8,0x20A4,0x3FA2,0x3FA2,0x0422,0x7FA2,0x042C,0x0B20,0x70A0,0x0000},  /* U+912D */
  {0x0000,0x7FFE,0x0240,0x0240,0x3FFC,0x2244,0x244C,0x244C,0x3834,0x2004,0x3FFC,0x2004,0x3FFC,0x2004,0x0000,0x0000},  /* U+9149 */
  {0x0000,0x05E0,0x0810,0x1008,0x2FF4,0x4242,0x1FF8,0x2244,0x2244,0x2454,0x2824,0x3FFC,0x2004,0x2004,0x3FFC,0x0000},  /* U+914B */
  {0x0000,0x7F20,0x1440,0x147E,0x7E42,0x5582,0x5542,0x5522,0x6622,0x4112,0x7F12,0x4102,0x4102,0x7E04,0x413C,0x0000},  /* U+914C */
  {0x0000,0x7F7E,0x1402,0x1402,0x3F02,0x5502,0x553E,0x5542,0x5740,0x6140,0x7F40,0x4140,0x4142,0x3F42,0x417E,0x0000},  /* U+914D */
  {0x0000,0x7F04,0x1404,0x1404,0x7EFE,0x5504,0x5504,0x6544,0x6624,0x4124,0x7F14,0x4104,0x4104,0x7E04,0x413C,0x0000},  /* U+914E */
  {0x0000,0x675E,0x10A0,0x00A0,0x00A0,0x47FE,0x24A2,0x14A2,0x051C,0x1602,0x1402,0x17FE,0x2402,0x4402,0x47FE,0x0000},  /* U+9152 */
  {0x0000,0x7E20,0x14F0,0x1428,0x3C48,0x564A,0x564A,0x5794,0x6610,0x4210,0x7EFE,0x4210,0x4210,0x7E10,0x4210,0x0000},  /* U+9154 */
  {0x0000,0x7E20,0x1840,0x187E,0x7E90,0x5A90,0x5B10,0x6A1E,0x6610,0x4210,0x7E1E,0x4210,0x4210,0x7E10,0x4210,0x0000},  /* U+9162 */
  {0x0000,0x7E20,0x143C,0x1444,0x3CC8,0x5728,0x5610,0x5628,0x6644,0x41FE,0x7E84,0x4284,0x4284,0x7E84,0x42FC,0x0000},  /* U+916A */
  {0x0000,0x7E92,0x2892,0x2892,0x3892,0x6DDA,0x6DBA,0x6DB6,0x6DB6,0x4592,0x7C92,0x4492,0x4492,0x7D12,0x4512,0x0000},  /* U+916C */
  {0x0000,0x7E22,0x18FA,0x1824,0x3C28,0x5BFE,0x5A10,0x6A22,0x66DC,0x4288,0x7F10,0x42FE,0x4210,0x7E10,0x4270,0x0000},  /* U+9175 */
  {0x0000,0x7E50,0x1850,0x187E,0x7E90,0x5A90,0x5A10,0x6AFE,0x6600,0x42FE,0x7E82,0x4282,0x4282,0x7E82,0x42FE,0x0000},  /* U+9177 */
  {0x0000,0x7E20,0x184C,0x1856,0x3DEA,0x5A48,0x5A4A,0x5BA4,0x6620,0x425C,0x7EC4,0x4128,0x4210,0x7E28,0x43C6,0x0000},  /* U+9178 */
  {0x0000,0x7E10,0x14FE,0x1400,0x3CFC,0x5684,0x56FC,0x5600,0x66FC,0x4208,0x7E10,0x42FE,0x4210,0x7E10,0x4270,0x0000},  /* U+9187 */
  {0x0000,0x7EFC,0x1882,0x18FE,0x7E82,0x5A82,0x5AFC,0x6A00,0x6FFE,0x4290,0x7E9E,0x4290,0x4290,0x7F50,0x433E,0x0000},  /* U+918D */
  {0x0000,0x7C8C,0x2892,0x2892,0x3BF2,0x6C9E,0x6C92,0x6C92,0x6D72,0x453E,0x7D32,0x4532,0x45D2,0x7D22,0x4426,0x0000},  /* U+9190 */
  {0x0000,0x7EFC,0x1482,0x14FE,0x3C82,0x5682,0x56FC,0x5650,0x66FE,0x4290,0x7D10,0x42FC,0x4210,0x7E10,0x42FE,0x0000},  /* U+9192 */
  {0x0000,0x7ED4,0x2848,0x294A,0x388C,0x6C84,0x6DB6,0x6E48,0x6C48,0x45FE,0x7C48,0x4448,0x444A,0x7C8A,0x450E,0x0000},  /* U+9197 */
  {0x0000,0x6610,0x186C,0x1892,0x7E92,0x5AFC,0x5A92,0x5A92,0x66FC,0x4254,0x7E5A,0x425E,0x4252,0x7E92,0x031E,0x0000},  /* U+919C */
  {0x0000,0x4FFC,0x2A4C,0x2948,0x0818,0x37FE,0x4888,0x0808,0x7FFE,0x0240,0x3FFC,0x2444,0x3FFC,0x2004,0x3FFC,0x0000},  /* U+91A4 */
  {0x0000,0x5620,0x29FE,0x2848,0x7C86,0x6D48,0x6DFE,0x6C48,0x45FE,0x45DC,0x7C22,0x44D4,0x4748,0x7C54,0x45E2,0x0000},  /* U+91B8 */
  {0x0000,0x007C,0x3F80,0x1108,0x0910,0x0910,0x0520,0x7FFE,0x0180,0x0340,0x0520,0x1910,0x210C,0x4102,0x0100,0x0000},  /* U+91C6 */
  {0x0000,0x01FC,0x3E00,0x0104,0x1108,0x1090,0x0810,0x0100,0x7FFE,0x0340,0x0520,0x0910,0x1108,0x6106,0x0100,0x0000},  /* U+91C7 */
  {0x0000,0x7EFC,0x0882,0x2A82,0x2A82,0x2C82,0x7F82,0x08FC,0x1890,0x2C90,0x2A90,0x4888,0x4908,0x0904,0x0A02,0x0000},  /* U+91C8 */
  {0x0000,0x1FFC,0x2104,0x2104,0x3FFC,0x2104,0x2104,0x2104,0x1FF8,0x0100,0x3FFC,0x0100,0x0100,0x0100,0x7FFE,0x0000},  /* U+91CC */
  {0x0000,0x1EF8,0x2100,0x7FFE,0x0100,0x1FF8,0x2104,0x3FFC,0x2104,0x3FFC,0x0100,0x3FFC,0x0100,0x0100,0x7FFE,0x0000},  /* U+91CD */
  {0x0000,0x7F7E,0x4944,0x7F38,0x4908,0x49EC,0x7F12,0x0812,0x0814,0x7F10,0x0810,0x0890,0x3F10,0x4070,0x0000,0x0000},  /* U+91CE */
  {0x0000,0x1FF8,0x1008,0x1FF8,0x1FF8,0x0000,0x7FFE,0x1FFC,0x2104,0x1FFC,0x2104,0x1FF8,0x3FFC,0x0100,0x7FFE,0x0000},  /* U+91CF */
  {0x0000,0x0180,0x0240,0x0420,0x0810,0x3EFC,0x4102,0x0100,0x0100,0x3FFC,0x1108,0x0910,0x0920,0x0100,0x7FFE,0x0000},  /* U+91D1 */
  {0x0000,0x1C00,0x13FE,0x2310,0x7610,0x0810,0x0810,0x7F10,0x0810,0x4A10,0x2A10,0x2C10,0x0910,0x1E10,0x6070,0x0000},  /* U+91D8 */
  {0x0000,0x0C30,0x1028,0x2646,0x4180,0x0180,0x0E70,0x700E,0x0FF0,0x0100,0x3FFC,0x0910,0x0910,0x0520,0x7FFE,0x0000},  /* U+91DC */
  {0x0000,0x1C10,0x1210,0x2110,0x7610,0x8810,0x08FE,0x7F10,0x0810,0x4A10,0x2A10,0x2A10,0x0910,0x3E10,0x4010,0x0000},  /* U+91DD */
  {0x0000,0x1C40,0x1240,0x237C,0x7682,0x8882,0x0902,0x7E42,0x0822,0x4A22,0x2A12,0x2C02,0x0902,0x3E04,0x403C,0x0000},  /* U+91E3 */
  {0x0000,0x1C00,0x12FE,0x2382,0x7682,0x8882,0x0882,0x7E82,0x0882,0x4A82,0x2A82,0x2C82,0x0882,0x3EFE,0x4082,0x0000},  /* U+91E6 */
  {0x0000,0x1892,0x1492,0x2292,0x7692,0x0892,0x0892,0x7E92,0x0892,0x4A92,0x2A92,0x2D12,0x0912,0x3F02,0x4202,0x0000},  /* U+91E7 */
  {0x0000,0x1820,0x243E,0x23E0,0x6C20,0x9122,0x1122,0x7F22,0x1122,0x5322,0x35FC,0x3522,0x1022,0x3E22,0x401E,0x0000},  /* U+920D */
  {0x0000,0x1840,0x2440,0x22FE,0x7482,0x0902,0x0A42,0x7E42,0x0852,0x4A92,0x2C92,0x2D6A,0x0804,0x3E04,0x401C,0x0000},  /* U+920E */
  {0x0000,0x1830,0x1448,0x2248,0x7484,0x0BFA,0x0800,0x7E00,0x09FE,0x4A22,0x2A22,0x2C22,0x082E,0x3E20,0x4020,0x0000},  /* U+9234 */
  {0x0000,0x1810,0x1410,0x2210,0x77FE,0x0810,0x0810,0x7E10,0x087C,0x4A82,0x2A82,0x2C82,0x0882,0x3E82,0x40FE,0x0000},  /* U+9237 */
  {0x0000,0x18A0,0x24A0,0x22A0,0x6CFE,0x9120,0x1120,0x7E20,0x11FE,0x5230,0x3430,0x3448,0x1048,0x3E84,0x4302,0x0000},  /* U+9244 */
  {0x0000,0x1848,0x1448,0x2244,0x7644,0x0884,0x0882,0x7F02,0x08FC,0x4A82,0x2A82,0x2C82,0x0882,0x3EFE,0x4082,0x0000},  /* U+925B */
  {0x0000,0x1820,0x2420,0x2220,0x6DEE,0x9030,0x1070,0x7E68,0x10A8,0x52A4,0x3524,0x37FA,0x1020,0x3E20,0x4020,0x0000},  /* U+9262 */
  {0x0000,0x1800,0x15FE,0x2210,0x7410,0x8890,0x0890,0x7E9E,0x0890,0x4A90,0x2C90,0x2C90,0x0890,0x3E90,0x43FE,0x0000},  /* U+9266 */
  {0x0000,0x1810,0x2410,0x22FE,0x6D00,0x9110,0x1110,0x7F20,0x1120,0x5320,0x3524,0x3544,0x1142,0x7EFE,0x0202,0x0000},  /* U+9271 */
  {0x0000,0x1820,0x1448,0x2244,0x75FE,0x0802,0x0890,0x7EFE,0x0890,0x4B10,0x2C10,0x2DFE,0x0810,0x3E10,0x4010,0x0000},  /* U+927E */
  {0x0000,0x31F8,0x2904,0x4504,0xEDF8,0x1104,0x1104,0xFDF8,0x1120,0x9524,0x5528,0x5910,0x1110,0x7D68,0x8386,0x0000},  /* U+9280 */
  {0x0000,0x1820,0x2420,0x23DE,0x6C48,0x1044,0x1086,0x7F7A,0x1048,0x5248,0x3448,0x3488,0x108A,0x3F0A,0x420E,0x0000},  /* U+9283 */
  {0x0000,0x18FC,0x2502,0x2302,0x6D7A,0x9102,0x1132,0x7F4A,0x114A,0x534A,0x357A,0x3542,0x1102,0x3F02,0x410E,0x0000},  /* U+9285 */
  {0x0000,0x1850,0x2490,0x22FE,0x6C90,0x1110,0x1110,0x7FB6,0x1048,0x5248,0x3448,0x3488,0x108A,0x3F0A,0x420E,0x0000},  /* U+9291 */
  {0x0000,0x1820,0x247C,0x2244,0x7484,0x0948,0x0830,0x7E10,0x0820,0x4A7E,0x2DC2,0x2C42,0x0842,0x3E42,0x407E,0x0000},  /* U+9298 */
  {0x0000,0x1850,0x2450,0x2352,0x6CD4,0x90D4,0x1048,0x7E50,0x1058,0x52D4,0x3552,0x3450,0x1092,0x3F12,0x420E,0x0000},  /* U+929A */
  {0x0000,0x1828,0x2426,0x223E,0x6DE0,0x9020,0x10FE,0x7E20,0x103E,0x53E4,0x3414,0x3418,0x1012,0x3E6A,0x438E,0x0000},  /* U+92AD */
  {0x0000,0x1840,0x247C,0x22C4,0x6D28,0x9010,0x1068,0x7DA6,0x10FC,0x5420,0x34FC,0x3420,0x11FE,0x3E20,0xC020,0x0000},  /* U+92D2 */
  {0x0000,0x1008,0x2BC8,0x4648,0x6A7E,0x91CA,0x124A,0x7E4A,0x1252,0x57D2,0x5652,0x3A52,0x12E2,0x3F22,0xC04C,0x0000},  /* U+92E4 */
  {0x0000,0x182C,0x2422,0x23FE,0x6C20,0x91FE,0x1122,0x7F22,0x11FE,0x5322,0x3522,0x35FE,0x1122,0x3F22,0x412E,0x0000},  /* U+92EA */
  {0x0000,0x1884,0x1444,0x2248,0x76B6,0x0882,0x0882,0x7E82,0x08FE,0x4A48,0x2A48,0x2C48,0x088A,0x3E8A,0x430E,0x0000},  /* U+92ED */
  {0x0000,0x181C,0x24E0,0x2280,0x6C80,0x90FE,0x1088,0x7E88,0x1088,0x5288,0x35FE,0x3448,0x1084,0x3F02,0x4202,0x0000},  /* U+92F2 */
  {0x0000,0x1820,0x2420,0x23FE,0x6C20,0x91DE,0x1040,0x7DFE,0x1044,0x55FE,0x3484,0x3544,0x1124,0x3E04,0xC41C,0x0000},  /* U+92F3 */
  {0x0000,0x19FE,0x2502,0x2302,0xEDFE,0x1110,0x1110,0x7FFE,0x1110,0x5510,0x35FE,0x3582,0x1282,0x3E82,0x42FE,0x0000},  /* U+92F8 */
  {0x0000,0x18F4,0x250A,0x224A,0x6D52,0x91DA,0x1122,0x7DAA,0x11AA,0x55AA,0x35AA,0x35FA,0x118A,0x3F02,0xC10E,0x0000},  /* U+92FC */
  {0x0000,0x1820,0x25FE,0x2220,0x6DFE,0x1020,0x13DE,0x7ED8,0x1124,0x5324,0x35FC,0x3504,0x1104,0x3F04,0x410C,0x0000},  /* U+9306 */
  {0x0000,0x1848,0x2448,0x22FE,0x7490,0x0990,0x0A90,0x7EFE,0x0890,0x4A90,0x2CFE,0x2C90,0x0890,0x3EFE,0x4080,0x0000},  /* U+9310 */
  {0x0000,0x18DE,0x2520,0x2220,0x6DFE,0x90A4,0x10A4,0x7FFE,0x10A4,0x52A4,0x34A4,0x357A,0x1020,0x3E20,0x43FE,0x0000},  /* U+9318 */
  {0x0000,0x1820,0x24FC,0x2302,0x6D02,0x9000,0x11FE,0x7E20,0x10A0,0x52BC,0x34A0,0x34A0,0x1160,0x3F60,0x421E,0x0000},  /* U+9320 */
  {0x0000,0x1820,0x24FC,0x2302,0x6DFE,0x1102,0x1102,0x7EFC,0x1020,0x53FE,0x3522,0x3522,0x1122,0x3F26,0x4020,0x0000},  /* U+9326 */
  {0x0000,0x1848,0x2448,0x23FE,0x6C48,0x1048,0x10DC,0x7F22,0x1122,0x5322,0x34FE,0x3522,0x1122,0x3F22,0x41DE,0x0000},  /* U+9328 */
  {0x0000,0x18FE,0x2502,0x2302,0x6DFE,0x9102,0x10FE,0x7E40,0x10D4,0x532A,0x364A,0x3452,0x1092,0x3F22,0x404C,0x0000},  /* U+932B */
  {0x0000,0x1820,0x25FE,0x2220,0x6C20,0x91FE,0x1122,0x7FFE,0x1122,0x53FE,0x3430,0x3468,0x10A4,0x3F22,0x4222,0x0000},  /* U+932C */
  {0x0000,0x1848,0x2448,0x23FE,0x7448,0x0848,0x09FE,0x7E00,0x0878,0x4A84,0x2C84,0x2CFC,0x0884,0x3E84,0x40FC,0x0000},  /* U+932F */
  {0x0000,0x18FC,0x2404,0x2204,0x6CFC,0x9004,0x11FE,0x7E20,0x1192,0x5294,0x3468,0x3468,0x10A4,0x3F23,0x4060,0x0000},  /* U+9332 */
  {0x0000,0x1878,0x2484,0x2284,0x6CBC,0x90A4,0x10A4,0x7DFE,0x1102,0x557A,0x354A,0x354A,0x117A,0x3F42,0xC10E,0x0000},  /* U+934B */
  {0x0000,0x1810,0x25FE,0x2244,0x6D44,0x91FE,0x1144,0x7D7C,0x1100,0x55FC,0x3544,0x3648,0x1230,0x3E28,0xC3C6,0x0000},  /* U+934D */
  {0x0000,0x18CC,0x2532,0x2332,0x6DFE,0x9000,0x10FC,0x7C00,0x117E,0x5480,0x34F8,0x3484,0x1004,0x3E04,0xC038,0x0000},  /* U+9354 */
  {0x0000,0x18DC,0x2724,0x2624,0x6E25,0x93E5,0x1222,0x7E40,0x13FE,0x5622,0x5614,0x39D4,0x1208,0x3E14,0xC263,0x0000},  /* U+935B */
  {0x0000,0x1048,0x2B88,0x4488,0x68AA,0x92EA,0x112A,0x7D2C,0x1188,0x5548,0x5698,0x3A94,0x1494,0x3CA2,0xC0C2,0x0000},  /* U+936C */
  {0x0000,0x1B10,0x24FC,0x2512,0x6D7E,0x9112,0x137E,0x7C90,0x1290,0x56FE,0x5510,0x597E,0x1110,0x3ED0,0xC43E,0x0000},  /* U+9375 */
  {0x0000,0x19DE,0x2420,0x23FE,0x6C20,0x91FE,0x1122,0x7FFE,0x1122,0x5322,0x34FC,0x3420,0x11FE,0x3E20,0x43FE,0x0000},  /* U+937E */
  {0x0000,0x1884,0x2448,0x23F6,0x6C50,0x91FE,0x1052,0x7DFE,0x1052,0x55F6,0x3448,0x34D8,0x1154,0x3E52,0xC050,0x0000},  /* U+938C */
  {0x0000,0x1922,0x24A4,0x22A4,0x6CFC,0x9102,0x1102,0x7FFE,0x1102,0x52FC,0x3502,0x35B6,0x1048,0x3E84,0x4302,0x0000},  /* U+9396 */
  {0x0000,0x1830,0x2448,0x2284,0x6D7A,0x92F8,0x1104,0x7EFC,0x1104,0x52FC,0x3500,0x35FE,0x1182,0x3E82,0x46FE,0x0000},  /* U+9397 */
  {0x0000,0x1910,0x24B8,0x2244,0x6E44,0x9144,0x10F8,0x7C40,0x133E,0x54C2,0x54C2,0x34C2,0x10FE,0x3D80,0xC27E,0x0000},  /* U+939A */
  {0x0000,0x1922,0x2522,0x2322,0x6DFE,0x9000,0x11FE,0x7EF8,0x1104,0x5304,0x357C,0x3484,0x1048,0x3E48,0x43FE,0x0000},  /* U+93A7 */
  {0x0000,0x1810,0x25FE,0x2210,0x6CFC,0x9084,0x10FC,0x7E84,0x10FC,0x5284,0x3478,0x35B6,0x1048,0x3E84,0x4302,0x0000},  /* U+93AE */
  {0x0000,0x1820,0x25FE,0x2288,0x6CDC,0x9122,0x1122,0x7DFA,0x1122,0x557A,0x354A,0x354A,0x117A,0x3F02,0xC10E,0x0000},  /* U+93D1 */
  {0x0000,0x1820,0x25FE,0x2248,0x6C48,0x91B6,0x10FC,0x7F02,0x10FC,0x5302,0x34FC,0x3450,0x1050,0x3E92,0x430E,0x0000},  /* U+93E1 */
  {0x0000,0x1820,0x25FE,0x2288,0x6FFE,0x9000,0x11FC,0x7F22,0x11FC,0x5322,0x35FC,0x3420,0x11FE,0x3E20,0x43FE,0x0000},  /* U+9418 */
  {0x0000,0x19D4,0x2448,0x234A,0x6C8C,0x917C,0x1202,0x7CFC,0x1104,0x5504,0x34FC,0x3488,0x1088,0x3E50,0xC3FE,0x0000},  /* U+9419 */
  {0x0000,0x19FE,0x254A,0x234A,0x6DFE,0x9020,0x11FE,0x7C20,0x11DE,0x5448,0x35FE,0x3420,0x11FE,0x3E20,0xC020,0x0000},  /* U+9438 */
  {0x0000,0x19E8,0x2588,0x23EE,0x6D30,0x9170,0x1180,0x7D8E,0x1060,0x54AC,0x5552,0x3552,0x1152,0x3D52,0xC3FE,0x0000},  /* U+9451 */
  {0x0000,0x1A10,0x257E,0x2452,0x6E3C,0x91FE,0x1100,0x7C7C,0x1344,0x5578,0x557C,0x5942,0x117E,0x3D80,0xC67E,0x0000},  /* U+9453 */
  {0x0000,0x0FFC,0x0800,0x0FF8,0x0800,0x0800,0x0FF8,0x0800,0x7FFE,0x0904,0x0888,0x08B0,0x0860,0x0B90,0x3C0E,0x0000},  /* U+9577 */
  {0x0000,0x3E7C,0x2244,0x3E7C,0x2244,0x3E7C,0x2004,0x2004,0x2004,0x2004,0x2004,0x2004,0x2004,0x201C,0x0000,0x0000},  /* U+9580 */
  {0x0000,0x3E7C,0x2244,0x2244,0x3E7C,0x2244,0x3E7C,0x2104,0x2104,0x2184,0x2284,0x2244,0x2C24,0x3014,0x201C,0x0000},  /* U+9583 */
  {0x0000,0x3E7C,0x2244,0x2244,0x3E7C,0x2244,0x3E7C,0x2044,0x2044,0x2FB4,0x2144,0x2244,0x2444,0x3844,0x219C,0x0000},  /* U+9589 */
  {0x0000,0x7CFC,0x4484,0x7CFC,0x4484,0x4484,0x7CFC,0x5B64,0x4484,0x4484,0x5FE4,0x4484,0x4884,0x4884,0x50BC,0x0000},  /* U+958B */
  {0x0000,0x7CFC,0x4484,0x7CFC,0x4484,0x4484,0x787C,0x4004,0x5FE4,0x4204,0x4FC4,0x4204,0x4204,0x5FE4,0x403C,0x0000},  /* U+958F */
  {0x0000,0x3E7C,0x2244,0x2244,0x3E7C,0x2244,0x3E7C,0x2104,0x2F74,0x2184,0x2344,0x2524,0x2914,0x310C,0x211C,0x0000},  /* U+9591 */
  {0x0000,0x3E7C,0x2244,0x2244,0x3E7C,0x2244,0x3E7C,0x2004,0x27E4,0x2424,0x27E4,0x2424,0x2424,0x27E4,0x201C,0x0000},  /* U+9593 */
  {0x0000,0x7CFC,0x4484,0x7CFC,0x4484,0x4484,0x787C,0x4884,0x5DE4,0x4204,0x5EE4,0x4304,0x4484,0x5864,0x401C,0x0000},  /* U+95A2 */
  {0x0000,0x7CFC,0x4484,0x7CFC,0x4484,0x7CFC,0x4404,0x47C4,0x5C84,0x6304,0x4484,0x7FF4,0x4844,0x4844,0x4FDC,0x0000},  /* U+95A3 */
  {0x0000,0x7CFC,0x4484,0x7CFC,0x4484,0x7CFC,0x4204,0x4784,0x4844,0x77B4,0x4784,0x4844,0x4844,0x4FC4,0x485C,0x0000},  /* U+95A4 */
  {0x0000,0x7CFC,0x4484,0x7CFC,0x4484,0x7CFC,0x4004,0x49C4,0x4904,0x57E4,0x7144,0x5084,0x5184,0x5254,0x543C,0x0000},  /* U+95A5 */
  {0x0000,0x7CFC,0x4484,0x7CFC,0x4484,0x4484,0x787C,0x4484,0x4FC4,0x5044,0x5044,0x4F84,0x4504,0x4924,0x70FC,0x0000},  /* U+95B2 */
  {0x0000,0x7CFC,0x4484,0x7CFC,0x4484,0x7CFC,0x4204,0x5FE4,0x4484,0x7FF4,0x4784,0x4844,0x4FC4,0x4844,0x4FDC,0x0000},  /* U+95C7 */
  {0x0000,0x7CFC,0x4484,0x7CFC,0x4484,0x7CFC,0x4004,0x7E24,0x41F4,0x7E24,0x62A4,0x5EA4,0x5464,0x5E24,0x605C,0x0000},  /* U+95D8 */
  {0x0000,0x0100,0x1FF8,0x1008,0x1FF8,0x1000,0x1000,0x1FF8,0x1008,0x1FF8,0x0100,0x7FFE,0x0100,0x0100,0x0100,0x0000},  /* U+961C */
  {0x0000,0x7CFE,0x4900,0x4900,0x4900,0x5100,0x49FC,0x4984,0x4544,0x4544,0x4E28,0x5230,0x4230,0x4448,0x4586,0x0000},  /* U+962A */
  {0x0000,0x7C20,0x4420,0x4B7E,0x4880,0x5080,0x4880,0x44FC,0x4484,0x4484,0x4484,0x5904,0x4104,0x4204,0x443C,0x0000},  /* U+9632 */
  {0x0000,0x79F0,0x4A08,0x5208,0x5208,0x63F8,0x5208,0x4A08,0x4A08,0x4A08,0x5BF8,0x6208,0x4208,0x4208,0x4FFC,0x0000},  /* U+963B */
  {0x0000,0x7C00,0x4BFE,0x4804,0x4804,0x51E4,0x4A24,0x4A24,0x4624,0x4624,0x4DE4,0x5204,0x4004,0x4004,0x403C,0x0000},  /* U+963F */
  {0x0000,0x7C20,0x4820,0x4BFE,0x4A02,0x5202,0x4880,0x488C,0x44B0,0x44C0,0x4C80,0x5080,0x4082,0x4082,0x40FC,0x0000},  /* U+9640 */
  {0x0000,0x7884,0x4904,0x4904,0x51FE,0x5204,0x5504,0x4944,0x4924,0x4924,0x4914,0x5104,0x4104,0x4104,0x411C,0x0000},  /* U+9644 */
  {0x0000,0x7C40,0x48FC,0x4988,0x4A48,0x5030,0x4858,0x4994,0x477E,0x4490,0x4C90,0x5090,0x43FE,0x4010,0x4010,0x0000},  /* U+964D */
  {0x0000,0x7DFC,0x4504,0x4904,0x49FC,0x5104,0x4904,0x45DC,0x4520,0x4526,0x5D18,0x4110,0x4108,0x41F4,0x4602,0x0000},  /* U+9650 */
  {0x0000,0x7A20,0x4A22,0x4BEC,0x5230,0x5220,0x5262,0x4F9E,0x4820,0x4820,0x4BFC,0x5020,0x4020,0x4020,0x47FE,0x0000},  /* U+965B */
  {0x0000,0x7C20,0x49FC,0x4A02,0x4A02,0x51FC,0x4800,0x4800,0x47FE,0x4490,0x4C90,0x5090,0x4112,0x4112,0x460E,0x0000},  /* U+9662 */
  {0x0000,0x7C20,0x4BFE,0x4820,0x49FC,0x5222,0x4A22,0x4BFC,0x4622,0x47FE,0x4C20,0x5020,0x47FE,0x4020,0x4020,0x0000},  /* U+9663 */
  {0x0000,0x7C60,0x4850,0x4888,0x4904,0x57FA,0x4820,0x4820,0x47FE,0x4420,0x4D28,0x5124,0x4222,0x4422,0x40E0,0x0000},  /* U+9664 */
  {0x0000,0x7C80,0x48FC,0x4908,0x4908,0x5210,0x4E7E,0x4A42,0x4642,0x4642,0x4E7E,0x5242,0x4242,0x4242,0x427E,0x0000},  /* U+9665 */
  {0x0000,0x7C20,0x4AFE,0x4900,0x4888,0x5088,0x4888,0x4B76,0x4400,0x45FC,0x4D04,0x5104,0x4104,0x41FC,0x4104,0x0000},  /* U+966A */
  {0x0000,0x7C60,0x4890,0x4908,0x4EFE,0x5000,0x4BF8,0x4808,0x47FC,0x4400,0x4F7E,0x5080,0x4088,0x4104,0x47FA,0x0000},  /* U+9670 */
  {0x0000,0x7C20,0x4BFE,0x4820,0x49F8,0x5224,0x4A24,0x4BFC,0x4624,0x47AC,0x4C50,0x50B0,0x4128,0x4626,0x4020,0x0000},  /* U+9673 */
  {0x0000,0x7820,0x4BFC,0x4820,0x5020,0x57FE,0x5090,0x4912,0x4E4C,0x48FC,0x4908,0x5288,0x4450,0x4070,0x478E,0x0000},  /* U+9675 */
  {0x0000,0x7D00,0x4900,0x4AFE,0x4A82,0x55BA,0x4942,0x4A42,0x47FA,0x464A,0x5A4A,0x424A,0x43BA,0x4002,0x401C,0x0000},  /* U+9676 */
  {0x0000,0x7C20,0x4BFC,0x4820,0x4820,0x53FE,0x4890,0x4892,0x471E,0x4420,0x5820,0x43FC,0x4020,0x4020,0x47FE,0x0000},  /* U+9678 */
  {0x0000,0x7C60,0x4498,0x4904,0x4FDE,0x5020,0x4820,0x4BFE,0x4622,0x4622,0x47FC,0x5860,0x4050,0x4088,0x4706,0x0000},  /* U+967A */
  {0x0000,0x7DFC,0x4904,0x49FC,0x4904,0x5104,0x48F8,0x4B7E,0x4480,0x45AC,0x4E52,0x5492,0x4092,0x4124,0x425C,0x0000},  /* U+967D */
  {0x0000,0x7DFC,0x4A24,0x4A24,0x4BFC,0x5224,0x49FC,0x4820,0x47FE,0x4622,0x5A2A,0x423A,0x43C6,0x4202,0x420E,0x0000},  /* U+9685 */
  {0x0000,0x7C40,0x48FC,0x4988,0x4E50,0x5020,0x48D8,0x4B26,0x4520,0x45FC,0x4E20,0x51FC,0x4020,0x4020,0x47FE,0x0000},  /* U+9686 */
  {0x0000,0x7DFC,0x4A22,0x4A22,0x49FC,0x5222,0x4BFE,0x4800,0x4400,0x47FE,0x4D22,0x511C,0x4110,0x4178,0x4786,0x0000},  /* U+9688 */
  {0x0000,0x7D08,0x4888,0x4B9E,0x4860,0x50A0,0x4B92,0x4C5C,0x44B0,0x4728,0x4C68,0x50A4,0x4322,0x4420,0x40E0,0x0000},  /* U+968A */
  {0x0000,0x7A20,0x4A26,0x4BF8,0x5220,0x5222,0x4BDE,0x4C20,0x48FC,0x4902,0x4902,0x51FC,0x4102,0x4102,0x41FE,0x0000},  /* U+968E */
  {0x0000,0x7C20,0x4AFE,0x4920,0x5040,0x507E,0x50C2,0x4E3C,0x4A42,0x4A7E,0x5A42,0x4242,0x424E,0x4500,0x48FE,0x0000},  /* U+968F */
  {0x0000,0x7BFE,0x4800,0x49FC,0x5104,0x5104,0x50F8,0x49AC,0x4A52,0x4A92,0x4B0E,0x52FA,0x4222,0x4222,0x422E,0x0000},  /* U+9694 */
  {0x0000,0x7C20,0x4928,0x4924,0x4A22,0x53FC,0x4A04,0x49FC,0x4604,0x45FC,0x4C20,0x5128,0x4224,0x4222,0x44E0,0x0000},  /* U+9699 */
  {0x0000,0x7920,0x4BEE,0x4A62,0x5594,0x5A94,0x5108,0x4BFC,0x4C02,0x4BDC,0x4820,0x5128,0x4224,0x4422,0x40C0,0x0000},  /* U+969B */
  {0x0000,0x7C20,0x4BFE,0x4888,0x4FFE,0x5000,0x49FC,0x4A04,0x47FC,0x4604,0x4DF8,0x5020,0x47FE,0x4020,0x4020,0x0000},  /* U+969C */
  {0x0000,0x7DBC,0x4A44,0x4924,0x4928,0x53FC,0x4804,0x49FC,0x4404,0x47FC,0x4C40,0x52B4,0x4284,0x448A,0x44FA,0x0000},  /* U+96A0 */
  {0x0000,0x7A24,0x4928,0x4FAE,0x5070,0x51A8,0x4E26,0x4904,0x4984,0x4A7E,0x5EA4,0x41A4,0x417E,0x4104,0x4604,0x0000},  /* U+96A3 */
  {0x0000,0x0820,0x7EFC,0x0824,0x0824,0x77FE,0x0024,0x7EFC,0x0022,0x7E94,0x4C74,0x4A28,0x4AE4,0x8922,0x3860,0x0000},  /* U+96B7 */
  {0x0000,0x0880,0x1100,0x2FFC,0x2FF8,0x5100,0x1FF8,0x1100,0x1FFC,0x0000,0x7FF8,0x0C10,0x0220,0x03C0,0x7C3E,0x0000},  /* U+96BB */
  {0x0000,0x0880,0x1F7C,0x2080,0x2080,0x5FF8,0x1080,0x1FF8,0x1080,0x1FFE,0x0100,0x7FFE,0x0100,0x0100,0x0100,0x0000},  /* U+96BC */
  {0x0000,0x0110,0x0908,0x3114,0x4162,0x0680,0x0320,0x3FFE,0x4840,0x0FFC,0x0840,0x0FFC,0x0840,0x0840,0x0FFE,0x0000},  /* U+96C0 */
  {0x0000,0x3FFE,0x2288,0x2490,0x24FE,0x2910,0x2B10,0x34FC,0x2510,0x2510,0x25FC,0x4510,0x4510,0x45EE,0x0000,0x0000},  /* U+96C1 */
  {0x0000,0x1048,0x1048,0x7F88,0x10F6,0x1090,0x1590,0x14FE,0x2890,0x2890,0x2AFE,0x2A90,0x5390,0x7D90,0x80EE,0x0000},  /* U+96C4 */
  {0x0000,0x0048,0x7E48,0x2490,0x24FE,0x2590,0x2590,0x5EFE,0x0C90,0x0C90,0x14FE,0x2490,0x4490,0x04FE,0x1C80,0x0000},  /* U+96C5 */
  {0x0000,0x0880,0x1080,0x2FFC,0x2FF8,0x5080,0x1FF8,0x1080,0x1EFE,0x0100,0x7FFE,0x0340,0x0530,0x190C,0x6102,0x0000},  /* U+96C6 */
  {0x0000,0x7FFE,0x1FFC,0x2004,0x2004,0x3FF8,0x2440,0x2BFC,0x3840,0x2FFC,0x2840,0x4FFC,0x4840,0x4FBE,0x0000,0x0000},  /* U+96C7 */
  {0x0000,0x1224,0x1228,0x5248,0x53FE,0x5D48,0x52C8,0x527E,0x5248,0x5248,0x527E,0x52C8,0x5CC8,0x63FE,0x0040,0x0000},  /* U+96CC */
  {0x0000,0x1048,0x7848,0x14FE,0x1490,0x2590,0x4590,0x4AFE,0x0890,0x7E90,0x18FE,0x2C90,0x2B90,0x4890,0x08EE,0x0000},  /* U+96D1 */
  {0x0000,0x3024,0x3F28,0x537E,0x5348,0x3DC8,0x1148,0x767E,0x2048,0x3F48,0x4B7E,0x4B48,0x6F48,0x117E,0x6740,0x0000},  /* U+96DB */
  {0x0000,0x0824,0x7F28,0x0448,0x557E,0x4D48,0x52C8,0x3E7E,0x0848,0x7F48,0x517E,0x5548,0x7F48,0x437E,0x4340,0x0000},  /* U+96E2 */
  {0x0000,0x2448,0x7F48,0x2448,0x36BE,0x4988,0x4988,0x7E7E,0x0888,0x7E88,0x087E,0x7F88,0x0888,0x16FE,0x6180,0x0000},  /* U+96E3 */
  {0x0000,0x7FFE,0x0100,0x0100,0x3FFE,0x2102,0x3962,0x271A,0x2102,0x3962,0x2512,0x230A,0x2102,0x211C,0x0000,0x0000},  /* U+96E8 */
  {0x0000,0x3FFC,0x0100,0x7FFE,0x4102,0x5F7A,0x4102,0x1F78,0x0000,0x1FF8,0x0008,0x1FF8,0x0008,0x0008,0x1FF8,0x0000},  /* U+96EA */
  {0x0000,0x3FFC,0x0100,0x7FFE,0x4102,0x5F7A,0x4102,0x1F78,0x0000,0x7FFE,0x00C0,0x0130,0x0108,0x0104,0x0100,0x0000},  /* U+96EB */
  {0x0000,0x3FFC,0x0100,0x7FFE,0x4102,0x5F7A,0x1F78,0x0100,0x0420,0x1818,0x6FF6,0x0210,0x0210,0x0C10,0x70F0,0x0000},  /* U+96F0 */
  {0x0000,0x3FFC,0x0100,0x7FFE,0x4102,0x5F7A,0x4102,0x1F78,0x0000,0x1FF8,0x0000,0x7FFE,0x0420,0x0818,0x3FF4,0x0000},  /* U+96F2 */
  {0x0000,0x3FFC,0x0100,0x7FFE,0x4102,0x5F7A,0x1E78,0x03C0,0x0C30,0x37EC,0x4002,0x3FF8,0x0208,0x0208,0x0230,0x0000},  /* U+96F6 */
  {0x0000,0x3FFC,0x0100,0x7FFE,0x4102,0x5F7A,0x4102,0x1F78,0x0000,0x1FF8,0x2108,0x3FF8,0x2108,0x2108,0x1FF8,0x0000},  /* U+96F7 */
  {0x0000,0x3FFC,0x0100,0x7FFE,0x4102,0x5F7A,0x1F78,0x0100,0x1FF8,0x1104,0x1FF8,0x1104,0x1FFA,0x1102,0x00FE,0x0000},  /* U+96FB */
  {0x0000,0x3FFC,0x0100,0x7FFE,0x4102,0x5F7A,0x1F78,0x0100,0x7FFE,0x0100,0x3FFC,0x2244,0x2244,0x2244,0x224C,0x0000},  /* U+9700 */
  {0x0000,0x3FFC,0x0100,0x7FFE,0x4102,0x5F7A,0x1F78,0x0000,0x3FFC,0x2FF8,0x2000,0x3FFE,0x2448,0x4430,0x5FCE,0x0000},  /* U+9707 */
  {0x0000,0x3FFC,0x0100,0x7FFE,0x4102,0x5F7A,0x1F78,0x0100,0x1FF8,0x0000,0x3FFC,0x1248,0x1248,0x0A50,0x7FFE,0x0000},  /* U+970A */
  {0x0000,0x3FFC,0x0100,0x7FFE,0x5F7A,0x4102,0x1F78,0x0800,0x08FE,0x7F82,0x18FE,0x1C82,0x2BFE,0x4882,0x08FE,0x0000},  /* U+971C */
  {0x0000,0x7FF8,0x0200,0x7FF8,0x7EF4,0x4204,0x3EF0,0x7CF8,0x4208,0x7CF8,0x4000,0x7DF8,0x4090,0x7C60,0x439C,0x0000},  /* U+971E */
  {0x0000,0x3FFC,0x0100,0x7FFE,0x5F7A,0x4102,0x1F78,0x3E76,0x14C8,0x0D30,0x7B6C,0x1BA2,0x28FC,0x4844,0x199C,0x0000},  /* U+9727 */
  {0x0000,0x3FFC,0x0100,0x3FFC,0x5F7A,0x4102,0x1F78,0x3E7C,0x22C4,0x2338,0x1C30,0x2FFE,0x2884,0x2884,0x7E7C,0x0000},  /* U+9732 */
  {0x0000,0x0100,0x3FFC,0x0100,0x1FF8,0x0100,0x7EFE,0x0FF0,0x1008,0x1008,0x1FF8,0x1008,0x1FF8,0x1008,0x1038,0x0000},  /* U+9752 */
  {0x0000,0x1020,0x11FE,0x1020,0x6DFE,0x4420,0x27FE,0x2800,0x29FC,0x2904,0x29FC,0x1F04,0x61FC,0x0104,0x011C,0x0000},  /* U+9756 */
  {0x0000,0x0820,0x7F78,0x0848,0x7E90,0x087E,0x7712,0x1DFE,0x2212,0x3E12,0x22FE,0x3E12,0x2210,0x2210,0x2E70,0x0000},  /* U+9759 */
  {0x0000,0x0240,0x0240,0x7C3E,0x0240,0x0240,0x0240,0x3E7E,0x0440,0x0540,0x1E7E,0x6440,0x0840,0x0840,0x3040,0x0000},  /* U+975E */
  {0x0000,0x7FFE,0x0100,0x0100,0x3EFC,0x2424,0x2424,0x27E4,0x2424,0x2424,0x27E4,0x2424,0x2424,0x3BDC,0x0000,0x0000},  /* U+9762 */
  {0x0000,0x0410,0x7FFE,0x0410,0x0770,0x0080,0x1FF8,0x2084,0x2084,0x3FFC,0x0080,0x0080,0x7FFE,0x0080,0x0080,0x0000},  /* U+9769 */
  {0x0000,0x2200,0x7FFE,0x2222,0x3622,0x08A2,0x3F62,0x4922,0x4932,0x3F2A,0x0842,0x7F42,0x0882,0x0884,0x091C,0x0000},  /* U+976D */
  {0x0000,0x2250,0x7F50,0x2250,0x3692,0x0894,0x3F58,0x2A50,0x2A50,0x3E50,0x0850,0x7F50,0x0852,0x0852,0x085E,0x0000},  /* U+9774 */
  {0x0000,0x2440,0x7F40,0x24BE,0x3482,0x0972,0x7E8A,0x4A8A,0x4A8A,0x7EFA,0x0882,0x7F8C,0x0882,0x0882,0x08FE,0x0000},  /* U+9784 */
  {0x0000,0x2410,0x7E10,0x25EE,0x3522,0x0820,0x7E20,0x4BFE,0x4A44,0x7E44,0x0888,0x7FE8,0x0818,0x0824,0x09C2,0x0000},  /* U+978D */
  {0x0000,0x2410,0x7F54,0x2492,0x3512,0x08FE,0x7E82,0x4A82,0x4AFE,0x7E82,0x08FE,0x7F82,0x0882,0x0882,0x088E,0x0000},  /* U+9798 */
  {0x0000,0x2440,0x7E80,0x24FE,0x2D02,0x112A,0x7EAA,0x52B2,0x53FA,0x7E22,0x1072,0x7EAA,0x10AA,0x1122,0x102C,0x0000},  /* U+97A0 */
  {0x0000,0x28EE,0x7C90,0x2910,0x297E,0x1152,0x7F7E,0x5552,0x5552,0x7D3C,0x1150,0x7D50,0x1130,0x1138,0x11C6,0x0000},  /* U+97AD */
  {0x0000,0x0820,0x7EFC,0x0844,0x09FE,0x7600,0x42FE,0x7E82,0x42FC,0x7E10,0x08FC,0x7E90,0x09FE,0x0810,0x0810,0x0000},  /* U+97D3 */
  {0x0000,0x0420,0x7FFE,0x0420,0x0240,0x0240,0x3E7C,0x0240,0x3E7C,0x0240,0x0240,0x3E7C,0x0240,0x7FFE,0x0000,0x0000},  /* U+97EE */
  {0x0000,0x0100,0x3FFC,0x0810,0x0420,0x0420,0x7FFE,0x0000,0x1FF8,0x1008,0x1008,0x1FF8,0x1008,0x1008,0x1FF8,0x0000},  /* U+97F3 */
  {0x0000,0x08FC,0x7E82,0x2482,0x24FC,0x2400,0x7EFE,0x0082,0x3CFE,0x4282,0x42FE,0x3C82,0x427C,0x424C,0x7D82,0x0000},  /* U+97FB */
  {0x0000,0x13DE,0x6BD2,0x3254,0x27D2,0x7A52,0x17BE,0x2110,0x5FFC,0x0420,0x7BDE,0x1FF8,0x1FF8,0x1008,0x1FF8,0x0000},  /* U+97FF */
  {0x0000,0x7FFE,0x0100,0x1FF8,0x1004,0x1FFC,0x1004,0x1004,0x1FF8,0x1004,0x1FFC,0x0000,0x0C38,0x7006,0x0000,0x0000},  /* U+9801 */
  {0x0000,0x7DFE,0x1020,0x11FE,0x1102,0x11FE,0x1102,0x1102,0x11FE,0x1102,0x11FE,0x1000,0x108C,0x6702,0x0000,0x0000},  /* U+9802 */
  {0x0000,0x47BC,0x4040,0x4040,0x4BFC,0x7204,0x43FC,0x4204,0x4204,0x4BFC,0x4A04,0x7BFC,0x0000,0x0118,0x0E06,0x0000},  /* U+9803 */
  {0x0000,0xDFFC,0x2040,0x23FC,0x2204,0x23FC,0x2204,0x2204,0x27FC,0x3A04,0xC204,0x01F8,0x0118,0x0E06,0x0000,0x0000},  /* U+9805 */
  {0x0000,0x43EE,0x4A10,0x4A10,0x4AFE,0x4A82,0x4AFE,0x4A82,0x4A82,0x4AFE,0x4A82,0x4A82,0x4A7C,0x424C,0x4382,0x0000},  /* U+9806 */
  {0x0000,0x1FBC,0x2040,0xC040,0x03BC,0x0A04,0x13FC,0x2204,0xC204,0x03FC,0x0A04,0x13FC,0x2000,0x4118,0x8E06,0x0000},  /* U+9808 */
  {0x0000,0x7FFE,0x2420,0x18FE,0x0882,0x6CFE,0x1282,0x1282,0x14FE,0x1082,0x1082,0x107C,0x10CC,0x7302,0x0000,0x0000},  /* U+9810 */
  {0x0000,0x7FFE,0x0020,0x00FE,0x5A82,0x24FE,0x2482,0x2482,0x24FE,0x2482,0x2702,0x4CFC,0x40CC,0x0302,0x0000,0x0000},  /* U+9811 */
  {0x0000,0x14EE,0x2410,0x2220,0x22FE,0x4282,0x7FFE,0x1282,0x1282,0x12FE,0x1282,0x2282,0x227C,0x5C4C,0x4382,0x0000},  /* U+9812 */
  {0x0000,0x21DC,0x1C20,0xE040,0x21FC,0xA504,0xA5FC,0xA504,0xA504,0xFDFC,0xA504,0x2104,0x24F8,0x1C98,0x0306,0x0000},  /* U+9813 */
  {0x0000,0x08EE,0x0810,0x7F10,0x49EE,0x4A82,0x7DFE,0x4282,0x5282,0x4AFE,0x4482,0x44FE,0x4A00,0x516C,0x6182,0x0000},  /* U+9817 */
  {0x0000,0x19DE,0x1420,0x2220,0x7CFE,0x8082,0x00FE,0x7E82,0x1282,0x12FE,0x1282,0x1282,0x1E7C,0x10CC,0x1302,0x0000},  /* U+9818 */
  {0x0000,0x7EFE,0x2420,0x14FE,0x1882,0x26FE,0xC982,0x0882,0x7EFE,0x0882,0x0882,0x0A7C,0x7C4C,0x0382,0x0000,0x0000},  /* U+981A */
  {0x0000,0x08EE,0x0810,0x7E20,0x08FE,0x2A82,0x2CFE,0x2C82,0x7E82,0x08FE,0x0882,0x1482,0x127C,0x204C,0x4382,0x0000},  /* U+982C */
  {0x0000,0x7EFE,0x0020,0x7EFE,0x4282,0x42FE,0x7E82,0x0082,0x24FE,0x2482,0x2482,0x067C,0x784C,0x0382,0x0000,0x0000},  /* U+982D */
  {0x0000,0x85DC,0xB820,0xC040,0x83BC,0x7D04,0x01FC,0x7D04,0x0104,0xEFFC,0x1104,0x55FC,0x9200,0x9098,0x7306,0x0000},  /* U+9834 */
  {0x0000,0x08EE,0x2810,0x2F10,0x28FE,0x2882,0x5FFE,0x2A82,0x2982,0x497E,0x4A82,0x1282,0x047C,0x086C,0x7182,0x0000},  /* U+983B */
  {0x0000,0x09EE,0x7E10,0x0820,0x08FC,0x7E82,0x4AFE,0x4A82,0x7E82,0x18FC,0x1482,0x2A82,0x487C,0x484C,0x0982,0x0000},  /* U+983C */
  {0x0000,0x3EEE,0x2210,0x3E7C,0x2282,0x3E82,0x00FE,0x7782,0x08FE,0x2882,0x2F7C,0x284C,0x3882,0x4D00,0x43FE,0x0000},  /* U+984C */
  {0x0000,0x08EE,0x7E10,0x5120,0x18FE,0x2482,0x54FE,0x4882,0x1482,0x23FE,0xFE82,0x22FE,0x2200,0x3E4C,0x2182,0x0000},  /* U+984D */
  {0x0000,0xFDFC,0xB440,0xFDFC,0x0104,0xFDFC,0x0104,0xFF04,0x41FC,0x7D04,0x4504,0x04F8,0x0498,0x3B06,0x0000,0x0000},  /* U+984E */
  {0x0000,0x08EE,0x5D10,0x2210,0x22FE,0x1482,0x6BFE,0x4682,0x7882,0x427E,0x4C82,0x5182,0x427C,0x4C6C,0xB182,0x0000},  /* U+9854 */
  {0x0000,0xFDFC,0x8440,0xFDFC,0x8504,0xD5FC,0x2904,0x2B04,0xADFC,0xAD04,0x49FC,0x2E00,0xF098,0x0306,0x0000,0x0000},  /* U+9855 */
  {0x0000,0x7FFE,0x4410,0x5F7E,0x5142,0x5F7E,0x5142,0x5142,0x5F7E,0x4442,0x5542,0x553C,0x6464,0x4C82,0x0000,0x0000},  /* U+9858 */
  {0x0000,0x08EE,0x7F10,0x0810,0x3EFE,0x2182,0x3FFE,0x2182,0x3F82,0x3F7E,0x0082,0x7F82,0x107C,0x226C,0x4182,0x0000},  /* U+985B */
  {0x0000,0x95DC,0x5420,0xFE40,0x11FC,0x3904,0x57FC,0x9104,0x1104,0x11FC,0xFF04,0x11FC,0x2800,0x4498,0x8306,0x0000},  /* U+985E */
  {0x0000,0x7F7E,0x3F10,0x416E,0x4142,0x7E7E,0x5442,0x5F42,0x547E,0x7F42,0x547E,0x5F00,0x5F24,0x50C2,0x0000,0x0000},  /* U+9867 */
  {0x0000,0x3FF8,0x20F8,0x2F08,0x2104,0x27E4,0x2924,0x2924,0x2924,0x27C4,0x2124,0x2116,0x5FF6,0x400E,0x0000,0x0000},  /* U+98A8 */
  {0x0000,0x3FE2,0x0014,0x0D18,0x3114,0x5112,0x110A,0x7FE6,0x1112,0x1114,0x1118,0x1114,0x2112,0x210A,0x4106,0x0000},  /* U+98DB */
  {0x0000,0x0180,0x0240,0x0520,0x1918,0x2FF6,0x5008,0x0FF0,0x1008,0x1008,0x1FFC,0x1090,0x1060,0x1030,0x3F8E,0x0000},  /* U+98DF */
  {0x0000,0x1C78,0x1284,0x2984,0xC884,0x3684,0x2284,0x3E84,0x2284,0x3E84,0x2084,0x2484,0x2E86,0x7106,0x0306,0x0000},  /* U+98E2 */
  {0x0000,0x1C7E,0x1280,0x2A80,0x4880,0xB680,0x22FE,0x3EC2,0x22C4,0x3EA4,0x20A8,0x2518,0x2518,0x7B24,0x02C2,0x0000},  /* U+98EF */
  {0x0000,0x1C40,0x1240,0x2AEC,0x4892,0xB692,0x2314,0x3F14,0x2210,0x3E10,0x2430,0x2428,0x2448,0x7A84,0x0102,0x0000},  /* U+98F2 */
  {0x0000,0x1820,0x2420,0x3E48,0xC044,0x3E42,0x23FE,0x3E02,0x2200,0x3EFE,0x2082,0x3E82,0x2082,0x3EFE,0x2082,0x0000},  /* U+98F4 */
  {0x0000,0x1CFC,0x1202,0x2A02,0x48FA,0xB602,0x22F2,0x3E92,0x2292,0x3E92,0x20F2,0x2482,0x2402,0x7A02,0x001E,0x0000},  /* U+98FC */
  {0x0000,0x1C40,0x1240,0x2ABE,0x4882,0xB7F2,0x2212,0x3E12,0x2212,0x3EE2,0x208C,0x2480,0x2482,0x7A82,0x00FE,0x0000},  /* U+98FD */
  {0x0000,0x1840,0x1480,0x2AFE,0x4890,0xB710,0x22FE,0x3E92,0x2292,0x3C92,0x2892,0x2492,0x2496,0x7A10,0x0010,0x0000},  /* U+98FE */
  {0x0000,0x1884,0x2444,0x3E48,0xC1FE,0x3C48,0x2248,0x3C48,0x23FE,0x3C48,0x2048,0x3C48,0x2088,0x3E88,0x2108,0x0000},  /* U+9905 */
  {0x0000,0x0810,0x3EFC,0x0100,0x1FF8,0x0100,0x7FFE,0x0910,0x1FF8,0x6816,0x0FF0,0x0F70,0x088C,0x0870,0x3F9E,0x0000},  /* U+990A */
  {0x0000,0x1800,0x25FE,0x3E84,0xC084,0x3EFC,0x2284,0x3E84,0x22FC,0x3E84,0x2084,0x3E86,0x21FC,0x3E04,0x2004,0x0000},  /* U+990C */
  {0x0000,0x077C,0x0804,0x1F68,0x7210,0x0C6C,0x1B82,0x67F0,0x380C,0x4FFA,0x0FF0,0x0808,0x0FFC,0x08F0,0x3F1E,0x0000},  /* U+9910 */
  {0x0000,0x18F4,0x2554,0x3252,0xD050,0x2DF6,0x2448,0x3C4A,0x244A,0x3CEC,0x2B4C,0x2448,0x244A,0x7A56,0x01E6,0x0000},  /* U+9913 */
  {0x0000,0x1810,0x15FE,0x2B02,0x4902,0xB6FC,0x2284,0x3E84,0x22FC,0x3C80,0x20FE,0x2482,0x2482,0x7AFE,0x0082,0x0000},  /* U+9928 */
  {0x0000,0x119E,0x6A52,0x33D4,0x2412,0x7BD2,0x0BDE,0x33D0,0x4FF8,0x7FF6,0x0FF0,0x0810,0x0FFC,0x0870,0x3F8E,0x0000},  /* U+9957 */
  {0x0000,0x0810,0x0420,0x7BDE,0x0100,0x1FF8,0x1008,0x1008,0x1FF8,0x1008,0x1008,0x1FF8,0x1008,0x1FF8,0x1008,0x0000},  /* U+9996 */
  {0x0000,0x00F8,0x3F00,0x0100,0x7FFE,0x0340,0x0520,0x0918,0x3004,0x5FFA,0x1008,0x1FF8,0x1008,0x1008,0x1FF8,0x0000},  /* U+9999 */
  {0x0000,0x7F78,0x084A,0x368C,0x3F74,0x2928,0x3F78,0x40F6,0x5F00,0x7FFE,0x0540,0x3FFC,0x500A,0x1FF8,0x0FF8,0x0000},  /* U+99A8 */
  {0x0000,0x1FFC,0x1080,0x1FF8,0x1080,0x1080,0x1FF8,0x1080,0x1FDC,0x0022,0x2492,0x2492,0x2482,0x401C,0x0000,0x0000},  /* U+99AC */
  {0x0000,0x3E10,0x4890,0x4890,0x7E96,0x48BA,0x3ED2,0x4992,0x4892,0x3692,0x4E9C,0x6E80,0x5A82,0x6282,0x0E7E,0x0000},  /* U+99B3 */
  {0x0000,0x3E82,0x4892,0x4892,0x7E92,0x4892,0x3E92,0x4892,0x4892,0x3692,0x5692,0x6E92,0x5A92,0x6302,0x0F02,0x0000},  /* U+99B4 */
  {0x0000,0x3F04,0x48C8,0x4830,0x7E2C,0x4842,0x3F80,0x4844,0x7E44,0x0128,0x4D28,0x5B10,0x5930,0x5148,0x0F86,0x0000},  /* U+99C1 */
  {0x0000,0x3E10,0x4810,0x4810,0x7E10,0x48FE,0x3E10,0x4830,0x4828,0x3628,0x4E28,0x6E68,0x5A54,0x628C,0x0F02,0x0000},  /* U+99C4 */
  {0x0000,0x3E7E,0x4882,0x4882,0x7E82,0x4882,0x3E82,0x48FC,0x7E90,0x0190,0x4E88,0x6A88,0x5A84,0x6304,0x0F02,0x0000},  /* U+99C5 */
  {0x0000,0x3EFE,0x4880,0x4884,0x7EC4,0x48A4,0x3E98,0x4888,0x7E98,0x0194,0x4EA2,0x6AA2,0x5AC0,0x62FE,0x0E80,0x0000},  /* U+99C6 */
  {0x0000,0x3E1C,0x4860,0x4880,0x7E80,0x4880,0x3E7E,0x4888,0x7E88,0x0188,0x4D88,0x6A88,0x5A88,0x6288,0x0FFE,0x0000},  /* U+99C8 */
  {0x0000,0x3E60,0x4818,0x48EE,0x7E10,0x4810,0x3E10,0x4810,0x7EFE,0x0110,0x4E10,0x6A10,0x5A10,0x6210,0x0FFE,0x0000},  /* U+99D0 */
  {0x0000,0x3E40,0x4840,0x48FE,0x7E82,0x4902,0x3EF2,0x488A,0x7C8A,0x028A,0x56FA,0x6A82,0x5A82,0x6202,0x0E1C,0x0000},  /* U+99D2 */
  {0x0000,0x083C,0x7F42,0x1142,0x117E,0x6600,0x1FF8,0x1080,0x1FF8,0x1FF8,0x1080,0x1FFE,0x2522,0x2494,0x449C,0x0000},  /* U+99D5 */
  {0x0000,0x3E40,0x484C,0x48B6,0x7F4A,0x484A,0x3E8A,0x4924,0x7C78,0x0244,0x56C4,0x6B28,0x5A10,0x6268,0x0F86,0x0000},  /* U+99FF */
  {0x0000,0x3E10,0x48FE,0x4810,0x7C28,0x48C4,0x3D02,0x49FE,0x4804,0x36F4,0x5694,0x6E94,0x6AE4,0x6284,0x0E1C,0x0000},  /* U+9A0E */
  {0x0000,0x3EFC,0x4884,0x4848,0x7E30,0x4878,0x3F96,0x4810,0x7CFE,0x0292,0x5692,0x6E7C,0x5A14,0x6212,0x0FEE,0x0000},  /* U+9A12 */
  {0x0000,0x7C60,0x9090,0x9088,0xFF06,0x90F8,0x7C20,0x93FC,0xFA24,0x0624,0xADFC,0xD460,0xB450,0xC488,0x1F04,0x0000},  /* U+9A13 */
  {0x0000,0x3EA2,0x4892,0x4894,0x7EFE,0x4912,0x3FFE,0x4912,0x7D12,0x02FE,0x5610,0x6BFE,0x5A10,0x6210,0x0E10,0x0000},  /* U+9A28 */
  {0x0000,0x3948,0x2948,0x2BFC,0x2890,0x3FEE,0x2904,0x2FFA,0x29FC,0x3920,0x49FC,0x49FE,0x4932,0x4AAA,0x5A8C,0x0000},  /* U+9A30 */
  {0x0000,0x7FA0,0x127E,0x2DA4,0x7D18,0x3D38,0x03C6,0x1FF8,0x1FF8,0x1100,0x1FF8,0x1100,0x0EFE,0x2592,0x449C,0x0000},  /* U+9A5A */
  {0x0000,0x0FF0,0x1008,0x11F0,0x1108,0x3FFC,0x4002,0x4FF2,0x0808,0x0FF8,0x0808,0x0808,0x0FF8,0x0808,0x0870,0x0000},  /* U+9AA8 */
  {0x0000,0x3C20,0x2220,0x2DFE,0x2A20,0x3E44,0x4188,0x5D50,0x2222,0x3E44,0x2284,0x3F08,0x2238,0x2244,0x2F82,0x0000},  /* U+9AB8 */
  {0x0000,0x7820,0x4ABC,0x5940,0x6940,0x787C,0x85C4,0xB47C,0x4B44,0x797C,0x4944,0x7944,0x495C,0x4B80,0x5C7E,0x0000},  /* U+9AC4 */
  {0x0000,0x0100,0x7FFE,0x0000,0x0FF0,0x0808,0x0FF8,0x0000,0x3FFC,0x2004,0x27E4,0x2424,0x2424,0x27C4,0x201C,0x0000},  /* U+9AD8 */
  {0x0000,0x1F0C,0x3F70,0x2006,0x3F18,0x7FE0,0x1206,0x7FF8,0x0400,0x7FFE,0x0400,0x0FF8,0x1230,0x31C0,0x4F3E,0x0000},  /* U+9AEA */
  {0x0000,0x3F0C,0x3F70,0x2006,0x3F18,0x7FE2,0x120C,0x7F30,0x0840,0x0842,0x2F5C,0x2860,0x2842,0x2B82,0x747E,0x0000},  /* U+9AED */
  {0x0000,0x0100,0x1FF8,0x2104,0x2104,0x1FF8,0x2104,0x2104,0x1FF8,0x0450,0x0450,0x0454,0x087C,0x1042,0x607E,0x0000},  /* U+9B3C */
  {0x0000,0x0804,0x7F24,0x4914,0x4904,0x7F44,0x4934,0x4904,0x7F0E,0x1674,0x1684,0x2784,0x2446,0x2402,0x47FE,0x0000},  /* U+9B41 */
  {0x0000,0x0020,0x7DFE,0x0122,0x0122,0x01FE,0x7F22,0x2122,0x29FE,0x2494,0x2498,0x7A9A,0x011E,0x0212,0x0C1E,0x0000},  /* U+9B42 */
  {0x0000,0x0810,0x7E10,0x497E,0x4910,0x7E10,0x49FE,0x4918,0x3E38,0x1A54,0x2B52,0x2B92,0x2C90,0x4802,0x47FE,0x0000},  /* U+9B45 */
  {0x0000,0x0080,0x3FFE,0x2208,0x3DFE,0x2B2C,0x32CA,0x2778,0x2884,0x2FFC,0x2884,0x4FFC,0x4254,0x447E,0x787E,0x0000},  /* U+9B54 */
  {0x0000,0x0400,0x0BC0,0x1040,0x1FF8,0x7104,0x1104,0x1FF8,0x1104,0x1104,0x1FFC,0x0008,0x1244,0x2242,0x4222,0x0000},  /* U+9B5A */
  {0x0000,0x0400,0x0BC0,0x3EF0,0x5108,0x1FF8,0x1108,0x1FF8,0x244C,0x2242,0x5FFA,0x1008,0x1FF8,0x1008,0x1FF8,0x0000},  /* U+9B6F */
  {0x0000,0x1010,0x1C10,0x2410,0x7C1E,0x4A10,0x2A10,0x3E10,0x2AFE,0x2A82,0x3E82,0x0282,0x3582,0x5582,0x40FE,0x0000},  /* U+9B8E */
  {0x0000,0x1044,0x3C44,0x2884,0x48BE,0x7E84,0x4B84,0x3EA4,0x4A94,0x4A94,0x3C94,0x0484,0x5A84,0x5684,0x509C,0x0000},  /* U+9B92 */
  {0x0000,0x1020,0x1C20,0x25FE,0x7C40,0x4A40,0x2ABE,0x3E82,0x2B7E,0x2A42,0x3E42,0x027C,0x3642,0x5542,0x404E,0x0000},  /* U+9BAA */
  {0x0000,0x1010,0x1C10,0x25FE,0x7C48,0x4A44,0x2A82,0x3F46,0x2A48,0x2A48,0x3E30,0x0210,0x3630,0x5548,0x4186,0x0000},  /* U+9BAB */
  {0x0000,0x1010,0x1C10,0x24FE,0x7C10,0x4A10,0x2AFE,0x3E00,0x2A10,0x2A10,0x3EFE,0x0210,0x3510,0x5410,0x41FE,0x0000},  /* U+9BAD */
  {0x0000,0x1044,0x1C44,0x24EE,0x7E10,0x4910,0x2910,0x3EFE,0x2910,0x2910,0x3EFE,0x0210,0x3510,0x5510,0x4010,0x0000},  /* U+9BAE */
  {0x0000,0x106C,0x1C92,0x2492,0x7C92,0x4AFE,0x2A92,0x3E92,0x2A7C,0x2A10,0x3EFE,0x0210,0x3610,0x5510,0x41FE,0x0000},  /* U+9BC9 */
  {0x0000,0x1010,0x1CFE,0x2410,0x7CFE,0x4A10,0x2BEE,0x3E00,0x2AFE,0x2A92,0x3EFE,0x0282,0x3682,0x5582,0x408E,0x0000},  /* U+9BD6 */
  {0x0000,0x10FE,0x1C92,0x2492,0x7CFA,0x4A92,0x2AFE,0x3E82,0x2AB2,0x2ACA,0x3ECA,0x034A,0x3772,0x5542,0x420E,0x0000},  /* U+9BDB */
  {0x0000,0x1010,0x1C10,0x25EE,0x7C00,0x4AFC,0x2A82,0x3E82,0x2AEE,0x2A10,0x3E94,0x0294,0x3692,0x5512,0x4070,0x0000},  /* U+9BE8 */
  {0x0000,0x1020,0x1C48,0x245E,0x7DA2,0x4A20,0x2BFE,0x3E48,0x2A94,0x2B6A,0x3E90,0x0226,0x36CC,0x5530,0x41C0,0x0000},  /* U+9BF5 */
  {0x0000,0x2068,0x3B88,0x2888,0x689A,0x55EA,0x549A,0x3CAC,0x54C8,0x55A8,0x3E88,0x0694,0x5C94,0x5A92,0x60A2,0x0000},  /* U+9C0D */
  {0x0000,0x11CE,0x3D32,0x2532,0x49FE,0x7E00,0x4AFC,0x3E00,0x4BFE,0x4A40,0x3E7C,0x0A84,0x3604,0x5504,0x5038,0x0000},  /* U+9C10 */
  {0x0000,0x1022,0x1DFC,0x2428,0x7DFE,0x4A20,0x2AFC,0x3F42,0x2A7E,0x2A00,0x3EFE,0x0282,0x36FE,0x5582,0x40FE,0x0000},  /* U+9C2D */
  {0x0000,0x21DE,0x3822,0x2822,0x69CE,0x5510,0x5510,0x3DFE,0x54A6,0x552A,0x3E56,0x04AA,0x5D32,0x5A42,0x61CE,0x0000},  /* U+9C2F */
  {0x0000,0x20AE,0x3952,0x29D2,0x692A,0x552C,0x55C4,0x3D4C,0x55F2,0x5420,0x3C20,0x05FC,0x5C20,0x5A20,0x63FE,0x0000},  /* U+9C39 */
  {0x0000,0x10FC,0x1C84,0x24FC,0x7C84,0x4A78,0x2BFE,0x3F4A,0x2BFE,0x2A00,0x3FFC,0x0244,0x3628,0x5530,0x41CE,0x0000},  /* U+9C3B */
  {0x0000,0x10EE,0x1C10,0x25FE,0x7D12,0x4BDE,0x2A10,0x3EDC,0x2A10,0x2AFC,0x3E04,0x02FC,0x3604,0x5504,0x40FC,0x0000},  /* U+9C48 */
  {0x0000,0x1038,0x1C84,0x257A,0x7E30,0x4BFE,0x2B5E,0x3F82,0x2B7E,0x2BF6,0x3E08,0x03FE,0x3688,0x5548,0x4038,0x0000},  /* U+9C52 */
  {0x0000,0x20A4,0x3CA4,0x29EE,0x7C30,0x4A6C,0x4BA2,0x3C84,0x4ACE,0x4B34,0x3D54,0x04D4,0x5A6E,0x5684,0x4104,0x0000},  /* U+9C57 */
  {0x0000,0x0100,0x1FF8,0x1008,0x1FF8,0x1008,0x1FF8,0x1000,0x1FFE,0x1000,0x1FFE,0x0022,0x2522,0x2494,0x441C,0x0000},  /* U+9CE5 */
  {0x0000,0x2020,0x20FC,0x2104,0x7CFC,0x2504,0x24FC,0x2500,0x25FE,0x27FC,0x2602,0x27AA,0x4156,0x4252,0x021E,0x0000},  /* U+9CE9 */
  {0x0000,0x3FFC,0x2FF4,0x2104,0x2EE4,0x27E4,0x2824,0x2FC4,0x27F4,0x2804,0x27F4,0x2D56,0x5356,0x5062,0x0000,0x0000},  /* U+9CF3 */
  {0x0000,0x0020,0x79FC,0x4504,0x45FC,0x4504,0x45FC,0x4500,0x45FE,0x45FC,0x7802,0x42DA,0x02AA,0x04A2,0x041E,0x0000},  /* U+9CF4 */
  {0x0000,0x00B8,0x7DFE,0x0240,0x0222,0x1DDE,0x1FF0,0x1010,0x1FF0,0x1000,0x1FFE,0x1FFC,0x0124,0x2494,0x441C,0x0000},  /* U+9CF6 */
  {0x0000,0x4020,0x4CFC,0x3084,0x42FC,0x4284,0x3CFC,0x1080,0x10FE,0x10FC,0x7E02,0x115A,0x1156,0x1152,0x121C,0x0000},  /* U+9D07 */
  {0x0000,0x0020,0x7EFC,0x4284,0x44FC,0x5484,0x4CFC,0x4480,0x4CFE,0x4AFC,0x5002,0x60DA,0x7F56,0x4152,0x011C,0x0000},  /* U+9D0E */
  {0x0000,0x1E7C,0x1144,0x725C,0x0C42,0x197C,0x6FF8,0x1FF8,0x1008,0x0FF8,0x0FFE,0x1000,0x0FFC,0x24B4,0x649C,0x0000},  /* U+9D1B */
  {0x0000,0x0020,0x7EFC,0x5304,0x52FC,0x7F04,0x52FC,0x5300,0x53FE,0x7FFC,0x5002,0x116E,0x1156,0x1252,0x121E,0x0000},  /* U+9D28 */
  {0x0000,0x0020,0x7EFC,0x5304,0x52FC,0x5304,0x7CFC,0x5300,0x53FE,0x53FC,0x5202,0x7DAA,0x4156,0x0252,0x021C,0x0000},  /* U+9D2B */
  {0x0000,0x1108,0x0890,0x3FFE,0x4102,0x4FF2,0x0FF8,0x0808,0x0FF0,0x0800,0x0FFE,0x0FFC,0x2524,0x2494,0x441C,0x0000},  /* U+9D2C */
  {0x0000,0x6010,0x10FC,0x0F84,0x02FC,0x4284,0x32FC,0x0280,0x02FE,0x02FC,0x1302,0x2CDA,0x2156,0x4152,0x421C,0x0000},  /* U+9D3B */
  {0x0000,0x2210,0x24FC,0x7E84,0x09FC,0x0984,0x7EFC,0x4880,0x7EFE,0x49FC,0x1902,0x29DA,0x4ED6,0x4952,0x090E,0x0000},  /* U+9D5C */
  {0x0000,0x2820,0x28FC,0x3E84,0x48FC,0x0884,0x7EFC,0x0880,0x08FE,0x76FC,0x4202,0x42AA,0x4354,0x7F52,0x411C,0x0000},  /* U+9D60 */
  {0x0000,0x0610,0x3D7C,0x0582,0x7F7C,0x1482,0x147C,0x5480,0x5CFE,0x54FC,0x5402,0x53B6,0x5DAA,0x73A2,0x009E,0x0000},  /* U+9D61 */
  {0x0000,0x2210,0x557C,0x5542,0x557C,0x3742,0x557C,0x5540,0x557E,0x377C,0x5502,0x5576,0x55AA,0x55AA,0x7B8E,0x0000},  /* U+9D6C */
  {0x0000,0x3F10,0x40FC,0x5184,0x4AFC,0x2A84,0x08FC,0x7E80,0x08FE,0x08F4,0x7F0A,0x08D6,0x14D6,0x2332,0x410E,0x0000},  /* U+9D8F */
  {0x0000,0x0810,0x2EFC,0x5184,0x55FC,0x3684,0x48FC,0xC880,0x3EFE,0x28F4,0x3E0A,0x28D6,0x28D6,0x3F52,0x211E,0x0000},  /* U+9DB4 */
  {0x0000,0x7F1C,0x1EFE,0x2110,0x3E30,0x2A32,0x5BDE,0x1FF8,0x1FF8,0x1008,0x1FF0,0x1FFE,0x1FFC,0x2524,0x649C,0x0000},  /* U+9DF2 */
  {0x0000,0x0080,0x3FFE,0x25FC,0x2BFC,0x3520,0x29FC,0x28DE,0x2FF8,0x2FF8,0x2FF8,0x4FFE,0x4B5C,0x54A2,0x529C,0x0000},  /* U+9DF9 */
  {0x0000,0x3E7C,0x43A8,0x3C38,0x2FFE,0x2844,0x777C,0x1FF8,0x1FF8,0x1008,0x1FF0,0x1FFE,0x1FFC,0x2524,0x649C,0x0000},  /* U+9DFA */
  {0x0000,0x0810,0x0F28,0x0844,0x7E82,0x517C,0x4E10,0x66FE,0x5E92,0x6A92,0x56FE,0x6E10,0x4A28,0x7E4C,0x4182,0x0000},  /* U+9E78 */
  {0x0000,0x0080,0x3FFE,0x2220,0x2220,0x3FFE,0x2222,0x2222,0x3FFE,0x2840,0x284C,0x2FF0,0x4840,0x48C2,0x5F7E,0x0000},  /* U+9E7F */
  {0x0000,0x6FDE,0x1830,0x2EDC,0x4912,0x1DBE,0x2240,0x3FFC,0x2244,0x37FC,0x2840,0x2FDC,0x4860,0x4842,0x5FBE,0x0000},  /* U+9E93 */
  {0x0000,0x7F7E,0x0000,0x3E7E,0x2A52,0x22C2,0x3FFE,0x2220,0x3FFE,0x2222,0x3DDC,0x284C,0x4F70,0x4842,0x7FFE,0x0000},  /* U+9E97 */
  {0x0000,0x0892,0x3F54,0x54D6,0x5438,0x7F54,0x5592,0x5544,0x6AC4,0x54BE,0x5EB4,0x5554,0x545E,0x5D84,0x6384,0x0000},  /* U+9E9F */
  {0x0000,0x0100,0x3FFC,0x0100,0x1FFC,0x0100,0x7DFE,0x0200,0x0400,0x0BF8,0x3410,0x4260,0x0180,0x0660,0x781E,0x0000},  /* U+9EA6 */
  {0x0000,0x0840,0x7EFC,0x0882,0x7F22,0x08AA,0x7EAA,0x11FE,0x1E22,0x2272,0x54AA,0x5522,0x0822,0x160C,0x61FE,0x0000},  /* U+9EB9 */
  {0x0000,0x08EE,0x7E10,0x0820,0x7EFE,0x08AA,0x7FBA,0x10AA,0x1EAA,0x22BA,0x54AA,0x54AA,0x08D6,0x1600,0x61FE,0x0000},  /* U+9EBA */
  {0x0000,0x0080,0x1FFE,0x2000,0x2410,0x2410,0x3FFE,0x2418,0x2628,0x4D34,0x4CD4,0x5452,0x6492,0x4410,0x8410,0x0000},  /* U+9EBB */
  {0x0000,0x0080,0x3FFE,0x2208,0x3FFE,0x2D2C,0x32CA,0x27F8,0x2804,0x2804,0x27F8,0x47FC,0x4802,0x4802,0x4FFC,0x0000},  /* U+9EBF */
  {0x0000,0x0420,0x3FFC,0x0420,0x0420,0x7BDE,0x0100,0x1FF8,0x1108,0x1FF8,0x1108,0x1FF8,0x0000,0x0C30,0x700E,0x0000},  /* U+9EC4 */
  {0x0000,0x00F8,0x3F00,0x0100,0x7FFE,0x0760,0x1918,0x61C6,0x0620,0x1898,0x6896,0x04A0,0x02C0,0x1CB8,0x2384,0x0000},  /* U+9ECD */
  {0x0000,0x1FF8,0x2104,0x2104,0x3FFC,0x2104,0x3FFC,0x0100,0x3FFC,0x0100,0x0100,0x7FFE,0x1448,0x2244,0x4222,0x0000},  /* U+9ED2 */
  {0x0000,0x3F1C,0x4912,0x7F12,0x49FE,0x4910,0x3E10,0x0810,0x7F28,0x0844,0x7F82,0x0008,0x1244,0x2242,0x4222,0x0000},  /* U+9ED9 */
  {0x0000,0x08B8,0x17FE,0x7042,0x1032,0x1EFC,0x2104,0x1FF8,0x2104,0x1FF8,0x3FFC,0x0100,0x7FFE,0x1244,0x6242,0x0000},  /* U+9EDB */
  {0x0000,0x07E0,0x2824,0x27E4,0x2824,0x27E4,0x2824,0x27C4,0x3C7C,0x0240,0x5E7A,0x2244,0x2244,0x2244,0x4244,0x0000},  /* U+9F0E */
  {0x0000,0x0810,0x7F10,0x08FE,0x0810,0x7710,0x3C10,0x42EE,0x4242,0x7E44,0x0228,0x2410,0x1410,0x1F6C,0x6182,0x0000},  /* U+9F13 */
  {0x0000,0x1E78,0x2004,0x2004,0x3E7C,0x2004,0x1FFC,0x0000,0x1948,0x1728,0x1908,0x1568,0x1528,0x1D7A,0x6386,0x0000},  /* U+9F20 */
  {0x0000,0x0100,0x1EF8,0x1FF8,0x1008,0x1FF8,0x1FF8,0x3FFC,0x2104,0x3FFC,0x3FFC,0x0420,0x7FFE,0x0820,0x7020,0x0000},  /* U+9F3B */
  {0x0000,0x0810,0x2728,0x2824,0x2842,0x57BE,0x4900,0x5B00,0x7F7E,0x4912,0x4D12,0x5B12,0x691C,0x7F10,0x4110,0x0000},  /* U+9F62 */
  {0x0000,0x0840,0x7F7E,0x2240,0x227C,0x7F02,0x0002,0x1C7C,0x227C,0x3E40,0x227C,0x3E40,0x227C,0x2242,0x267E,0x0000},  /* U+9F8D */
};

#endif
